_MEMBER_hits,_LogP_hits,GO,Description,_PATTERN_,_RANK_,GiniIndex
1,-2.4,GO:0098978,glutamatergic synapse,M1,1,0
1,-2.1,GO:0046716,muscle cell cellular homeostasis,M1,1,0
1,-2.3,GO:0002768,immune response-regulating cell surface receptor signaling pathway,M1,1,0
1,-2.2,GO:0016125,sterol metabolic process,M1,1,0
1,-2.1,hsa04530,Tight junction,M1,1,0
1,-2.8,GO:0071260,cellular response to mechanical stimulus,M1,1,0
1,-2.2,GO:0008217,regulation of blood pressure,M1,1,0
1,-2.8,GO:0005912,adherens junction,M1,1,0
1,-2.4,GO:0007044,cell-substrate junction assembly,M1,1,0
1,-3.4,GO:0098857,membrane microdomain,M1,1,0
1,-4.3,GO:0098662,inorganic cation transmembrane transport,M1,1,0
1,-3.3,hsa04022,cGMP-PKG signaling pathway,M1,1,0
1,-3,GO:0042063,gliogenesis,M1,1,0
1,-2.2,GO:0030018,Z disc,M1,1,0
1,-2.4,GO:0055086,nucleobase-containing small molecule metabolic process,M1,1,0
1,-2.5,GO:0016358,dendrite development,M1,1,0
1,-7.6,GO:0019646,aerobic electron transport chain,M1,1,0
1,-2.7,GO:0001569,branching involved in blood vessel morphogenesis,M1,1,0
1,-3.7,GO:0050790,regulation of catalytic activity,M1,1,0
1,-2.2,GO:0003208,cardiac ventricle morphogenesis,M1,1,0
1,-3,GO:0002758,innate immune response-activating signaling pathway,M1,1,0
1,-2.8,GO:0008366,axon ensheathment,M1,1,0
1,-2.2,GO:0009898,cytoplasmic side of plasma membrane,M1,1,0
1,-3.8,GO:0060205,cytoplasmic vesicle lumen,M1,1,0
1,-3,GO:0034340,response to type I interferon,M1,1,0
1,-2,GO:0035924,cellular response to vascular endothelial growth factor stimulus,M1,1,0
1,-5,GO:0007043,cell-cell junction assembly,M1,1,0
1,-2.9,GO:0046578,regulation of Ras protein signal transduction,M1,1,0
1,-2.4,hsa04621,NOD-like receptor signaling pathway,M1,1,0
1,-3.4,GO:0001916,positive regulation of T cell mediated cytotoxicity,M1,1,0
1,-3.7,GO:0009206,purine ribonucleoside triphosphate biosynthetic process,M1,1,0
1,-2.2,GO:0043085,positive regulation of catalytic activity,M1,1,0
1,-5.5,GO:1903900,regulation of viral life cycle,M1,1,0
1,-4.1,GO:0007596,blood coagulation,M1,1,0
1,-9.4,hsa04820,Cytoskeleton in muscle cells,M1,1,0
1,-4.3,GO:1901293,nucleoside phosphate biosynthetic process,M1,1,0
1,-3.3,GO:0006754,ATP biosynthetic process,M1,1,0
1,-3.1,GO:0008625,extrinsic apoptotic signaling pathway via death domain receptors,M1,1,0
1,-2,GO:0016567,protein ubiquitination,M1,1,0
1,-3.7,GO:1901342,regulation of vasculature development,M1,1,0
1,-2.8,GO:0071345,cellular response to cytokine stimulus,M1,1,0
1,-5.1,hsa04510,Focal adhesion,M1,1,0
1,-3.4,GO:0014032,neural crest cell development,M1,1,0
1,-3.3,GO:2001236,regulation of extrinsic apoptotic signaling pathway,M1,1,0
1,-2.6,GO:0009199,ribonucleoside triphosphate metabolic process,M1,1,0
1,-2.2,GO:0047496,vesicle transport along microtubule,M1,1,0
1,-3.5,GO:0043534,blood vessel endothelial cell migration,M1,1,0
1,-2.3,GO:0071397,cellular response to cholesterol,M1,1,0
1,-3.2,GO:0043547,positive regulation of GTPase activity,M1,1,0
1,-2.2,GO:0060395,SMAD protein signal transduction,M1,1,0
1,-2.2,GO:0009124,nucleoside monophosphate biosynthetic process,M1,1,0
1,-2.2,GO:0042168,heme metabolic process,M1,1,0
1,-5,GO:0005925,focal adhesion,M1,1,0
1,-4,GO:0048667,cell morphogenesis involved in neuron differentiation,M1,1,0
1,-2.4,GO:0010718,positive regulation of epithelial to mesenchymal transition,M1,1,0
1,-4.6,GO:0001667,ameboidal-type cell migration,M1,1,0
1,-2.2,GO:2000738,positive regulation of stem cell differentiation,M1,1,0
1,-4.9,GO:0001725,stress fiber,M1,1,0
1,-2.2,GO:0032982,myosin filament,M1,1,0
1,-2.3,GO:0007409,axonogenesis,M1,1,0
1,-2.7,GO:0009205,purine ribonucleoside triphosphate metabolic process,M1,1,0
1,-2.4,GO:0001654,eye development,M1,1,0
1,-4.2,GO:0040011,locomotion,M1,1,0
1,-2.1,GO:0030001,metal ion transport,M1,1,0
1,-2.7,GO:0097485,neuron projection guidance,M1,1,0
1,-2.3,GO:0150063,visual system development,M1,1,0
1,-2.4,GO:0097190,apoptotic signaling pathway,M1,1,0
1,-3.4,GO:0045785,positive regulation of cell adhesion,M1,1,0
1,-6.4,GO:0015980,energy derivation by oxidation of organic compounds,M1,1,0
1,-7.1,hsa05014,Amyotrophic lateral sclerosis,M1,1,0
1,-2.6,GO:0009144,purine nucleoside triphosphate metabolic process,M1,1,0
1,-3.5,GO:0021510,spinal cord development,M1,1,0
1,-2.2,GO:0046597,host-mediated suppression of symbiont invasion,M1,1,0
1,-4.2,GO:1902105,regulation of leukocyte differentiation,M1,1,0
1,-2.7,GO:0048871,multicellular organismal-level homeostasis,M1,1,0
1,-3.1,GO:0005884,actin filament,M1,1,0
1,-2.8,GO:1904018,positive regulation of vasculature development,M1,1,0
1,-2.2,GO:0001912,positive regulation of leukocyte mediated cytotoxicity,M1,1,0
1,-3,GO:0001501,skeletal system development,M1,1,0
1,-2.5,GO:0036314,response to sterol,M1,1,0
1,-2.5,GO:0045335,phagocytic vesicle,M1,1,0
1,-3.5,GO:0045089,positive regulation of innate immune response,M1,1,0
1,-2.3,GO:0002429,immune response-activating cell surface receptor signaling pathway,M1,1,0
1,-3.4,GO:0031349,positive regulation of defense response,M1,1,0
1,-2.7,GO:0002753,cytoplasmic pattern recognition receptor signaling pathway,M1,1,0
1,-3.2,GO:0048598,embryonic morphogenesis,M1,1,0
1,-6.1,hsa05010,Alzheimer disease,M1,1,0
1,-2.1,GO:0042383,sarcolemma,M1,1,0
1,-3.3,GO:0007160,cell-matrix adhesion,M1,1,0
1,-2.2,GO:0048844,artery morphogenesis,M1,1,0
1,-3.2,GO:0060249,anatomical structure homeostasis,M1,1,0
1,-3,GO:0030135,coated vesicle,M1,1,0
1,-5.8,GO:0007369,gastrulation,M1,1,0
1,-5.6,GO:0031589,cell-substrate adhesion,M1,1,0
1,-6.6,GO:0005765,lysosomal membrane,M1,1,0
1,-2,GO:0001558,regulation of cell growth,M1,1,0
1,-2,GO:0043235,receptor complex,M1,1,0
1,-2,GO:0045621,positive regulation of lymphocyte differentiation,M1,1,0
1,-2.5,GO:0050770,regulation of axonogenesis,M1,1,0
1,-2.1,GO:0010721,negative regulation of cell development,M1,1,0
1,-2.4,GO:0032446,protein modification by small protein conjugation,M1,1,0
1,-3,GO:0044297,cell body,M1,1,0
1,-3.8,GO:1903706,regulation of hemopoiesis,M1,1,0
1,-2.7,hsa04922,Glucagon signaling pathway,M1,1,0
1,-3.4,GO:0060337,type I interferon-mediated signaling pathway,M1,1,0
1,-2.2,GO:0031669,cellular response to nutrient levels,M1,1,0
1,-6.8,GO:0015629,actin cytoskeleton,M1,1,0
1,-2.7,GO:0046461,neutral lipid catabolic process,M1,1,0
1,-4.8,hsa04514,Cell adhesion molecules,M1,1,0
1,-3.6,GO:0006164,purine nucleotide biosynthetic process,M1,1,0
1,-2.2,GO:0070820,tertiary granule,M1,1,0
1,-2.5,GO:0051345,positive regulation of hydrolase activity,M1,1,0
1,-2.4,GO:1905244,regulation of modification of synaptic structure,M1,1,0
1,-2,GO:0071470,cellular response to osmotic stress,M1,1,0
1,-2.2,GO:0010812,negative regulation of cell-substrate adhesion,M1,1,0
1,-2.9,GO:0070830,bicellular tight junction assembly,M1,1,0
1,-3.5,GO:0036462,TRAIL-activated apoptotic signaling pathway,M1,1,0
1,-3.8,GO:0002757,immune response-activating signaling pathway,M1,1,0
1,-2.1,GO:0030175,filopodium,M1,1,0
1,-2.3,GO:0045582,positive regulation of T cell differentiation,M1,1,0
1,-2.3,GO:0072012,glomerulus vasculature development,M1,1,0
1,-2.2,GO:0044403,biological process involved in symbiotic interaction,M1,1,0
1,-6.8,GO:0030036,actin cytoskeleton organization,M1,1,0
1,-5.1,GO:0007585,respiratory gaseous exchange by respiratory system,M1,1,0
1,-2.8,hsa04918,Thyroid hormone synthesis,M1,1,0
1,-3.5,GO:1902742,apoptotic process involved in development,M1,1,0
1,-7,GO:2000147,positive regulation of cell motility,M1,1,0
1,-3.2,GO:0031094,platelet dense tubular network,M1,1,0
1,-4.1,GO:0009615,response to virus,M1,1,0
1,-2.3,GO:0150115,cell-substrate junction organization,M1,1,0
1,-8.2,GO:0031966,mitochondrial membrane,M1,1,0
1,-4.5,GO:0032956,regulation of actin cytoskeleton organization,M1,1,0
1,-2.2,GO:0042594,response to starvation,M1,1,0
1,-2.6,GO:0120192,tight junction assembly,M1,1,0
1,-6.3,GO:0045333,cellular respiration,M1,1,0
1,-3.4,GO:0030667,secretory granule membrane,M1,1,0
1,-2.8,GO:0030512,negative regulation of transforming growth factor beta receptor signaling pathway,M1,1,0
1,-3.2,GO:0016486,peptide hormone processing,M1,1,0
1,-4.1,GO:0070613,regulation of protein processing,M1,1,0
1,-2.8,GO:0002221,pattern recognition receptor signaling pathway,M1,1,0
1,-2.4,GO:0097447,dendritic tree,M1,1,0
1,-3.9,GO:0060033,anatomical structure regression,M1,1,0
1,-3.7,GO:0097435,supramolecular fiber organization,M1,1,0
1,-3.6,GO:0048525,negative regulation of viral process,M1,1,0
1,-2.4,GO:0030900,forebrain development,M1,1,0
1,-4.9,GO:0030055,cell-substrate junction,M1,1,0
1,-6.1,GO:0030864,cortical actin cytoskeleton,M1,1,0
1,-2.1,GO:0046635,positive regulation of alpha-beta T cell activation,M1,1,0
1,-2.1,GO:0007610,behavior,M1,1,0
1,-2.1,GO:0051604,protein maturation,M1,1,0
1,-11,GO:0001944,vasculature development,M1,1,0
1,-2.3,GO:0031093,platelet alpha granule lumen,M1,1,0
1,-2.9,hsa04611,Platelet activation,M1,1,0
1,-3.2,GO:0002831,regulation of response to biotic stimulus,M1,1,0
1,-4.2,GO:0010008,endosome membrane,M1,1,0
1,-2.3,GO:0015693,magnesium ion transport,M1,1,0
1,-3.6,hsa05168,Herpes simplex virus 1 infection,M1,1,0
1,-5.9,GO:0003151,outflow tract morphogenesis,M1,1,0
1,-7.3,hsa05020,Prion disease,M1,1,0
1,-2.8,GO:0001886,endothelial cell morphogenesis,M1,1,0
1,-2.1,GO:0030027,lamellipodium,M1,1,0
1,-3.7,GO:0032103,positive regulation of response to external stimulus,M1,1,0
1,-5.7,hsa05022,Pathways of neurodegeneration - multiple diseases,M1,1,0
1,-8,GO:0006119,oxidative phosphorylation,M1,1,0
1,-2.9,GO:2001233,regulation of apoptotic signaling pathway,M1,1,0
1,-2.2,GO:0061440,kidney vasculature development,M1,1,0
1,-3.9,GO:0009897,external side of plasma membrane,M1,1,0
1,-3.1,GO:1990266,neutrophil migration,M1,1,0
1,-3.2,GO:0003012,muscle system process,M1,1,0
1,-5.7,GO:0000902,cell morphogenesis,M1,1,0
1,-3.8,GO:0050878,regulation of body fluid levels,M1,1,0
1,-2.1,GO:0046339,diacylglycerol metabolic process,M1,1,0
1,-2.5,hsa05170,Human immunodeficiency virus 1 infection,M1,1,0
1,-2.3,GO:0098858,actin-based cell projection,M1,1,0
1,-2.4,GO:0002683,negative regulation of immune system process,M1,1,0
1,-3.1,hsa04723,Retrograde endocannabinoid signaling,M1,1,0
1,-3.9,GO:0007599,hemostasis,M1,1,0
1,-2.4,GO:0030425,dendrite,M1,1,0
1,-2,GO:0009123,nucleoside monophosphate metabolic process,M1,1,0
1,-2.4,hsa05166,Human T-cell leukemia virus 1 infection,M1,1,0
1,-2.9,GO:0001726,ruffle,M1,1,0
1,-2.6,GO:0055038,recycling endosome membrane,M1,1,0
1,-3.2,hsa04512,ECM-receptor interaction,M1,1,0
1,-4.9,hsa05165,Human papillomavirus infection,M1,1,0
1,-2.7,hsa05414,Dilated cardiomyopathy,M1,1,0
1,-2.9,GO:0016528,sarcoplasm,M1,1,0
1,-2.2,GO:1902107,positive regulation of leukocyte differentiation,M1,1,0
1,-2.1,GO:0019882,antigen processing and presentation,M1,1,0
1,-3,GO:0009259,ribonucleotide metabolic process,M1,1,0
1,-2.1,GO:0031343,positive regulation of cell killing,M1,1,0
1,-3.6,GO:0008361,regulation of cell size,M1,1,0
1,-2.3,GO:0104004,cellular response to environmental stimulus,M1,1,0
1,-2.4,GO:2001185,"regulation of CD8-positive, alpha-beta T cell activation",M1,1,0
1,-2.5,GO:0048644,muscle organ morphogenesis,M1,1,0
1,-2.6,GO:0098798,mitochondrial protein-containing complex,M1,1,0
1,-5.5,GO:0034329,cell junction assembly,M1,1,0
1,-2.3,hsa04970,Salivary secretion,M1,1,0
1,-2.6,GO:0051924,regulation of calcium ion transport,M1,1,0
1,-3.2,hsa05164,Influenza A,M1,1,0
1,-2.7,GO:0034394,protein localization to cell surface,M1,1,0
1,-3.8,GO:0031983,vesicle lumen,M1,1,0
1,-3.1,GO:0098562,cytoplasmic side of membrane,M1,1,0
1,-2,GO:0062009,secondary palate development,M1,1,0
1,-4.1,GO:0043542,endothelial cell migration,M1,1,0
1,-3,GO:0048812,neuron projection morphogenesis,M1,1,0
1,-4.6,GO:0005742,mitochondrial outer membrane translocase complex,M1,1,0
1,-2,GO:0022604,regulation of cell morphogenesis,M1,1,0
1,-2.7,GO:0001932,regulation of protein phosphorylation,M1,1,0
1,-2.6,GO:0098636,protein complex involved in cell adhesion,M1,1,0
1,-2.7,GO:0007420,brain development,M1,1,0
1,-2.4,GO:0031091,platelet alpha granule,M1,1,0
1,-3.1,GO:0002218,activation of innate immune response,M1,1,0
1,-2.3,GO:0008306,associative learning,M1,1,0
1,-2.9,GO:0030964,NADH dehydrogenase complex,M1,1,0
1,-4.5,GO:0031012,extracellular matrix,M1,1,0
1,-2.3,hsa04810,Regulation of actin cytoskeleton,M1,1,0
1,-3.4,GO:0045121,membrane raft,M1,1,0
1,-4,GO:0009611,response to wounding,M1,1,0
1,-2.3,GO:0001974,blood vessel remodeling,M1,1,0
1,-4.2,GO:0098660,inorganic ion transmembrane transport,M1,1,0
1,-3.8,GO:0080171,lytic vacuole organization,M1,1,0
1,-7.1,hsa00190,Oxidative phosphorylation,M1,1,0
1,-2.3,GO:1900119,positive regulation of execution phase of apoptosis,M1,1,0
1,-3.2,hsa05130,Pathogenic Escherichia coli infection,M1,1,0
1,-3.3,hsa04371,Apelin signaling pathway,M1,1,0
1,-2.9,GO:0045271,respiratory chain complex I,M1,1,0
1,-2.1,GO:0051282,regulation of sequestering of calcium ion,M1,1,0
1,-4.7,hsa05016,Huntington disease,M1,1,0
1,-2.2,GO:0006909,phagocytosis,M1,1,0
1,-3.2,GO:0042776,proton motive force-driven mitochondrial ATP synthesis,M1,1,0
1,-4.3,GO:0001706,endoderm formation,M1,1,0
1,-2.8,GO:2001256,regulation of store-operated calcium entry,M1,1,0
1,-3.3,GO:0071357,cellular response to type I interferon,M1,1,0
1,-2.3,GO:0045619,regulation of lymphocyte differentiation,M1,1,0
1,-2.9,GO:0015986,proton motive force-driven ATP synthesis,M1,1,0
1,-5.2,GO:0098609,cell-cell adhesion,M1,1,0
1,-2.5,GO:0017156,calcium-ion regulated exocytosis,M1,1,0
1,-2,GO:0002695,negative regulation of leukocyte activation,M1,1,0
1,-2.6,GO:0045862,positive regulation of proteolysis,M1,1,0
1,-2.9,GO:0098742,cell-cell adhesion via plasma-membrane adhesion molecules,M1,1,0
1,-2.8,GO:0048863,stem cell differentiation,M1,1,0
1,-3.3,GO:0002573,myeloid leukocyte differentiation,M1,1,0
1,-5.4,GO:0048729,tissue morphogenesis,M1,1,0
1,-5.2,GO:0006091,generation of precursor metabolites and energy,M1,1,0
1,-2.1,GO:0006120,"mitochondrial electron transport, NADH to ubiquinone",M1,1,0
1,-2.9,GO:0001914,regulation of T cell mediated cytotoxicity,M1,1,0
1,-2.8,GO:0090382,phagosome maturation,M1,1,0
1,-4.2,GO:0098655,monoatomic cation transmembrane transport,M1,1,0
1,-3.6,GO:0031175,neuron projection development,M1,1,0
1,-2.9,GO:0019693,ribose phosphate metabolic process,M1,1,0
1,-3.1,GO:0060021,roof of mouth development,M1,1,0
1,-4.1,GO:0002484,antigen processing and presentation of endogenous peptide antigen via MHC class I via ER pathway,M1,1,0
1,-3.2,GO:0033622,integrin activation,M1,1,0
1,-3,GO:0072521,purine-containing compound metabolic process,M1,1,0
1,-3.4,GO:0090497,mesenchymal cell migration,M1,1,0
1,-8,hsa05415,Diabetic cardiomyopathy,M1,1,0
1,-2.8,GO:0061387,regulation of extent of cell growth,M1,1,0
1,-5.6,GO:0030863,cortical cytoskeleton,M1,1,0
1,-12,GO:0001568,blood vessel development,M1,1,0
1,-3.6,GO:0048762,mesenchymal cell differentiation,M1,1,0
1,-2.9,GO:0007162,negative regulation of cell adhesion,M1,1,0
1,-3.2,GO:1901329,regulation of odontoblast differentiation,M1,1,0
1,-2.5,GO:0098754,detoxification,M1,1,0
1,-2.4,GO:0035904,aorta development,M1,1,0
1,-4.6,hsa05208,Chemical carcinogenesis - reactive oxygen species,M1,1,0
1,-2.1,hsa04137,Mitophagy - animal,M1,1,0
1,-2.1,GO:0048332,mesoderm morphogenesis,M1,1,0
1,-2.4,GO:0010001,glial cell differentiation,M1,1,0
1,-3,GO:0005938,cell cortex,M1,1,0
1,-2.8,GO:0048471,perinuclear region of cytoplasm,M1,1,0
1,-3.5,GO:0009201,ribonucleoside triphosphate biosynthetic process,M1,1,0
1,-5.5,GO:0003007,heart morphogenesis,M1,1,0
1,-3.9,GO:0098797,plasma membrane protein complex,M1,1,0
1,-2.5,hsa04911,Insulin secretion,M1,1,0
1,-3.4,GO:0060561,apoptotic process involved in morphogenesis,M1,1,0
1,-3.6,GO:0051056,regulation of small GTPase mediated signal transduction,M1,1,0
1,-4.6,GO:0097191,extrinsic apoptotic signaling pathway,M1,1,0
1,-2.5,GO:0055037,recycling endosome,M1,1,0
1,-3.5,GO:0062043,positive regulation of cardiac epithelial to mesenchymal transition,M1,1,0
1,-3.7,GO:0110053,regulation of actin filament organization,M1,1,0
1,-2.6,GO:0045178,basal part of cell,M1,1,0
1,-2.1,GO:0005793,endoplasmic reticulum-Golgi intermediate compartment,M1,1,0
1,-2,GO:0002224,toll-like receptor signaling pathway,M1,1,0
1,-3.2,GO:0001894,tissue homeostasis,M1,1,0
1,-2.3,GO:1903115,regulation of actin filament-based movement,M1,1,0
1,-4.5,GO:0098799,outer mitochondrial membrane protein complex,M1,1,0
1,-2.3,GO:0007389,pattern specification process,M1,1,0
1,-2,GO:0002709,regulation of T cell mediated immunity,M1,1,0
1,-4,GO:0007492,endoderm development,M1,1,0
1,-3.1,GO:0019221,cytokine-mediated signaling pathway,M1,1,0
1,-7.1,GO:0032970,regulation of actin filament-based process,M1,1,0
1,-6.9,GO:1990351,transporter complex,M1,1,0
1,-4.6,GO:0042330,taxis,M1,1,0
1,-2.3,GO:0032153,cell division site,M1,1,0
1,-3.5,hsa04020,Calcium signaling pathway,M1,1,0
1,-2.1,GO:1905314,semi-lunar valve development,M1,1,0
1,-2.6,GO:0003018,vascular process in circulatory system,M1,1,0
1,-2.5,GO:0043010,camera-type eye development,M1,1,0
1,-3,GO:0140448,signaling receptor ligand precursor processing,M1,1,0
1,-2.3,GO:0005922,connexin complex,M1,1,0
1,-2.2,GO:0006897,endocytosis,M1,1,0
1,-3.8,GO:0019883,antigen processing and presentation of endogenous antigen,M1,1,0
1,-7,GO:0035239,tube morphogenesis,M1,1,0
1,-2.6,GO:0060841,venous blood vessel development,M1,1,0
1,-2.5,GO:0032835,glomerulus development,M1,1,0
1,-2.5,GO:0048771,tissue remodeling,M1,1,0
1,-3.9,GO:0034774,secretory granule lumen,M1,1,0
1,-6.3,GO:1902495,transmembrane transporter complex,M1,1,0
1,-4.6,GO:0005764,lysosome,M1,1,0
1,-4.6,GO:0046390,ribose phosphate biosynthetic process,M1,1,0
1,-2,hsa04144,Endocytosis,M1,1,0
1,-3.1,GO:0050919,negative chemotaxis,M1,1,0
1,-2.4,GO:0005758,mitochondrial intermembrane space,M1,1,0
1,-6.5,GO:0070069,cytochrome complex,M1,1,0
1,-2.4,GO:0001845,phagolysosome assembly,M1,1,0
1,-4.7,GO:0044853,plasma membrane raft,M1,1,0
1,-2.3,GO:0038084,vascular endothelial growth factor signaling pathway,M1,1,0
1,-2.2,GO:0002521,leukocyte differentiation,M1,1,0
1,-2.5,GO:0042445,hormone metabolic process,M1,1,0
1,-4.5,GO:0002475,antigen processing and presentation via MHC class Ib,M1,1,0
1,-7.4,GO:0042773,ATP synthesis coupled electron transport,M1,1,0
1,-2.4,GO:0098657,import into cell,M1,1,0
1,-3.1,GO:0007006,mitochondrial membrane organization,M1,1,0
1,-3.6,GO:0021515,cell differentiation in spinal cord,M1,1,0
1,-2.2,hsa04070,Phosphatidylinositol signaling system,M1,1,0
1,-2.9,GO:0097237,cellular response to toxic substance,M1,1,0
1,-3.7,GO:0031901,early endosome membrane,M1,1,0
1,-2,GO:0051098,regulation of binding,M1,1,0
1,-2.2,GO:0003176,aortic valve development,M1,1,0
1,-2.5,GO:0061564,axon development,M1,1,0
1,-2.6,GO:0006753,nucleoside phosphate metabolic process,M1,1,0
1,-2.7,GO:0006816,calcium ion transport,M1,1,0
1,-2,GO:0110020,regulation of actomyosin structure organization,M1,1,0
1,-2,GO:0060415,muscle tissue morphogenesis,M1,1,0
1,-8,GO:0005743,mitochondrial inner membrane,M1,1,0
1,-3.6,GO:0003016,respiratory system process,M1,1,0
1,-3,GO:0071526,semaphorin-plexin signaling pathway,M1,1,0
1,-4.2,GO:0042060,wound healing,M1,1,0
1,-4.5,GO:0030312,external encapsulating structure,M1,1,0
1,-3,GO:0030097,hemopoiesis,M1,1,0
1,-2.8,GO:0045637,regulation of myeloid cell differentiation,M1,1,0
1,-2.8,GO:0007272,ensheathment of neurons,M1,1,0
1,-2.2,GO:0061437,renal system vasculature development,M1,1,0
1,-2.4,GO:0002507,tolerance induction,M1,1,0
1,-2,GO:0003181,atrioventricular valve morphogenesis,M1,1,0
1,-2.5,GO:0009636,response to toxic substance,M1,1,0
1,-4,hsa04210,Apoptosis,M1,1,0
1,-2,GO:0050890,cognition,M1,1,0
1,-6.8,GO:0040017,positive regulation of locomotion,M1,1,0
1,-2.2,GO:0030336,negative regulation of cell migration,M1,1,0
1,-4.1,hsa04270,Vascular smooth muscle contraction,M1,1,0
1,-3.4,GO:0097529,myeloid leukocyte migration,M1,1,0
1,-4.1,GO:0006935,chemotaxis,M1,1,0
1,-2.5,GO:0001895,retina homeostasis,M1,1,0
1,-6.2,GO:0022900,electron transport chain,M1,1,0
1,-2.4,GO:0050884,neuromuscular process controlling posture,M1,1,0
1,-2.3,GO:0045580,regulation of T cell differentiation,M1,1,0
1,-4.6,GO:0050792,regulation of viral process,M1,1,0
1,-6.4,GO:0005774,vacuolar membrane,M1,1,0
1,-6.7,hsa04260,Cardiac muscle contraction,M1,1,0
1,-5.9,GO:0034330,cell junction organization,M1,1,0
1,-2.8,GO:0005921,gap junction,M1,1,0
1,-2.9,GO:0001401,SAM complex,M1,1,0
1,-2.2,GO:0045668,negative regulation of osteoblast differentiation,M1,1,0
1,-2.1,GO:0006892,post-Golgi vesicle-mediated transport,M1,1,0
1,-3.4,GO:0002761,regulation of myeloid leukocyte differentiation,M1,1,0
1,-5.8,GO:0006123,"mitochondrial electron transport, cytochrome c to oxygen",M1,1,0
1,-8.1,GO:0098803,respiratory chain complex,M1,1,0
1,-2.2,GO:0006509,membrane protein ectodomain proteolysis,M1,1,0
1,-2.1,GO:0051101,regulation of DNA binding,M1,1,0
1,-2.7,GO:0032354,response to follicle-stimulating hormone,M1,1,0
1,-4.1,GO:0050900,leukocyte migration,M1,1,0
1,-3.4,GO:0010811,positive regulation of cell-substrate adhesion,M1,1,0
1,-3,GO:0042325,regulation of phosphorylation,M1,1,0
1,-2.8,GO:0070723,response to cholesterol,M1,1,0
1,-3.7,GO:0009145,purine nucleoside triphosphate biosynthetic process,M1,1,0
1,-2.8,GO:0009150,purine ribonucleotide metabolic process,M1,1,0
1,-4.5,GO:0032432,actin filament bundle,M1,1,0
1,-2.3,GO:1901137,carbohydrate derivative biosynthetic process,M1,1,0
1,-2.1,GO:0003148,outflow tract septum morphogenesis,M1,1,0
1,-4.8,GO:0045216,cell-cell junction organization,M1,1,0
1,-5.1,GO:0005901,caveola,M1,1,0
1,-6.8,hsa05012,Parkinson disease,M1,1,0
1,-2.1,GO:0001819,positive regulation of cytokine production,M1,1,0
1,-3.2,GO:0042611,MHC protein complex,M1,1,0
1,-4.2,GO:0002486,"antigen processing and presentation of endogenous peptide antigen via MHC class I via ER pathway, TAP-independent",M1,1,0
1,-2.1,GO:0001503,ossification,M1,1,0
1,-3.1,GO:0062042,regulation of cardiac epithelial to mesenchymal transition,M1,1,0
1,-2.8,hsa05163,Human cytomegalovirus infection,M1,1,0
1,-2,GO:0051047,positive regulation of secretion,M1,1,0
1,-5.5,GO:0045277,respiratory chain complex IV,M1,1,0
1,-4.5,GO:0010810,regulation of cell-substrate adhesion,M1,1,0
1,-2.2,GO:0003206,cardiac chamber morphogenesis,M1,1,0
1,-6.6,GO:0022904,respiratory electron transport chain,M1,1,0
1,-3.3,GO:0002009,morphogenesis of an epithelium,M1,1,0
1,-4.1,GO:0007015,actin filament organization,M1,1,0
1,-2.3,GO:0051336,regulation of hydrolase activity,M1,1,0
1,-4.9,GO:0097517,contractile actin filament bundle,M1,1,0
1,-2.2,GO:0048002,antigen processing and presentation of peptide antigen,M1,1,0
1,-2.6,GO:0043297,apical junction assembly,M1,1,0
1,-4.6,GO:0019885,antigen processing and presentation of endogenous peptide antigen via MHC class I,M1,1,0
1,-2.4,GO:0001763,morphogenesis of a branching structure,M1,1,0
1,-2.8,GO:0042074,cell migration involved in gastrulation,M1,1,0
1,-2.4,GO:0008202,steroid metabolic process,M1,1,0
1,-2.2,GO:1903708,positive regulation of hemopoiesis,M1,1,0
1,-2.1,GO:0035024,negative regulation of Rho protein signal transduction,M1,1,0
1,-3.7,GO:0030134,COPII-coated ER to Golgi transport vesicle,M1,1,0
1,-2.2,GO:0001707,mesoderm formation,M1,1,0
1,-2.9,GO:0007229,integrin-mediated signaling pathway,M1,1,0
1,-2.7,GO:0032154,cleavage furrow,M1,1,0
1,-3.5,GO:0002474,antigen processing and presentation of peptide antigen via MHC class I,M1,1,0
1,-2.3,GO:0071214,cellular response to abiotic stimulus,M1,1,0
1,-4.4,GO:0002483,antigen processing and presentation of endogenous peptide antigen,M1,1,0
1,-2.8,GO:0007033,vacuole organization,M1,1,0
1,-4.5,GO:0090407,organophosphate biosynthetic process,M1,1,0
1,-2.1,GO:0021517,ventral spinal cord development,M1,1,0
1,-6.2,GO:0090066,regulation of anatomical structure size,M1,1,0
1,-2.1,GO:0002711,positive regulation of T cell mediated immunity,M1,1,0
1,-2.2,GO:0051492,regulation of stress fiber assembly,M1,1,0
1,-3.2,GO:0008360,regulation of cell shape,M1,1,0
1,-2.7,GO:0060840,artery development,M1,1,0
1,-2.7,GO:0060348,bone development,M1,1,0
1,-2.1,GO:0043209,myelin sheath,M1,1,0
1,-3.9,GO:0002764,immune response-regulating signaling pathway,M1,1,0
1,-4,GO:0098576,lumenal side of membrane,M1,1,0
1,-2.6,GO:0048010,vascular endothelial growth factor receptor signaling pathway,M1,1,0
1,-2.8,GO:0140888,interferon-mediated signaling pathway,M1,1,0
1,-2,GO:0060411,cardiac septum morphogenesis,M1,1,0
1,-2.5,GO:0120193,tight junction organization,M1,1,0
1,-3.8,GO:0007040,lysosome organization,M1,1,0
1,-2.4,GO:0003180,aortic valve morphogenesis,M1,1,0
1,-2.3,GO:0035455,response to interferon-alpha,M1,1,0
1,-3.5,GO:1902600,proton transmembrane transport,M1,1,0
1,-4.7,GO:0008015,blood circulation,M1,1,0
1,-3.1,GO:0050778,positive regulation of immune response,M1,1,0
1,-3,GO:0051058,negative regulation of small GTPase mediated signal transduction,M1,1,0
1,-4,GO:0009142,nucleoside triphosphate biosynthetic process,M1,1,0
1,-10,GO:0048514,blood vessel morphogenesis,M1,1,0
1,-2.6,GO:1902903,regulation of supramolecular fiber organization,M1,1,0
1,-4.3,GO:0031252,cell leading edge,M1,1,0
1,-4,GO:0060485,mesenchyme development,M1,1,0
1,-2.9,GO:2000146,negative regulation of cell motility,M1,1,0
1,-2.9,GO:0140275,MIB complex,M1,1,0
1,-6.4,GO:0030335,positive regulation of cell migration,M1,1,0
1,-3.1,GO:0045494,photoreceptor cell maintenance,M1,1,0
1,-2.9,GO:0048858,cell projection morphogenesis,M1,1,0
1,-2.2,hsa05410,Hypertrophic cardiomyopathy,M1,1,0
1,-6,GO:0005911,cell-cell junction,M1,1,0
1,-3.9,GO:0002428,antigen processing and presentation of peptide antigen via MHC class Ib,M1,1,0
1,-2.5,GO:0072384,organelle transport along microtubule,M1,1,0
1,-5.9,GO:0003013,circulatory system process,M1,1,0
1,-3.9,GO:0051493,regulation of cytoskeleton organization,M1,1,0
1,-6.2,GO:0007507,heart development,M1,1,0
1,-4.8,GO:0009260,ribonucleotide biosynthetic process,M1,1,0
1,-2.7,GO:0051174,regulation of phosphorus metabolic process,M1,1,0
1,-3.3,GO:0002347,response to tumor cell,M1,1,0
1,-5.5,GO:0032535,regulation of cellular component size,M1,1,0
1,-4.6,GO:0042641,actomyosin,M1,1,0
1,-3.3,GO:0045088,regulation of innate immune response,M1,1,0
1,-2.6,GO:0046034,ATP metabolic process,M1,1,0
1,-3.5,GO:0002833,positive regulation of response to biotic stimulus,M1,1,0
1,-8.6,GO:0000139,Golgi membrane,M1,1,0
1,-2.7,GO:0071496,cellular response to external stimulus,M1,1,0
1,-6,GO:0043065,positive regulation of apoptotic process,M1,1,0
1,-4,GO:0045446,endothelial cell differentiation,M1,1,0
1,-3,GO:0120039,plasma membrane bounded cell projection morphogenesis,M1,1,0
1,-2.5,GO:0120035,regulation of plasma membrane bounded cell projection organization,M1,1,0
1,-2.3,GO:0042552,myelination,M1,1,0
1,-4.5,GO:0009152,purine ribonucleotide biosynthetic process,M1,1,0
1,-3.2,GO:0010720,positive regulation of cell development,M1,1,0
1,-2.6,GO:0006939,smooth muscle contraction,M1,1,0
1,-3.3,GO:0048864,stem cell development,M1,1,0
1,-2.3,GO:0072376,protein activation cascade,M1,1,0
1,-2.7,GO:0046464,acylglycerol catabolic process,M1,1,0
1,-4.7,GO:0098553,lumenal side of endoplasmic reticulum membrane,M1,1,0
1,-2.3,GO:0002040,sprouting angiogenesis,M1,1,0
1,-2.9,hsa04925,Aldosterone synthesis and secretion,M1,1,0
1,-2.2,GO:0031970,organelle envelope lumen,M1,1,0
1,-2.3,GO:0048880,sensory system development,M1,1,0
1,-2.6,GO:0006936,muscle contraction,M1,1,0
1,-2.8,GO:0043218,compact myelin,M1,1,0
1,-2.8,GO:0007005,mitochondrion organization,M1,1,0
1,-5.7,GO:0043068,positive regulation of programmed cell death,M1,1,0
1,-2.7,GO:0040013,negative regulation of locomotion,M1,1,0
1,-3.5,GO:0031095,platelet dense tubular network membrane,M1,1,0
1,-2.7,GO:0019220,regulation of phosphate metabolic process,M1,1,0
1,-2.1,GO:0030099,myeloid cell differentiation,M1,1,0
1,-2.1,GO:0090101,negative regulation of transmembrane receptor protein serine/threonine kinase signaling pathway,M1,1,0
1,-3.9,GO:1903317,regulation of protein maturation,M1,1,0
1,-2.8,GO:0030851,granulocyte differentiation,M1,1,0
1,-2.4,GO:0012507,ER to Golgi transport vesicle membrane,M1,1,0
1,-4.6,GO:0000323,lytic vacuole,M1,1,0
1,-7.4,GO:0042775,mitochondrial ATP synthesis coupled electron transport,M1,1,0
1,-2.1,GO:0009792,embryo development ending in birth or egg hatching,M1,1,0
1,-2.2,GO:1905709,negative regulation of membrane permeability,M1,1,0
1,-4.1,GO:0009165,nucleotide biosynthetic process,M1,1,0
1,-2.4,GO:0045596,negative regulation of cell differentiation,M1,1,0
1,-3.4,GO:0045069,regulation of viral genome replication,M1,1,0
1,-2.5,GO:0043025,neuronal cell body,M1,1,0
1,-4,GO:0050817,coagulation,M1,1,0
1,-3.1,GO:0097530,granulocyte migration,M1,1,0
1,-6.2,GO:0030029,actin filament-based process,M1,1,0
1,-2,GO:0140894,endolysosomal toll-like receptor signaling pathway,M1,1,0
1,-2.1,hsa04974,Protein digestion and absorption,M1,1,0
1,-6.4,hsa04932,Non-alcoholic fatty liver disease,M1,1,0
1,-2.6,GO:0060562,epithelial tube morphogenesis,M1,1,0
1,-3.9,GO:0030162,regulation of proteolysis,M1,1,0
1,-5.1,GO:0042612,MHC class I protein complex,M1,1,0
1,-2.4,GO:1903830,magnesium ion transmembrane transport,M1,1,0
1,-3.4,GO:0030670,phagocytic vesicle membrane,M1,1,0
1,-3.5,GO:0072132,mesenchyme morphogenesis,M1,1,0
1,-4.9,GO:0035987,endodermal cell differentiation,M1,1,0
1,-8.1,GO:0019866,organelle inner membrane,M1,1,0
1,-3.1,GO:0007219,Notch signaling pathway,M1,1,0
1,-3,GO:0031032,actomyosin structure organization,M1,1,0
1,-5.1,GO:0001704,formation of primary germ layer,M1,1,0
1,-2.8,GO:0009267,cellular response to starvation,M1,1,0
1,-2,GO:0090092,regulation of transmembrane receptor protein serine/threonine kinase signaling pathway,M1,1,0
1,-6.1,GO:0098552,side of membrane,M1,1,0
1,-3.6,GO:0001885,endothelial cell development,M1,1,0
1,-2.4,GO:0048339,paraxial mesoderm development,M1,1,0
1,-2.4,GO:2000677,regulation of transcription regulatory region DNA binding,M1,1,0
1,-3.2,GO:1990748,cellular detoxification,M1,1,0
1,-2.1,GO:2001239,regulation of extrinsic apoptotic signaling pathway in absence of ligand,M1,1,0
1,-2.5,GO:2001238,positive regulation of extrinsic apoptotic signaling pathway,M1,1,0
1,-4.3,GO:0072522,purine-containing compound biosynthetic process,M1,1,0
1,-3,GO:0043292,contractile muscle fiber,M1,1,0
1,-2.1,GO:0007423,sensory organ development,M1,1,0
1,-6.6,GO:0098852,lytic vacuole membrane,M1,1,0
1,-3.9,GO:0002253,activation of immune response,M1,1,0
1,-2.2,GO:0030879,mammary gland development,M1,1,0
1,-3.1,GO:0043220,Schmidt-Lanterman incisure,M1,1,0
1,-2.7,GO:0061061,muscle structure development,M1,1,0
1,-3.2,GO:0048193,Golgi vesicle transport,M1,1,0
1,-2.6,GO:0061138,morphogenesis of a branching epithelium,M1,1,0
1,-2.7,GO:0007411,axon guidance,M1,1,0
1,-2.7,GO:0016529,sarcoplasmic reticulum,M1,1,0
1,-3.5,GO:0001755,neural crest cell migration,M1,1,0
1,-3.8,GO:0045071,negative regulation of viral genome replication,M1,1,0
1,-3.4,GO:0045765,regulation of angiogenesis,M1,1,0
1,-9.6,GO:0001525,angiogenesis,M1,1,0
1,-2.4,GO:0031344,regulation of cell projection organization,M1,1,0
1,-2.4,GO:0009141,nucleoside triphosphate metabolic process,M1,1,0
1,-3.3,GO:0043087,regulation of GTPase activity,M1,1,0
1,-4.2,GO:0005769,early endosome,M1,1,0
1,-2.2,GO:0030168,platelet activation,M1,1,0
1,-2.3,GO:0045766,positive regulation of angiogenesis,M1,1,0
1,-2.8,GO:0051607,defense response to virus,M1,1,0
1,-4.1,GO:0002476,antigen processing and presentation of endogenous peptide antigen via MHC class Ib,M1,1,0
1,-2.7,GO:0006163,purine nucleotide metabolic process,M1,1,0
1,-9.3,hsa04714,Thermogenesis,M1,1,0
1,-2.2,GO:0001570,vasculogenesis,M1,1,0
1,-3,GO:0014033,neural crest cell differentiation,M1,1,0
1,-2.9,GO:0009117,nucleotide metabolic process,M1,1,0
1,-3.6,hsa04971,Gastric acid secretion,M1,1,0
1,-2.3,hsa05167,Kaposi sarcoma-associated herpesvirus infection,M1,1,0
1,-6.3,GO:0009060,aerobic respiration,M1,1,0
1,-4.9,GO:0003158,endothelium development,M1,1,0
1,-2.4,hsa04927,Cortisol synthesis and secretion,M1,1,0
1,-2.1,GO:0006865,amino acid transport,M1,1,0
1,-2.4,GO:1900117,regulation of execution phase of apoptosis,M1,1,0
