_MEMBER_hits,_LogP_hits,GO,Description,_PATTERN_,_RANK_,CHILD_GO_hits
1,-11.749194590594035,GO:0032502,developmental process,M1,1,GO:0001568 blood vessel development
1,-8.043934158218299,GO:0009987,cellular process,M1,1,GO:0006119 oxidative phosphorylation
1,-7.112275665846469,GO:0050789,regulation of biological process,M1,1,GO:0032970 regulation of actin filament-based process
1,-7.013331292155967,GO:0040011,locomotion,M1,1,GO:2000147 positive regulation of cell motility
1,-6.219407339016911,GO:0065007,biological regulation,M1,1,GO:0090066 regulation of anatomical structure size
1,-5.963041038765861,GO:0048518,positive regulation of biological process,M1,1,GO:0043065 positive regulation of apoptotic process
1,-5.896668854031938,GO:0032501,multicellular organismal process,M1,1,GO:0003013 circulatory system process
1,-5.4727444845903905,GO:0016032,viral process,M1,1,GO:1903900 regulation of viral life cycle
1,-4.601249657145761,GO:0002376,immune system process,M1,1,GO:0019885 antigen processing and presentation of endogenous peptide antigen via MHC class I
1,-4.597584147972298,GO:0050896,response to stimulus,M1,1,GO:0097191 extrinsic apoptotic signaling pathway
1,-4.339123047749335,GO:0051179,localization,M1,1,GO:0098662 inorganic cation transmembrane transport
1,-4.117896343252251,GO:0044419,biological process involved in interspecies interaction between organisms,M1,1,GO:0009615 response to virus
1,-3.2065273809633905,GO:0098754,detoxification,M1,1,GO:1990748 cellular detoxification
1,-3.172495972953143,GO:0042592,homeostatic process,M1,1,GO:0060249 anatomical structure homeostasis
1,-3.010587312102075,GO:0048519,negative regulation of biological process,M1,1,GO:0051058 negative regulation of small GTPase mediated signal transduction
1,-2.8392054490332197,GO:0040007,growth,M1,1,GO:0061387 regulation of extent of cell growth
