Category,CategoryID,GO,Description,PARENT_GO,LogP,Enrichment,Z-score,#TotalGeneInLibrary,#GeneInGO,#GeneInHitList,#GeneInGOAndHitList,%InGO,STDV %InGO,GeneID,Hits,Log(q-value),GeneList
GO Biological Processes,19,GO:0000956,nuclear-transcribed mRNA catabolic process,19_GO:0048519 negative regulation of biological process,-5.6,12,8.3,30238,106,171,7,4.1,1.5,4116|7016|23016|27257|54676|80153|149041,MAGOH|TESK1|EXOSC7|LSM1|GTPBP2|EDC3|RC3H1,-1.5,hits
GO Biological Processes,19,GO:0003158,endothelium development,19_GO:0032502 developmental process,-5.6,12,8.3,30238,107,171,7,4.1,1.5,388|682|4855|50848|54538|57493|64321,RHOB|BSG|NOTCH4|F11R|ROBO4|HEG1|SOX17,-1.5,hits
GO Biological Processes,19,GO:0006402,mRNA catabolic process,19_GO:0048519 negative regulation of biological process,-5,9.4,7.3,30238,131,171,7,4.1,1.5,4116|7016|23016|27257|54676|80153|149041,MAGOH|TESK1|EXOSC7|LSM1|GTPBP2|EDC3|RC3H1,-1.1,hits
GO Biological Processes,19,GO:0141188,nucleic acid catabolic process,19_GO:0009987 cellular process,-4.3,6.3,6,30238,225,171,8,4.7,1.6,668|4116|7016|23016|27257|54676|80153|149041,FOXL2|MAGOH|TESK1|EXOSC7|LSM1|GTPBP2|EDC3|RC3H1,-0.73,hits
GO Biological Processes,19,GO:0051058,negative regulation of small GTPase mediated signal transduction,19_GO:0048519 negative regulation of biological process,-4.3,13,7.4,30238,69,171,5,2.9,1.3,10251|10395|57493|83478|440730,SPRY3|DLC1|HEG1|ARHGAP24|TRIM67,-0.73,hits
GO Biological Processes,19,GO:0034655,nucleobase-containing compound catabolic process,19_GO:0009987 cellular process,-4.3,4.8,5.5,30238,368,171,10,5.8,1.8,668|956|4116|5230|7016|23016|27257|54676|80153|149041,FOXL2|ENTPD3|MAGOH|PGK1|TESK1|EXOSC7|LSM1|GTPBP2|EDC3|RC3H1,-0.73,hits
GO Biological Processes,19,GO:0001568,blood vessel development,19_GO:0032502 developmental process,-4.2,3.9,5.2,30238,540,171,12,7,2,388|682|2701|4091|4855|5159|8879|54538|57493|64321|79805|83478,RHOB|BSG|GJA4|SMAD6|NOTCH4|PDGFRB|SGPL1|ROBO4|HEG1|SOX17|VASH2|ARHGAP24,-0.7,hits
GO Biological Processes,19,GO:0033962,P-body assembly,19_GO:0009987 cellular process,-4,33,9.7,30238,16,171,3,1.8,1,56478|80153|149041,EIF4ENIF1|EDC3|RC3H1,-0.62,hits
GO Biological Processes,19,GO:0001944,vasculature development,19_GO:0032502 developmental process,-4,3.8,5,30238,565,171,12,7,2,388|682|2701|4091|4855|5159|8879|54538|57493|64321|79805|83478,RHOB|BSG|GJA4|SMAD6|NOTCH4|PDGFRB|SGPL1|ROBO4|HEG1|SOX17|VASH2|ARHGAP24,-0.62,hits
GO Biological Processes,19,GO:0008625,extrinsic apoptotic signaling pathway via death domain receptors,19_GO:0050896 response to stimulus,-3.9,16,7.5,30238,45,171,4,2.3,1.2,8772|8795|51202|56616,FADD|TNFRSF10B|DDX47|DIABLO,-0.59,hits
GO Molecular Functions,21,GO:0045296,cadherin binding,,-3.9,4.8,5.2,30238,334,171,9,5.3,1.7,682|1627|4430|6709|8428|9798|26156|50848|55379,BSG|DBN1|MYO1B|SPTAN1|STK24|IST1|RSL1D1|F11R|LRRC59,-0.59,hits
GO Biological Processes,19,GO:0045446,endothelial cell differentiation,19_GO:0032502 developmental process,-3.8,10,6.4,30238,88,171,5,2.9,1.3,4855|50848|54538|57493|64321,NOTCH4|F11R|ROBO4|HEG1|SOX17,-0.58,hits
GO Biological Processes,19,GO:0006401,RNA catabolic process,19_GO:0009987 cellular process,-3.8,6.2,5.5,30238,201,171,7,4.1,1.5,4116|7016|23016|27257|54676|80153|149041,MAGOH|TESK1|EXOSC7|LSM1|GTPBP2|EDC3|RC3H1,-0.58,hits
GO Biological Processes,19,GO:0001885,endothelial cell development,19_GO:0032502 developmental process,-3.6,13,6.8,30238,53,171,4,2.3,1.2,4855|50848|54538|57493,NOTCH4|F11R|ROBO4|HEG1,-0.43,hits
GO Molecular Functions,21,GO:0050839,cell adhesion molecule binding,,-3.5,3.3,4.5,30238,636,171,12,7,2,682|1627|4430|6709|8428|9798|26156|50848|54538|55379|56127|56133,BSG|DBN1|MYO1B|SPTAN1|STK24|IST1|RSL1D1|F11R|ROBO4|LRRC59|PCDHB9|PCDHB2,-0.37,hits
GO Biological Processes,19,GO:0051056,regulation of small GTPase mediated signal transduction,19_GO:0050896 response to stimulus,-3.4,4.5,4.7,30238,314,171,8,4.7,1.6,10251|10395|25959|50848|57449|57493|83478|440730,SPRY3|DLC1|KANK2|F11R|PLEKHG5|HEG1|ARHGAP24|TRIM67,-0.21,hits
GO Biological Processes,19,GO:0032970,regulation of actin filament-based process,19_GO:0050789 regulation of biological process,-3.3,4,4.5,30238,402,171,9,5.3,1.7,2241|5159|6709|7016|10395|25959|50848|51332|54795,FER|PDGFRB|SPTAN1|TESK1|DLC1|KANK2|F11R|SPTBN5|TRPM4,-0.18,hits
GO Biological Processes,19,GO:0006913,nucleocytoplasmic transport,19_GO:0051179 localization,-3.1,4.8,4.6,30238,259,171,7,4.1,1.5,103|4116|10768|10892|23633|56478|259217,ADAR|MAGOH|AHCYL1|MALT1|KPNA6|EIF4ENIF1|HSPA12A,-0.097,hits
GO Cellular Components,20,GO:0005925,focal adhesion,,-3.1,3.8,4.3,30238,423,171,9,5.3,1.7,388|682|966|5159|10395|10544|22888|60312|83478,RHOB|BSG|CD59|PDGFRB|DLC1|PROCR|UBOX5|AFAP1|ARHGAP24,-0.097,hits
GO Biological Processes,19,GO:0051169,nuclear transport,19_GO:0051179 localization,-3.1,4.8,4.6,30238,260,171,7,4.1,1.5,103|4116|10768|10892|23633|56478|259217,ADAR|MAGOH|AHCYL1|MALT1|KPNA6|EIF4ENIF1|HSPA12A,-0.097,hits
GO Biological Processes,19,GO:0001570,vasculogenesis,19_GO:0032502 developmental process,-3.1,9.8,5.7,30238,72,171,4,2.3,1.2,5159|8879|57493|64321,PDGFRB|SGPL1|HEG1|SOX17,-0.097,hits
GO Cellular Components,20,GO:0030055,cell-substrate junction,,-3.1,3.7,4.2,30238,433,171,9,5.3,1.7,388|682|966|5159|10395|10544|22888|60312|83478,RHOB|BSG|CD59|PDGFRB|DLC1|PROCR|UBOX5|AFAP1|ARHGAP24,-0.089,hits
GO Molecular Functions,21,GO:0140313,molecular sequestering activity,,-3.1,9.4,5.5,30238,75,171,4,2.3,1.2,966|1627|4091|54739,CD59|DBN1|SMAD6|XAF1,-0.089,hits
GO Cellular Components,20,GO:0005759,mitochondrial matrix,,-3,3.3,4.1,30238,530,171,10,5.8,1.8,498|622|5230|9054|25973|26027|26073|55379|57107|122961,ATP5F1A|BDH1|PGK1|NFS1|PARS2|ACOT11|POLDIP2|LRRC59|PDSS2|ISCA2,-0.089,hits
GO Biological Processes,19,GO:0051168,nuclear export,19_GO:0051179 localization,-3,6.7,4.9,30238,132,171,5,2.9,1.3,103|4116|10768|10892|56478,ADAR|MAGOH|AHCYL1|MALT1|EIF4ENIF1,-0.089,hits
GO Biological Processes,19,GO:0110053,regulation of actin filament organization,19_GO:0050789 regulation of biological process,-3,4.5,4.4,30238,274,171,7,4.1,1.5,2241|6709|7016|10395|25959|50848|51332,FER|SPTAN1|TESK1|DLC1|KANK2|F11R|SPTBN5,-0.089,hits
GO Biological Processes,19,GO:0032956,regulation of actin cytoskeleton organization,19_GO:0050789 regulation of biological process,-3,4,4.2,30238,357,171,8,4.7,1.6,2241|5159|6709|7016|10395|25959|50848|51332,FER|PDGFRB|SPTAN1|TESK1|DLC1|KANK2|F11R|SPTBN5,-0.089,hits
GO Biological Processes,19,GO:0048514,blood vessel morphogenesis,19_GO:0032502 developmental process,-3,3.6,4.1,30238,445,171,9,5.3,1.7,388|682|4855|5159|8879|54538|57493|64321|83478,RHOB|BSG|NOTCH4|PDGFRB|SGPL1|ROBO4|HEG1|SOX17|ARHGAP24,-0.089,hits
GO Biological Processes,19,GO:0030036,actin cytoskeleton organization,19_GO:0009987 cellular process,-2.9,3.2,4,30238,546,171,10,5.8,1.8,388|1627|2241|4430|5159|6709|7016|10395|50848|51332,RHOB|DBN1|FER|MYO1B|PDGFRB|SPTAN1|TESK1|DLC1|F11R|SPTBN5,-0.054,hits
GO Biological Processes,19,GO:0048008,platelet-derived growth factor receptor signaling pathway,19_GO:0050896 response to stimulus,-2.9,14,6.1,30238,37,171,3,1.8,1,2241|5159|8879,FER|PDGFRB|SGPL1,-0.05,hits
GO Molecular Functions,21,GO:0015101,organic cation transmembrane transporter activity,,-2.9,8.5,5.2,30238,83,171,4,2.3,1.2,8140|56301|80704|140679,SLC7A5|SLC7A10|SLC19A3|SLC32A1,-0.035,hits
GO Biological Processes,19,GO:0016071,mRNA metabolic process,19_GO:0009987 cellular process,-2.8,2.9,3.8,30238,665,171,11,6.4,1.9,103|4116|6936|7016|23016|27257|51202|54676|56259|80153|149041,ADAR|MAGOH|GCFC2|TESK1|EXOSC7|LSM1|DDX47|GTPBP2|CTNNBL1|EDC3|RC3H1,-0.0043,hits
GO Molecular Functions,21,GO:0015175,neutral L-amino acid transmembrane transporter activity,,-2.8,13,5.9,30238,40,171,3,1.8,1,8140|56301|140679,SLC7A5|SLC7A10|SLC32A1,-0.0043,hits
GO Biological Processes,19,GO:0043065,positive regulation of apoptotic process,19_GO:0048518 positive regulation of biological process,-2.8,3.1,3.8,30238,567,171,10,5.8,1.8,388|668|4487|6279|8772|8795|10395|56259|56616|113419,RHOB|FOXL2|MSX1|S100A8|FADD|TNFRSF10B|DLC1|CTNNBL1|DIABLO|TEX261,-0.0043,hits
GO Biological Processes,19,GO:0006364,rRNA processing,19_GO:0009987 cellular process,-2.8,4.9,4.3,30238,218,171,6,3.5,1.4,23016|51018|51202|55661|84916|345630,EXOSC7|RRP15|DDX47|DDX27|UTP4|FBLL1,-0.0043,hits
GO Biological Processes,19,GO:0031344,regulation of cell projection organization,19_GO:0050789 regulation of biological process,-2.8,2.9,3.7,30238,672,171,11,6.4,1.9,1627|2241|7016|7804|8428|9798|10251|10807|23413|83478|440730,DBN1|FER|TESK1|LRP8|STK24|IST1|SPRY3|ENTR1|NCS1|ARHGAP24|TRIM67,-0.00027,hits
GO Biological Processes,19,GO:0050777,negative regulation of immune response,19_GO:0002376 immune system process,-2.7,4.7,4.2,30238,226,171,6,3.5,1.4,103|966|2241|2268|84447|149041,ADAR|CD59|FER|FGR|SYVN1|RC3H1,0,hits
GO Biological Processes,19,GO:0043068,positive regulation of programmed cell death,19_GO:0048518 positive regulation of biological process,-2.7,3,3.7,30238,586,171,10,5.8,1.8,388|668|4487|6279|8772|8795|10395|56259|56616|113419,RHOB|FOXL2|MSX1|S100A8|FADD|TNFRSF10B|DLC1|CTNNBL1|DIABLO|TEX261,0,hits
GO Biological Processes,19,GO:0002683,negative regulation of immune system process,19_GO:0002376 immune system process,-2.7,3,3.7,30238,586,171,10,5.8,1.8,103|966|2241|2268|2615|5537|8772|29979|84447|149041,ADAR|CD59|FER|FGR|LRRC32|PPP6C|FADD|UBQLN1|SYVN1|RC3H1,0,hits
GO Biological Processes,19,GO:0035023,regulation of Rho protein signal transduction,19_GO:0050896 response to stimulus,-2.7,7.6,4.8,30238,93,171,4,2.3,1.2,10395|25959|50848|57493,DLC1|KANK2|F11R|HEG1,0,hits
GO Biological Processes,19,GO:0009132,nucleoside diphosphate metabolic process,19_GO:0009987 cellular process,-2.7,7.5,4.8,30238,94,171,4,2.3,1.2,203|956|1723|5230,AK1|ENTPD3|DHODH|PGK1,0,hits
GO Biological Processes,19,GO:0030279,negative regulation of ossification,19_GO:0048519 negative regulation of biological process,-2.6,12,5.4,30238,46,171,3,1.8,1,4091|22856|54795,SMAD6|CHSY1|TRPM4,0,hits
GO Biological Processes,19,GO:0046006,regulation of activated T cell proliferation,19_GO:0002376 immune system process,-2.6,12,5.4,30238,46,171,3,1.8,1,2615|8772|149041,LRRC32|FADD|RC3H1,0,hits
GO Biological Processes,19,GO:0022411,cellular component disassembly,19_GO:0009987 cellular process,-2.6,3.9,3.9,30238,317,171,7,4.1,1.5,668|2241|5193|6601|9798|29979|54676,FOXL2|FER|PEX12|SMARCC2|IST1|UBQLN1|GTPBP2,0,hits
GO Biological Processes,19,GO:0051494,negative regulation of cytoskeleton organization,19_GO:0048519 negative regulation of biological process,-2.6,5.5,4.3,30238,161,171,5,2.9,1.3,6709|10395|25959|50848|51332,SPTAN1|DLC1|KANK2|F11R|SPTBN5,0,hits
GO Biological Processes,19,GO:0035239,tube morphogenesis,19_GO:0032502 developmental process,-2.6,2.8,3.6,30238,705,171,11,6.4,1.9,388|682|4855|5159|8879|10395|10765|54538|57493|64321|83478,RHOB|BSG|NOTCH4|PDGFRB|SGPL1|DLC1|KDM5B|ROBO4|HEG1|SOX17|ARHGAP24,0,hits
GO Biological Processes,19,GO:1902904,negative regulation of supramolecular fiber organization,19_GO:0048519 negative regulation of biological process,-2.6,5.4,4.3,30238,163,171,5,2.9,1.3,6709|10395|25959|50848|51332,SPTAN1|DLC1|KANK2|F11R|SPTBN5,0,hits
GO Molecular Functions,21,GO:0140311,protein sequestering activity,,-2.6,11,5.3,30238,47,171,3,1.8,1,966|1627|4091,CD59|DBN1|SMAD6,0,hits
GO Biological Processes,19,GO:0048729,tissue morphogenesis,19_GO:0032502 developmental process,-2.6,2.9,3.6,30238,608,171,10,5.8,1.8,388|682|4487|4855|10395|10765|55727|57493|64321|83478,RHOB|BSG|MSX1|NOTCH4|DLC1|KDM5B|BTBD7|HEG1|SOX17|ARHGAP24,0,hits
GO Cellular Components,20,GO:0000932,P-body,,-2.6,7.1,4.6,30238,100,171,4,2.3,1.2,27257|56478|80153|149041,LSM1|EIF4ENIF1|EDC3|RC3H1,0,hits
GO Biological Processes,19,GO:0015695,organic cation transport,19_GO:0051179 localization,-2.6,7.1,4.6,30238,100,171,4,2.3,1.2,8140|56301|80704|140679,SLC7A5|SLC7A10|SLC19A3|SLC32A1,0,hits
GO Molecular Functions,21,GO:0140098,"catalytic activity, acting on RNA",,-2.6,3.4,3.7,30238,419,171,8,4.7,1.6,103|23016|25973|51202|55661|79650|144233|345630,ADAR|EXOSC7|PARS2|DDX47|DDX27|USB1|BCDIN3D|FBLL1,0,hits
GO Biological Processes,19,GO:0002831,regulation of response to biotic stimulus,19_GO:0050896 response to stimulus,-2.6,2.9,3.5,30238,616,171,10,5.8,1.8,103|2268|5184|5537|6279|7804|8772|29979|64771|83666,ADAR|FGR|PEPD|PPP6C|S100A8|LRP8|FADD|UBQLN1|ILRUN|PARP9,0,hits
GO Molecular Functions,21,GO:0015171,amino acid transmembrane transporter activity,,-2.5,6.9,4.5,30238,103,171,4,2.3,1.2,2897|8140|56301|140679,GRIK1|SLC7A5|SLC7A10|SLC32A1,0,hits
GO Biological Processes,19,GO:0002697,regulation of immune effector process,19_GO:0002376 immune system process,-2.5,3.4,3.7,30238,421,171,8,4.7,1.6,966|2241|2268|8140|8772|10892|54795|149041,CD59|FER|FGR|SLC7A5|FADD|MALT1|TRPM4|RC3H1,0,hits
GO Biological Processes,19,GO:0030029,actin filament-based process,19_GO:0009987 cellular process,-2.5,2.9,3.5,30238,620,171,10,5.8,1.8,388|1627|2241|4430|5159|6709|7016|10395|50848|51332,RHOB|DBN1|FER|MYO1B|PDGFRB|SPTAN1|TESK1|DLC1|F11R|SPTBN5,0,hits
GO Biological Processes,19,GO:0045088,regulation of innate immune response,19_GO:0044419 biological process involved in interspecies interaction between organisms,-2.5,3.1,3.6,30238,519,171,9,5.3,1.7,103|2268|5184|5537|6279|7804|8772|29979|83666,ADAR|FGR|PEPD|PPP6C|S100A8|LRP8|FADD|UBQLN1|PARP9,0,hits
GO Biological Processes,19,GO:0018108,peptidyl-tyrosine phosphorylation,19_GO:0009987 cellular process,-2.5,10,5.1,30238,51,171,3,1.8,1,2241|2268|5159,FER|FGR|PDGFRB,0,hits
KEGG Pathway,24,hsa05164,Influenza A,,-2.5,5.1,4.1,30238,173,171,5,2.9,1.3,103|8772|8795|10379|23633,ADAR|FADD|TNFRSF10B|IRF9|KPNA6,0,hits
GO Biological Processes,19,GO:0030837,negative regulation of actin filament polymerization,19_GO:0048519 negative regulation of biological process,-2.5,10,5,30238,52,171,3,1.8,1,6709|25959|51332,SPTAN1|KANK2|SPTBN5,0,hits
GO Biological Processes,19,GO:0018212,peptidyl-tyrosine modification,19_GO:0009987 cellular process,-2.5,10,5,30238,52,171,3,1.8,1,2241|2268|5159,FER|FGR|PDGFRB,0,hits
GO Biological Processes,19,GO:0015804,neutral amino acid transport,19_GO:0051179 localization,-2.5,10,5,30238,53,171,3,1.8,1,8140|56301|140679,SLC7A5|SLC7A10|SLC32A1,0,hits
GO Biological Processes,19,GO:0016072,rRNA metabolic process,19_GO:0009987 cellular process,-2.5,4.1,3.8,30238,257,171,6,3.5,1.4,23016|51018|51202|55661|84916|345630,EXOSC7|RRP15|DDX47|DDX27|UTP4|FBLL1,0,hits
GO Biological Processes,19,GO:0010639,negative regulation of organelle organization,19_GO:0048519 negative regulation of biological process,-2.4,3.6,3.6,30238,345,171,7,4.1,1.5,6709|7016|10395|25959|50848|51332|146691,SPTAN1|TESK1|DLC1|KANK2|F11R|SPTBN5|TOM1L2,0,hits
GO Cellular Components,20,GO:0030863,cortical cytoskeleton,,-2.4,6.4,4.3,30238,111,171,4,2.3,1.2,1627|6709|10395|51332,DBN1|SPTAN1|DLC1|SPTBN5,0,hits
GO Biological Processes,19,GO:0070848,response to growth factor,19_GO:0050896 response to stimulus,-2.4,2.9,3.4,30238,540,171,9,5.3,1.7,1745|2241|2615|4091|4487|5159|7804|9392|10765,DLX1|FER|LRRC32|SMAD6|MSX1|PDGFRB|LRP8|TGFBRAP1|KDM5B,0,hits
GO Cellular Components,20,GO:0015629,actin cytoskeleton,,-2.4,2.9,3.4,30238,545,171,9,5.3,1.7,1627|2241|2268|4430|6525|6709|10395|51332|60312,DBN1|FER|FGR|MYO1B|SMTN|SPTAN1|DLC1|SPTBN5|AFAP1,0,hits
GO Biological Processes,19,GO:0001525,angiogenesis,19_GO:0032502 developmental process,-2.4,3.5,3.6,30238,352,171,7,4.1,1.5,388|682|4855|5159|54538|64321|83478,RHOB|BSG|NOTCH4|PDGFRB|ROBO4|SOX17|ARHGAP24,0,hits
GO Biological Processes,19,GO:0051493,regulation of cytoskeleton organization,19_GO:0050789 regulation of biological process,-2.4,2.9,3.4,30238,547,171,9,5.3,1.7,2241|5159|6279|6709|7016|10395|25959|50848|51332,FER|PDGFRB|S100A8|SPTAN1|TESK1|DLC1|KANK2|F11R|SPTBN5,0,hits
GO Molecular Functions,21,GO:0030170,pyridoxal phosphate binding,,-2.4,9.3,4.7,30238,57,171,3,1.8,1,8879|9054|23464,SGPL1|NFS1|GCAT,0,hits
GO Biological Processes,19,GO:0120035,regulation of plasma membrane bounded cell projection organization,19_GO:0050789 regulation of biological process,-2.4,2.7,3.3,30238,653,171,10,5.8,1.8,1627|2241|7016|7804|8428|9798|10807|23413|83478|440730,DBN1|FER|TESK1|LRP8|STK24|IST1|ENTR1|NCS1|ARHGAP24|TRIM67,0,hits
GO Biological Processes,19,GO:0010720,positive regulation of cell development,19_GO:0032502 developmental process,-2.4,3.1,3.4,30238,451,171,8,4.7,1.6,1627|6601|7804|8140|8772|9798|10892|50848,DBN1|SMARCC2|LRP8|SLC7A5|FADD|IST1|MALT1|F11R,0,hits
GO Molecular Functions,21,GO:0070279,vitamin B6 binding,,-2.4,9.1,4.7,30238,58,171,3,1.8,1,8879|9054|23464,SGPL1|NFS1|GCAT,0,hits
GO Cellular Components,20,GO:0005813,centrosome,,-2.4,2.5,3.2,30238,767,171,11,6.4,1.9,7016|9054|9099|9798|10544|10807|56259|64771|83657|114327|257236,TESK1|NFS1|USP2|IST1|PROCR|ENTR1|CTNNBL1|ILRUN|DYNLRB2|EFHC1|CFAP184,0,hits
GO Biological Processes,19,GO:0097191,extrinsic apoptotic signaling pathway,19_GO:0050896 response to stimulus,-2.4,6,4.1,30238,117,171,4,2.3,1.2,8772|8795|51202|56616,FADD|TNFRSF10B|DDX47|DIABLO,0,hits
GO Molecular Functions,21,GO:0140104,molecular carrier activity,,-2.4,6,4.1,30238,117,171,4,2.3,1.2,9054|23633|51016|56478,NFS1|KPNA6|EMC9|EIF4ENIF1,0,hits
GO Biological Processes,19,GO:0003007,heart morphogenesis,19_GO:0032502 developmental process,-2.3,3.9,3.6,30238,270,171,6,3.5,1.4,4091|4487|10395|57493|64321|140706,SMAD6|MSX1|DLC1|HEG1|SOX17|CCM2L,0,hits
GO Molecular Functions,21,GO:0004842,ubiquitin-protein transferase activity,,-2.3,3.1,3.4,30238,455,171,8,4.7,1.6,5193|7726|10892|22888|55182|84447|149041|255488,PEX12|TRIM26|MALT1|UBOX5|RNF220|SYVN1|RC3H1|RNF144B,0,hits
GO Biological Processes,19,GO:0032535,regulation of cellular component size,19_GO:0065007 biological regulation,-2.3,3.4,3.5,30238,361,171,7,4.1,1.5,2241|6709|8799|9798|10723|25959|51332,FER|SPTAN1|PEX11B|IST1|SLC12A7|KANK2|SPTBN5,0,hits
GO Biological Processes,19,GO:0046777,protein autophosphorylation,19_GO:0009987 cellular process,-2.3,5.8,4,30238,121,171,4,2.3,1.2,2241|2268|5159|8428,FER|FGR|PDGFRB|STK24,0,hits
GO Biological Processes,19,GO:0009161,ribonucleoside monophosphate metabolic process,19_GO:0009987 cellular process,-2.3,8.7,4.5,30238,61,171,3,1.8,1,203|1723|3614,AK1|DHODH|IMPDH1,0,hits
GO Cellular Components,20,GO:0019866,organelle inner membrane,,-2.3,2.8,3.3,30238,567,171,9,5.3,1.7,498|622|1723|2268|23464|57107|84701|403313|548596,ATP5F1A|BDH1|DHODH|FGR|GCAT|PDSS2|COX4I2|PLPP6|CKMT1A,0,hits
GO Biological Processes,19,GO:0000209,protein polyubiquitination,19_GO:0009987 cellular process,-2.2,3.7,3.5,30238,284,171,6,3.5,1.4,5193|7726|22888|23219|84447|149041,PEX12|TRIM26|UBOX5|FBXO28|SYVN1|RC3H1,0,hits
GO Biological Processes,19,GO:0048524,positive regulation of viral process,19_GO:0016032 viral process,-2.2,8.3,4.4,30238,64,171,3,1.8,1,103|682|23633,ADAR|BSG|KPNA6,0,hits
GO Molecular Functions,21,GO:0016462,pyrophosphatase activity,,-2.2,2.4,3.1,30238,796,171,11,6.4,1.9,388|498|956|10123|22880|51202|54676|55661|91608|170575|403313,RHOB|ATP5F1A|ENTPD3|ARL4C|MORC2|DDX47|GTPBP2|DDX27|RASL10B|GIMAP1|PLPP6,0,hits
GO Biological Processes,19,GO:0006886,intracellular protein transport,19_GO:0051179 localization,-2.2,2.7,3.2,30238,579,171,9,5.3,1.7,103|388|5193|9392|10123|10768|23633|56478|84447,ADAR|RHOB|PEX12|TGFBRAP1|ARL4C|AHCYL1|KPNA6|EIF4ENIF1|SYVN1,0,hits
GO Biological Processes,19,GO:0002064,epithelial cell development,19_GO:0032502 developmental process,-2.2,4.4,3.6,30238,202,171,5,2.9,1.3,2241|4855|50848|54538|57493,FER|NOTCH4|F11R|ROBO4|HEG1,0,hits
GO Molecular Functions,21,GO:0005262,calcium channel activity,,-2.2,5.6,3.9,30238,127,171,4,2.3,1.2,2897|23413|54795|57419,GRIK1|NCS1|TRPM4|SLC24A3,0,hits
GO Molecular Functions,21,GO:0016818,"hydrolase activity, acting on acid anhydrides, in phosphorus-containing anhydrides",,-2.2,2.4,3.1,30238,799,171,11,6.4,1.9,388|498|956|10123|22880|51202|54676|55661|91608|170575|403313,RHOB|ATP5F1A|ENTPD3|ARL4C|MORC2|DDX47|GTPBP2|DDX27|RASL10B|GIMAP1|PLPP6,0,hits
GO Molecular Functions,21,GO:0016817,"hydrolase activity, acting on acid anhydrides",,-2.2,2.4,3.1,30238,799,171,11,6.4,1.9,388|498|956|10123|22880|51202|54676|55661|91608|170575|403313,RHOB|ATP5F1A|ENTPD3|ARL4C|MORC2|DDX47|GTPBP2|DDX27|RASL10B|GIMAP1|PLPP6,0,hits
GO Biological Processes,19,GO:0032272,negative regulation of protein polymerization,19_GO:0048519 negative regulation of biological process,-2.2,8,4.3,30238,66,171,3,1.8,1,6709|25959|51332,SPTAN1|KANK2|SPTBN5,0,hits
GO Biological Processes,19,GO:0043009,chordate embryonic development,19_GO:0032502 developmental process,-2.2,2.5,3.1,30238,694,171,10,5.8,1.8,1627|1745|4487|6137|10395|55182|57493|64321|79805|345630,DBN1|DLX1|MSX1|RPL13|DLC1|RNF220|HEG1|SOX17|VASH2|FBLL1,0,hits
GO Biological Processes,19,GO:0030833,regulation of actin filament polymerization,19_GO:0050789 regulation of biological process,-2.2,5.4,3.8,30238,130,171,4,2.3,1.2,2241|6709|25959|51332,FER|SPTAN1|KANK2|SPTBN5,0,hits
GO Molecular Functions,21,GO:0019787,ubiquitin-like protein transferase activity,,-2.2,2.9,3.2,30238,484,171,8,4.7,1.6,5193|7726|10892|22888|55182|84447|149041|255488,PEX12|TRIM26|MALT1|UBOX5|RNF220|SYVN1|RC3H1|RNF144B,0,hits
GO Biological Processes,19,GO:0022613,ribonucleoprotein complex biogenesis,19_GO:0009987 cellular process,-2.2,2.9,3.2,30238,486,171,8,4.7,1.6,103|6936|23016|51018|51202|55661|84916|345630,ADAR|GCFC2|EXOSC7|RRP15|DDX47|DDX27|UTP4|FBLL1,0,hits
GO Biological Processes,19,GO:0001932,regulation of protein phosphorylation,19_GO:0050789 regulation of biological process,-2.2,3.2,3.3,30238,387,171,7,4.1,1.5,103|2241|2268|5159|8795|57493|83666,ADAR|FER|FGR|PDGFRB|TNFRSF10B|HEG1|PARP9,0,hits
GO Biological Processes,19,GO:0002009,morphogenesis of an epithelium,19_GO:0032502 developmental process,-2.2,2.9,3.2,30238,488,171,8,4.7,1.6,388|682|4855|10395|10765|55727|64321|83478,RHOB|BSG|NOTCH4|DLC1|KDM5B|BTBD7|SOX17|ARHGAP24,0,hits
GO Biological Processes,19,GO:0002822,regulation of adaptive immune response based on somatic recombination of immune receptors built from immunoglobulin superfamily domains,19_GO:0002376 immune system process,-2.2,4.2,3.5,30238,210,171,5,2.9,1.3,8772|10892|54795|84447|149041,FADD|MALT1|TRPM4|SYVN1|RC3H1,0,hits
GO Biological Processes,19,GO:0045862,positive regulation of proteolysis,19_GO:0048518 positive regulation of biological process,-2.2,4.2,3.5,30238,210,171,5,2.9,1.3,8772|9798|29979|116224|440730,FADD|IST1|UBQLN1|PABIR1|TRIM67,0,hits
GO Biological Processes,19,GO:0051170,import into nucleus,19_GO:0051179 localization,-2.2,5.3,3.8,30238,133,171,4,2.3,1.2,103|23633|56478|259217,ADAR|KPNA6|EIF4ENIF1|HSPA12A,0,hits
GO Molecular Functions,21,GO:0005509,calcium ion binding,,-2.1,2.5,3,30238,708,171,10,5.8,1.8,4855|6279|6709|7804|23413|54795|56127|56133|57493|114327,NOTCH4|S100A8|SPTAN1|LRP8|NCS1|TRPM4|PCDHB9|PCDHB2|HEG1|EFHC1,0,hits
GO Biological Processes,19,GO:0034504,protein localization to nucleus,19_GO:0051179 localization,-2.1,4.2,3.5,30238,213,171,5,2.9,1.3,103|4487|7752|23633|56478,ADAR|MSX1|ZNF200|KPNA6|EIF4ENIF1,0,hits
GO Biological Processes,19,GO:1902903,regulation of supramolecular fiber organization,19_GO:0050789 regulation of biological process,-2.1,3.1,3.2,30238,395,171,7,4.1,1.5,2241|6709|7016|10395|25959|50848|51332,FER|SPTAN1|TESK1|DLC1|KANK2|F11R|SPTBN5,0,hits
GO Biological Processes,19,GO:0009792,embryo development ending in birth or egg hatching,19_GO:0032502 developmental process,-2.1,2.5,3,30238,713,171,10,5.8,1.8,1627|1745|4487|6137|10395|55182|57493|64321|79805|345630,DBN1|DLX1|MSX1|RPL13|DLC1|RNF220|HEG1|SOX17|VASH2|FBLL1,0,hits
KEGG Pathway,24,hsa04210,Apoptosis,,-2.1,5.2,3.7,30238,137,171,4,2.3,1.2,6709|8772|8795|56616,SPTAN1|FADD|TNFRSF10B|DIABLO,0,hits
GO Molecular Functions,21,GO:0015297,antiporter activity,,-2.1,5.1,3.7,30238,138,171,4,2.3,1.2,8140|57419|140679|254428,SLC7A5|SLC24A3|SLC32A1|SLC41A1,0,hits
GO Biological Processes,19,GO:0006511,ubiquitin-dependent protein catabolic process,19_GO:0009987 cellular process,-2.1,2.6,3,30238,608,171,9,5.3,1.7,5193|7726|7804|29979|54739|55101|84447|149041|255488,PEX12|TRIM26|LRP8|UBQLN1|XAF1|DMAC2|SYVN1|RC3H1|RNF144B,0,hits
GO Molecular Functions,21,GO:0016755,aminoacyltransferase activity,,-2.1,2.8,3.1,30238,502,171,8,4.7,1.6,5193|7726|10892|22888|55182|84447|149041|255488,PEX12|TRIM26|MALT1|UBOX5|RNF220|SYVN1|RC3H1|RNF144B,0,hits
GO Biological Processes,19,GO:0001822,kidney development,19_GO:0032502 developmental process,-2.1,3.5,3.3,30238,306,171,6,3.5,1.4,4091|5159|8772|8879|25959|64321,SMAD6|PDGFRB|FADD|SGPL1|KANK2|SOX17,0,hits
GO Biological Processes,19,GO:0009165,nucleotide biosynthetic process,19_GO:0009987 cellular process,-2.1,4.1,3.4,30238,218,171,5,2.9,1.3,203|498|1723|3614|83666,AK1|ATP5F1A|DHODH|IMPDH1|PARP9,0,hits
GO Biological Processes,19,GO:0060326,cell chemotaxis,19_GO:0040011 locomotion,-2.1,4.1,3.4,30238,218,171,5,2.9,1.3,682|5159|6279|54795|57449,BSG|PDGFRB|S100A8|TRPM4|PLEKHG5,0,hits
GO Molecular Functions,21,GO:0002020,protease binding,,-2.1,5.1,3.6,30238,139,171,4,2.3,1.2,498|8772|10892|84447,ATP5F1A|FADD|MALT1|SYVN1,0,hits
GO Molecular Functions,21,GO:0022890,inorganic cation transmembrane transporter activity,,-2.1,2.6,3,30238,614,171,9,5.3,1.7,498|2897|3780|10723|23413|54795|57419|140679|254428,ATP5F1A|GRIK1|KCNN1|SLC12A7|NCS1|TRPM4|SLC24A3|SLC32A1|SLC41A1,0,hits
GO Biological Processes,19,GO:0001667,ameboidal-type cell migration,19_GO:0009987 cellular process,-2.1,5,3.6,30238,141,171,4,2.3,1.2,7016|8879|25959|64321,TESK1|SGPL1|KANK2|SOX17,0,hits
GO Biological Processes,19,GO:0071363,cellular response to growth factor stimulus,19_GO:0050896 response to stimulus,-2.1,2.8,3.1,30238,508,171,8,4.7,1.6,1745|2615|4091|4487|5159|7804|9392|10765,DLX1|LRRC32|SMAD6|MSX1|PDGFRB|LRP8|TGFBRAP1|KDM5B,0,hits
GO Biological Processes,19,GO:0042254,ribosome biogenesis,19_GO:0009987 cellular process,-2.1,3.4,3.2,30238,311,171,6,3.5,1.4,23016|51018|51202|55661|84916|345630,EXOSC7|RRP15|DDX47|DDX27|UTP4|FBLL1,0,hits
GO Molecular Functions,21,GO:0004713,protein tyrosine kinase activity,,-2.1,5,3.6,30238,142,171,4,2.3,1.2,2241|2268|5159|7016,FER|FGR|PDGFRB|TESK1,0,hits
GO Cellular Components,20,GO:0005743,mitochondrial inner membrane,,-2.1,2.8,3,30238,511,171,8,4.7,1.6,498|622|1723|2268|23464|57107|84701|548596,ATP5F1A|BDH1|DHODH|FGR|GCAT|PDSS2|COX4I2|CKMT1A,0,hits
GO Cellular Components,20,GO:0016234,inclusion body,,-2.1,7.1,4,30238,75,171,3,1.8,1,2268|2997|29979,FGR|GYS1|UBQLN1,0,hits
GO Biological Processes,19,GO:0019941,modification-dependent protein catabolic process,19_GO:0009987 cellular process,-2.1,2.6,3,30238,619,171,9,5.3,1.7,5193|7726|7804|29979|54739|55101|84447|149041|255488,PEX12|TRIM26|LRP8|UBQLN1|XAF1|DMAC2|SYVN1|RC3H1|RNF144B,0,hits
GO Biological Processes,19,GO:0009141,nucleoside triphosphate metabolic process,19_GO:0009987 cellular process,-2,4,3.4,30238,223,171,5,2.9,1.3,203|498|956|3614|5230,AK1|ATP5F1A|ENTPD3|IMPDH1|PGK1,0,hits
GO Molecular Functions,21,GO:0015085,calcium ion transmembrane transporter activity,,-2,4.9,3.6,30238,143,171,4,2.3,1.2,2897|23413|54795|57419,GRIK1|NCS1|TRPM4|SLC24A3,0,hits
GO Biological Processes,19,GO:0002819,regulation of adaptive immune response,19_GO:0002376 immune system process,-2,3.9,3.3,30238,224,171,5,2.9,1.3,8772|10892|54795|84447|149041,FADD|MALT1|TRPM4|SYVN1|RC3H1,0,hits
GO Biological Processes,19,GO:0051603,proteolysis involved in protein catabolic process,19_GO:0009987 cellular process,-2,2.4,2.9,30238,734,171,10,5.8,1.8,5193|7726|7804|10892|29979|54739|55101|84447|149041|255488,PEX12|TRIM26|LRP8|MALT1|UBQLN1|XAF1|DMAC2|SYVN1|RC3H1|RNF144B,0,hits
GO Biological Processes,19,GO:0045665,negative regulation of neuron differentiation,19_GO:0032502 developmental process,-2,7,3.9,30238,76,171,3,1.8,1,1745|27257|56478,DLX1|LSM1|EIF4ENIF1,0,hits
GO Biological Processes,19,GO:0071260,cellular response to mechanical stimulus,19_GO:0050896 response to stimulus,-2,7,3.9,30238,76,171,3,1.8,1,8772|8795|50848,FADD|TNFRSF10B|F11R,0,hits
GO Biological Processes,19,GO:0090066,regulation of anatomical structure size,19_GO:0065007 biological regulation,-2,2.7,3,30238,516,171,8,4.7,1.6,2241|6709|8799|9798|10723|25959|51332|54795,FER|SPTAN1|PEX11B|IST1|SLC12A7|KANK2|SPTBN5|TRPM4,0,hits
GO Molecular Functions,21,GO:0017111,ribonucleoside triphosphate phosphatase activity,,-2,2.4,2.9,30238,736,171,10,5.8,1.8,388|498|956|10123|22880|51202|54676|55661|91608|170575,RHOB|ATP5F1A|ENTPD3|ARL4C|MORC2|DDX47|GTPBP2|DDX27|RASL10B|GIMAP1,0,hits
GO Biological Processes,19,GO:0043632,modification-dependent macromolecule catabolic process,19_GO:0009987 cellular process,-2,2.5,2.9,30238,625,171,9,5.3,1.7,5193|7726|7804|29979|54739|55101|84447|149041|255488,PEX12|TRIM26|LRP8|UBQLN1|XAF1|DMAC2|SYVN1|RC3H1|RNF144B,0,hits
GO Biological Processes,19,GO:0072001,renal system development,19_GO:0032502 developmental process,-2,3.3,3.2,30238,317,171,6,3.5,1.4,4091|5159|8772|8879|25959|64321,SMAD6|PDGFRB|FADD|SGPL1|KANK2|SOX17,0,hits
GO Biological Processes,19,GO:0071496,cellular response to external stimulus,19_GO:0050896 response to stimulus,-2,6.8,3.9,30238,78,171,3,1.8,1,8772|8795|50848,FADD|TNFRSF10B|F11R,0,hits
KEGG Pathway,24,hsa03018,RNA degradation,,-2,6.8,3.9,30238,78,171,3,1.8,1,23016|27257|80153,EXOSC7|LSM1|EDC3,0,hits
GO Biological Processes,19,GO:0060562,epithelial tube morphogenesis,19_GO:0032502 developmental process,-2,3.3,3.1,30238,320,171,6,3.5,1.4,388|682|4855|10395|10765|64321,RHOB|BSG|NOTCH4|DLC1|KDM5B|SOX17,0,hits
