_MEMBER_hits,_LogP_hits,GO,Description,_PATTERN_,_RANK_,GiniIndex
1,-3.6,GO:0001885,endothelial cell development,M1,1,0
1,-2,GO:0072001,renal system development,M1,1,0
1,-2.8,GO:0016071,mRNA metabolic process,M1,1,0
1,-2.1,GO:0004713,protein tyrosine kinase activity,M1,1,0
1,-3,GO:0005759,mitochondrial matrix,M1,1,0
1,-2.7,GO:0035023,regulation of Rho protein signal transduction,M1,1,0
1,-2.2,GO:0016817,"hydrolase activity, acting on acid anhydrides",M1,1,0
1,-2.2,GO:0022613,ribonucleoprotein complex biogenesis,M1,1,0
1,-2.2,GO:0043009,chordate embryonic development,M1,1,0
1,-2,hsa03018,RNA degradation,M1,1,0
1,-2.3,GO:0032535,regulation of cellular component size,M1,1,0
1,-2,GO:0015085,calcium ion transmembrane transporter activity,M1,1,0
1,-2.1,GO:0006511,ubiquitin-dependent protein catabolic process,M1,1,0
1,-3.9,GO:0045296,cadherin binding,M1,1,0
1,-2.4,GO:0030170,pyridoxal phosphate binding,M1,1,0
1,-2.5,GO:0002697,regulation of immune effector process,M1,1,0
1,-2.2,GO:0006886,intracellular protein transport,M1,1,0
1,-2.1,GO:0022890,inorganic cation transmembrane transporter activity,M1,1,0
1,-3.1,GO:0051169,nuclear transport,M1,1,0
1,-2.5,GO:0045088,regulation of innate immune response,M1,1,0
1,-2,GO:0060562,epithelial tube morphogenesis,M1,1,0
1,-2.3,GO:0004842,ubiquitin-protein transferase activity,M1,1,0
1,-3.4,GO:0051056,regulation of small GTPase mediated signal transduction,M1,1,0
1,-2.2,GO:0030833,regulation of actin filament polymerization,M1,1,0
1,-2.6,GO:1902904,negative regulation of supramolecular fiber organization,M1,1,0
1,-2.6,GO:0140311,protein sequestering activity,M1,1,0
1,-2.2,GO:0019787,ubiquitin-like protein transferase activity,M1,1,0
1,-3,GO:0110053,regulation of actin filament organization,M1,1,0
1,-4.3,GO:0034655,nucleobase-containing compound catabolic process,M1,1,0
1,-2.2,GO:0048524,positive regulation of viral process,M1,1,0
1,-2.3,GO:0009161,ribonucleoside monophosphate metabolic process,M1,1,0
1,-4.3,GO:0141188,nucleic acid catabolic process,M1,1,0
1,-2.5,GO:0016072,rRNA metabolic process,M1,1,0
1,-2.1,GO:0071363,cellular response to growth factor stimulus,M1,1,0
1,-2.4,GO:0010720,positive regulation of cell development,M1,1,0
1,-2.2,GO:0002822,regulation of adaptive immune response based on somatic recombination of immune receptors built from immunoglobulin superfamily domains,M1,1,0
1,-2.2,GO:0051170,import into nucleus,M1,1,0
1,-2,GO:0002819,regulation of adaptive immune response,M1,1,0
1,-2,GO:0090066,regulation of anatomical structure size,M1,1,0
1,-2.6,GO:0015695,organic cation transport,M1,1,0
1,-3.8,GO:0045446,endothelial cell differentiation,M1,1,0
1,-2.8,GO:0043065,positive regulation of apoptotic process,M1,1,0
1,-2.5,GO:0030837,negative regulation of actin filament polymerization,M1,1,0
1,-2.2,GO:0002009,morphogenesis of an epithelium,M1,1,0
1,-2.2,GO:0045862,positive regulation of proteolysis,M1,1,0
1,-2.6,GO:0051494,negative regulation of cytoskeleton organization,M1,1,0
1,-2.4,GO:0140104,molecular carrier activity,M1,1,0
1,-2.4,GO:0030863,cortical cytoskeleton,M1,1,0
1,-2.6,GO:0002831,regulation of response to biotic stimulus,M1,1,0
1,-2.5,GO:0018108,peptidyl-tyrosine phosphorylation,M1,1,0
1,-3.8,GO:0006401,RNA catabolic process,M1,1,0
1,-2.7,GO:0009132,nucleoside diphosphate metabolic process,M1,1,0
1,-2.4,GO:0070848,response to growth factor,M1,1,0
1,-2.5,hsa05164,Influenza A,M1,1,0
1,-2.5,GO:0015171,amino acid transmembrane transporter activity,M1,1,0
1,-2.6,GO:0046006,regulation of activated T cell proliferation,M1,1,0
1,-2,GO:0071260,cellular response to mechanical stimulus,M1,1,0
1,-2.4,GO:0097191,extrinsic apoptotic signaling pathway,M1,1,0
1,-5.6,GO:0003158,endothelium development,M1,1,0
1,-3.1,GO:0005925,focal adhesion,M1,1,0
1,-2.3,GO:0003007,heart morphogenesis,M1,1,0
1,-2.7,GO:0050777,negative regulation of immune response,M1,1,0
1,-2.1,GO:0005509,calcium ion binding,M1,1,0
1,-2.9,GO:0048008,platelet-derived growth factor receptor signaling pathway,M1,1,0
1,-2.4,GO:0070279,vitamin B6 binding,M1,1,0
1,-3.3,GO:0032970,regulation of actin filament-based process,M1,1,0
1,-3,GO:0048514,blood vessel morphogenesis,M1,1,0
1,-2.1,GO:0034504,protein localization to nucleus,M1,1,0
1,-2,GO:0071496,cellular response to external stimulus,M1,1,0
1,-2.1,GO:0019941,modification-dependent protein catabolic process,M1,1,0
1,-2,GO:0045665,negative regulation of neuron differentiation,M1,1,0
1,-2.1,GO:0001822,kidney development,M1,1,0
1,-4,GO:0033962,P-body assembly,M1,1,0
1,-5.6,GO:0000956,nuclear-transcribed mRNA catabolic process,M1,1,0
1,-2.1,GO:0042254,ribosome biogenesis,M1,1,0
1,-2.1,GO:1902903,regulation of supramolecular fiber organization,M1,1,0
1,-2.4,GO:0005813,centrosome,M1,1,0
1,-2.6,GO:0022411,cellular component disassembly,M1,1,0
1,-2.7,GO:0002683,negative regulation of immune system process,M1,1,0
1,-2.1,GO:0060326,cell chemotaxis,M1,1,0
1,-2.8,GO:0006364,rRNA processing,M1,1,0
1,-2.1,GO:0009792,embryo development ending in birth or egg hatching,M1,1,0
1,-2.6,GO:0030279,negative regulation of ossification,M1,1,0
1,-2.3,GO:0019866,organelle inner membrane,M1,1,0
1,-2,GO:0051603,proteolysis involved in protein catabolic process,M1,1,0
1,-2.2,GO:0016462,pyrophosphatase activity,M1,1,0
1,-2.2,GO:0016818,"hydrolase activity, acting on acid anhydrides, in phosphorus-containing anhydrides",M1,1,0
1,-2.2,GO:0002064,epithelial cell development,M1,1,0
1,-2.6,GO:0048729,tissue morphogenesis,M1,1,0
1,-2.1,GO:0016234,inclusion body,M1,1,0
1,-2.1,GO:0016755,aminoacyltransferase activity,M1,1,0
1,-2.6,GO:0035239,tube morphogenesis,M1,1,0
1,-2.6,GO:0000932,P-body,M1,1,0
1,-3.1,GO:0140313,molecular sequestering activity,M1,1,0
1,-2.5,GO:0030029,actin filament-based process,M1,1,0
1,-2.8,GO:0031344,regulation of cell projection organization,M1,1,0
1,-2.1,GO:0002020,protease binding,M1,1,0
1,-4,GO:0001944,vasculature development,M1,1,0
1,-2.1,GO:0001667,ameboidal-type cell migration,M1,1,0
1,-2.9,GO:0015101,organic cation transmembrane transporter activity,M1,1,0
1,-5,GO:0006402,mRNA catabolic process,M1,1,0
1,-2.7,GO:0043068,positive regulation of programmed cell death,M1,1,0
1,-2.9,GO:0030036,actin cytoskeleton organization,M1,1,0
1,-2.4,GO:0120035,regulation of plasma membrane bounded cell projection organization,M1,1,0
1,-3,GO:0051168,nuclear export,M1,1,0
1,-4.3,GO:0051058,negative regulation of small GTPase mediated signal transduction,M1,1,0
1,-3.1,GO:0006913,nucleocytoplasmic transport,M1,1,0
1,-2,GO:0043632,modification-dependent macromolecule catabolic process,M1,1,0
1,-2.4,GO:0010639,negative regulation of organelle organization,M1,1,0
1,-3.1,GO:0001570,vasculogenesis,M1,1,0
1,-2.3,GO:0046777,protein autophosphorylation,M1,1,0
1,-2.6,GO:0140098,"catalytic activity, acting on RNA",M1,1,0
1,-2.1,hsa04210,Apoptosis,M1,1,0
1,-2.5,GO:0015804,neutral amino acid transport,M1,1,0
1,-3.1,GO:0030055,cell-substrate junction,M1,1,0
1,-3,GO:0032956,regulation of actin cytoskeleton organization,M1,1,0
1,-2.2,GO:0000209,protein polyubiquitination,M1,1,0
1,-2.5,GO:0018212,peptidyl-tyrosine modification,M1,1,0
1,-2.1,GO:0015297,antiporter activity,M1,1,0
1,-2,GO:0017111,ribonucleoside triphosphate phosphatase activity,M1,1,0
1,-4.2,GO:0001568,blood vessel development,M1,1,0
1,-2.2,GO:0001932,regulation of protein phosphorylation,M1,1,0
1,-2.4,GO:0015629,actin cytoskeleton,M1,1,0
1,-2.1,GO:0005743,mitochondrial inner membrane,M1,1,0
1,-2.1,GO:0009165,nucleotide biosynthetic process,M1,1,0
1,-2.4,GO:0001525,angiogenesis,M1,1,0
1,-3.9,GO:0008625,extrinsic apoptotic signaling pathway via death domain receptors,M1,1,0
1,-2,GO:0009141,nucleoside triphosphate metabolic process,M1,1,0
1,-2.2,GO:0005262,calcium channel activity,M1,1,0
1,-2.8,GO:0015175,neutral L-amino acid transmembrane transporter activity,M1,1,0
1,-3.5,GO:0050839,cell adhesion molecule binding,M1,1,0
1,-2.2,GO:0032272,negative regulation of protein polymerization,M1,1,0
1,-2.4,GO:0051493,regulation of cytoskeleton organization,M1,1,0
