_MEMBER_hits,_LogP_hits,GO,Description,_PATTERN_,_RANK_,CHILD_GO_hits
1,-5.603848683731382,GO:0048519,negative regulation of biological process,M1,1,GO:0000956 nuclear-transcribed mRNA catabolic process
1,-5.576521068285248,GO:0032502,developmental process,M1,1,GO:0003158 endothelium development
1,-4.346028934429087,GO:0009987,cellular process,M1,1,GO:0141188 nucleic acid catabolic process
1,-3.9109174342238675,GO:0050896,response to stimulus,M1,1,GO:0008625 extrinsic apoptotic signaling pathway via death domain receptors
1,-3.3025481971872748,GO:0050789,regulation of biological process,M1,1,GO:0032970 regulation of actin filament-based process
1,-3.1487451998492735,GO:0051179,localization,M1,1,GO:0006913 nucleocytoplasmic transport
1,-2.818517408350524,GO:0048518,positive regulation of biological process,M1,1,GO:0043065 positive regulation of apoptotic process
1,-2.729633972192963,GO:0002376,immune system process,M1,1,GO:0050777 negative regulation of immune response
1,-2.5375544531961287,GO:0044419,biological process involved in interspecies interaction between organisms,M1,1,GO:0045088 regulation of innate immune response
1,-2.3362336746507286,GO:0065007,biological regulation,M1,1,GO:0032535 regulation of cellular component size
1,-2.2402962132106805,GO:0016032,viral process,M1,1,GO:0048524 positive regulation of viral process
1,-2.0893539135445964,GO:0040011,locomotion,M1,1,GO:0060326 cell chemotaxis
