Network,Annotation
hits,GO:0006281|DNA repair|-7.6;GO:0009127|purine nucleoside monophosphate biosynthetic process|-6.8;GO:0009124|nucleoside monophosphate biosynthetic process|-6.6
hits_MCODE_ALL,GO:0009127|purine nucleoside monophosphate biosynthetic process|-5.7;hsa01232|Nucleotide metabolism|-5.5;GO:0005681|spliceosomal complex|-5.4
hits_SUB1_MCODE_1,"GO:0005681|spliceosomal complex|-8.2;hsa03040|Spliceosome|-7.9;GO:0000398|mRNA splicing, via spliceosome|-7.6"
hits_SUB1_MCODE_3,GO:0007193|adenylate cyclase-inhibiting G protein-coupled receptor signaling pathway|-6.6;hsa04082|Neuroactive ligand signaling|-5.6;GO:0007188|adenylate cyclase-modulating G protein-coupled receptor signaling pathway|-5.2
hits_SUB1_MCODE_4,hsa01232|Nucleotide metabolism|-10.2;GO:0009127|purine nucleoside monophosphate biosynthetic process|-8.9;GO:0009124|nucleoside monophosphate biosynthetic process|-7.9
