Name,Category,CategoryID,GO,Description,PARENT_GO,LogP,Enrichment,Z-score,#TotalGeneInLibrary,#GeneInGO,#GeneInHitList,#GeneInGOAndHitList,%InGO,STDV %InGO,GeneID,Hits,Log(q-value)
hits,GO Biological Processes,19,GO:0006281,DNA repair,19_GO:0050896 response to stimulus,-7.6,5.3,7.8,30238,538,180,17,9.4,2.2,641|2968|3978|7468|8208|9149|9643|10293|10459|23049|25988|51347|55693|56916|79621|84250|116028,BLM|GTF2H4|LIG1|NSD2|CHAF1B|DYRK1B|MORF4L2|TRAIP|MAD2L2|SMG1|HINFP|TAOK3|KDM4D|SMARCAD1|RNASEH2B|SLF1|RMI2,-4.2
hits,GO Biological Processes,19,GO:0009127,purine nucleoside monophosphate biosynthetic process,19_GO:0009987 cellular process,-6.8,38,13,30238,22,180,5,2.8,1.2,159|318|1633|1716|5471,ADSS2|NUDT2|DCK|DGUOK|PPAT,-3.6
hits,GO Biological Processes,19,GO:0009124,nucleoside monophosphate biosynthetic process,19_GO:0009987 cellular process,-6.6,23,11,30238,44,180,6,3.3,1.3,159|318|1633|1716|5471|221823,ADSS2|NUDT2|DCK|DGUOK|PPAT|PRPS1L1,-3.6
hits,GO Biological Processes,19,GO:0009156,ribonucleoside monophosphate biosynthetic process,19_GO:0009987 cellular process,-5.6,23,10,30238,36,180,5,2.8,1.2,159|318|1633|5471|221823,ADSS2|NUDT2|DCK|PPAT|PRPS1L1,-2.8
hits,GO Biological Processes,19,GO:0006259,DNA metabolic process,19_GO:0009987 cellular process,-5.5,3.7,5.9,30238,762,180,17,9.4,2.2,641|2968|3978|7468|8208|9149|9643|10293|10459|23049|25988|51347|55693|56916|79621|84250|116028,BLM|GTF2H4|LIG1|NSD2|CHAF1B|DYRK1B|MORF4L2|TRAIP|MAD2L2|SMG1|HINFP|TAOK3|KDM4D|SMARCAD1|RNASEH2B|SLF1|RMI2,-2.6
hits,GO Biological Processes,19,GO:2000779,regulation of double-strand break repair,19_GO:0050896 response to stimulus,-5.4,8.9,7.5,30238,151,180,8,4.4,1.5,7468|9643|10459|29117|55693|64110|84250|116028,NSD2|MORF4L2|MAD2L2|BRD7|KDM4D|MAGEF1|SLF1|RMI2,-2.6
hits,GO Biological Processes,19,GO:0080135,regulation of cellular response to stress,19_GO:0050896 response to stimulus,-5.2,4.3,6,30238,552,180,14,7.8,2,1813|5716|7468|9643|10459|10516|29117|51347|54583|55693|64110|79621|84250|116028,DRD2|PSMD10|NSD2|MORF4L2|MAD2L2|FBLN5|BRD7|TAOK3|EGLN1|KDM4D|MAGEF1|RNASEH2B|SLF1|RMI2,-2.5
hits,GO Biological Processes,19,GO:0009126,purine nucleoside monophosphate metabolic process,19_GO:0009987 cellular process,-5.1,19,9.2,30238,45,180,5,2.8,1.2,159|318|1633|1716|5471,ADSS2|NUDT2|DCK|DGUOK|PPAT,-2.5
hits,GO Molecular Functions,21,GO:0098882,structural constituent of presynaptic active zone,,-5.1,72,15,30238,7,180,3,1.7,0.95,8927|26059|27445,BSN|ERC2|PCLO,-2.5
hits,GO Biological Processes,19,GO:0009123,nucleoside monophosphate metabolic process,19_GO:0009987 cellular process,-5.1,13,8.1,30238,79,180,6,3.3,1.3,159|318|1633|1716|5471|221823,ADSS2|NUDT2|DCK|DGUOK|PPAT|PRPS1L1,-2.4
hits,GO Biological Processes,19,GO:0051052,regulation of DNA metabolic process,19_GO:0050789 regulation of biological process,-5,4.4,5.9,30238,498,180,13,7.2,1.9,641|7468|8550|9643|10459|23049|29117|55693|56252|56916|64110|84250|116028,BLM|NSD2|MAPKAPK5|MORF4L2|MAD2L2|SMG1|BRD7|KDM4D|YLPM1|SMARCAD1|MAGEF1|SLF1|RMI2,-2.4
hits,GO Biological Processes,19,GO:0048790,maintenance of presynaptic active zone structure,19_GO:0009987 cellular process,-4.9,63,14,30238,8,180,3,1.7,0.95,8927|26059|27445,BSN|ERC2|PCLO,-2.3
hits,GO Biological Processes,19,GO:1990709,presynaptic active zone organization,19_GO:0009987 cellular process,-4.6,50,12,30238,10,180,3,1.7,0.95,8927|26059|27445,BSN|ERC2|PCLO,-2.1
hits,GO Biological Processes,19,GO:0000018,regulation of DNA recombination,19_GO:0050789 regulation of biological process,-4.5,8.1,6.6,30238,146,180,7,3.9,1.4,641|7468|9643|10459|56916|64110|116028,BLM|NSD2|MORF4L2|MAD2L2|SMARCAD1|MAGEF1|RMI2,-2.1
hits,GO Biological Processes,19,GO:0009161,ribonucleoside monophosphate metabolic process,19_GO:0009987 cellular process,-4.5,14,7.7,30238,61,180,5,2.8,1.2,159|318|1633|5471|221823,ADSS2|NUDT2|DCK|PPAT|PRPS1L1,-2
hits,GO Biological Processes,19,GO:0031399,regulation of protein modification process,19_GO:0050789 regulation of biological process,-4.5,3.6,5.3,30238,645,180,14,7.8,2,641|3642|4878|5716|9636|10054|10459|10920|23533|29108|51347|55693|57817|553115,BLM|INSM1|NPPA|PSMD10|ISG15|UBA2|MAD2L2|COPS8|PIK3R5|PYCARD|TAOK3|KDM4D|HAMP|PEF1,-2
hits,GO Cellular Components,20,GO:0030424,axon,,-4.3,3.5,5.1,30238,664,180,14,7.8,2,794|1813|1861|2044|3508|3739|8927|9256|23394|26059|27445|51738|57554|79784,CALB2|DRD2|TOR1A|EPHA5|IGHMBP2|KCNA4|BSN|TSPOAP1|ADNP|ERC2|PCLO|GHRL|LRRC7|MYH14,-1.9
hits,GO Biological Processes,19,GO:0006167,AMP biosynthetic process,19_GO:0009987 cellular process,-4.2,39,11,30238,13,180,3,1.7,0.95,159|318|5471,ADSS2|NUDT2|PPAT,-1.8
hits,GO Biological Processes,19,GO:0099509,regulation of presynaptic cytosolic calcium ion concentration,19_GO:0042592 homeostatic process,-4.1,36,10,30238,14,180,3,1.7,0.95,794|9256|26059,CALB2|TSPOAP1|ERC2,-1.7
hits,GO Cellular Components,20,GO:0098831,presynaptic active zone cytoplasmic component,,-4.1,36,10,30238,14,180,3,1.7,0.95,8927|26059|27445,BSN|ERC2|PCLO,-1.7
hits,GO Biological Processes,19,GO:0071900,regulation of protein serine/threonine kinase activity,19_GO:0050789 regulation of biological process,-4.1,8.5,6.3,30238,119,180,6,3.3,1.3,641|4878|5716|23533|29108|51347,BLM|NPPA|PSMD10|PIK3R5|PYCARD|TAOK3,-1.7
hits,GO Biological Processes,19,GO:0006282,regulation of DNA repair,19_GO:0050896 response to stimulus,-4,5.7,5.6,30238,237,180,8,4.4,1.5,7468|9643|10459|29117|55693|64110|84250|116028,NSD2|MORF4L2|MAD2L2|BRD7|KDM4D|MAGEF1|SLF1|RMI2,-1.6
hits,GO Biological Processes,19,GO:0033044,regulation of chromosome organization,19_GO:0050789 regulation of biological process,-3.9,5.5,5.5,30238,244,180,8,4.4,1.5,8550|10459|11130|23049|29117|56252|84250|116028,MAPKAPK5|MAD2L2|ZWINT|SMG1|BRD7|YLPM1|SLF1|RMI2,-1.6
hits,GO Biological Processes,19,GO:0001932,regulation of protein phosphorylation,19_GO:0050789 regulation of biological process,-3.9,4.3,5.1,30238,387,180,10,5.6,1.7,641|3642|4878|5716|10459|10920|23533|29108|51347|55693,BLM|INSM1|NPPA|PSMD10|MAD2L2|COPS8|PIK3R5|PYCARD|TAOK3|KDM4D,-1.6
hits,GO Biological Processes,19,GO:0006164,purine nucleotide biosynthetic process,19_GO:0009987 cellular process,-3.9,6.4,5.7,30238,183,180,7,3.9,1.4,159|318|1633|1716|4878|5471|221823,ADSS2|NUDT2|DCK|DGUOK|NPPA|PPAT|PRPS1L1,-1.6
hits,KEGG Pathway,24,hsa00230,Purine metabolism,,-3.9,7.9,6,30238,128,180,6,3.3,1.3,159|318|1633|1716|5471|221823,ADSS2|NUDT2|DCK|DGUOK|PPAT|PRPS1L1,-1.6
hits,GO Biological Processes,19,GO:0099536,synaptic signaling,19_GO:0050789 regulation of biological process,-3.7,3.8,4.8,30238,490,180,11,6.1,1.8,784|794|1129|1813|3358|4878|8927|9607|26059|27445|51738,CACNB3|CALB2|CHRM2|DRD2|HTR2C|NPPA|BSN|CARTPT|ERC2|PCLO|GHRL,-1.4
hits,KEGG Pathway,24,hsa05202,Transcriptional misregulation in cancer,,-3.7,5.9,5.3,30238,201,180,7,3.9,1.4,862|3195|4211|7102|7468|8352|30012,RUNX1T1|TLX1|MEIS1|TSPAN7|NSD2|H3C3|TLX3,-1.3
hits,GO Biological Processes,19,GO:0006401,RNA catabolic process,19_GO:0009987 cellular process,-3.7,5.9,5.3,30238,201,180,7,3.9,1.4,9567|11340|23049|23658|55110|65109|79621,GTPBP1|EXOSC8|SMG1|LSM5|MAGOHB|UPF3B|RNASEH2B,-1.3
hits,GO Molecular Functions,21,GO:0022843,voltage-gated monoatomic cation channel activity,,-3.7,7.1,5.6,30238,142,180,6,3.3,1.3,778|784|3739|9256|9424|10089,CACNA1F|CACNB3|KCNA4|TSPOAP1|KCNK6|KCNK7,-1.3
hits,GO Biological Processes,19,GO:0019220,regulation of phosphate metabolic process,19_GO:0050789 regulation of biological process,-3.7,3.4,4.6,30238,586,180,12,6.7,1.9,641|1813|3358|3642|4878|5716|10459|10920|23533|29108|51347|55693,BLM|DRD2|HTR2C|INSM1|NPPA|PSMD10|MAD2L2|COPS8|PIK3R5|PYCARD|TAOK3|KDM4D,-1.3
hits,GO Biological Processes,19,GO:0009168,purine ribonucleoside monophosphate biosynthetic process,19_GO:0009987 cellular process,-3.7,25,8.4,30238,20,180,3,1.7,0.95,159|318|5471,ADSS2|NUDT2|PPAT,-1.3
hits,GO Biological Processes,19,GO:0051174,regulation of phosphorus metabolic process,19_GO:0050789 regulation of biological process,-3.7,3.4,4.6,30238,587,180,12,6.7,1.9,641|1813|3358|3642|4878|5716|10459|10920|23533|29108|51347|55693,BLM|DRD2|HTR2C|INSM1|NPPA|PSMD10|MAD2L2|COPS8|PIK3R5|PYCARD|TAOK3|KDM4D,-1.3
hits,GO Biological Processes,19,GO:0010564,regulation of cell cycle process,19_GO:0050789 regulation of biological process,-3.6,3,4.4,30238,775,180,14,7.8,2,641|1813|3553|3642|7514|10459|11130|25988|29117|51347|58490|79621|84250|116028,BLM|DRD2|IL1B|INSM1|XPO1|MAD2L2|ZWINT|HINFP|BRD7|TAOK3|RPRD1B|RNASEH2B|SLF1|RMI2,-1.3
hits,GO Cellular Components,20,GO:0140168,nuclear ribonucleoprotein granule,,-3.6,3.6,4.6,30238,507,180,11,6.1,1.8,2483|2968|7514|10465|25988|51362|54033|55837|56252|64326|116028,FRG1|GTF2H4|XPO1|PPIH|HINFP|CDC40|RBM11|EAPP|YLPM1|COP1|RMI2,-1.3
hits,GO Biological Processes,19,GO:0043408,regulation of MAPK cascade,19_GO:0050896 response to stimulus,-3.6,3.2,4.5,30238,688,180,13,7.2,1.9,1813|2046|3358|3553|4878|5716|5801|9607|10298|23533|29108|51347|51738,DRD2|EPHA8|HTR2C|IL1B|NPPA|PSMD10|PTPRR|CARTPT|PAK4|PIK3R5|PYCARD|TAOK3|GHRL,-1.3
hits,GO Biological Processes,19,GO:0042325,regulation of phosphorylation,19_GO:0050789 regulation of biological process,-3.6,3.9,4.7,30238,431,180,10,5.6,1.7,641|3642|4878|5716|10459|10920|23533|29108|51347|55693,BLM|INSM1|NPPA|PSMD10|MAD2L2|COPS8|PIK3R5|PYCARD|TAOK3|KDM4D,-1.3
hits,GO Biological Processes,19,GO:0046033,AMP metabolic process,19_GO:0009987 cellular process,-3.5,22,7.8,30238,23,180,3,1.7,0.95,159|318|5471,ADSS2|NUDT2|PPAT,-1.2
hits,GO Biological Processes,19,GO:2000781,positive regulation of double-strand break repair,19_GO:0048518 positive regulation of biological process,-3.5,8.4,5.7,30238,100,180,5,2.8,1.2,9643|10459|29117|55693|84250,MORF4L2|MAD2L2|BRD7|KDM4D|SLF1,-1.2
hits,GO Biological Processes,19,GO:0009117,nucleotide metabolic process,19_GO:0009987 cellular process,-3.5,3.8,4.6,30238,443,180,10,5.6,1.7,159|318|1633|1716|4878|5471|9567|51251|79621|221823,ADSS2|NUDT2|DCK|DGUOK|NPPA|PPAT|GTPBP1|NT5C3A|RNASEH2B|PRPS1L1,-1.2
hits,GO Biological Processes,19,GO:0009165,nucleotide biosynthetic process,19_GO:0009987 cellular process,-3.5,5.4,5,30238,218,180,7,3.9,1.4,159|318|1633|1716|4878|5471|221823,ADSS2|NUDT2|DCK|DGUOK|NPPA|PPAT|PRPS1L1,-1.2
hits,GO Biological Processes,19,GO:0045910,negative regulation of DNA recombination,19_GO:0048519 negative regulation of biological process,-3.5,12,6.4,30238,56,180,4,2.2,1.1,641|10459|64110|116028,BLM|MAD2L2|MAGEF1|RMI2,-1.2
hits,GO Biological Processes,19,GO:0141188,nucleic acid catabolic process,19_GO:0009987 cellular process,-3.4,5.2,4.9,30238,225,180,7,3.9,1.4,9567|11340|23049|23658|55110|65109|79621,GTPBP1|EXOSC8|SMG1|LSM5|MAGOHB|UPF3B|RNASEH2B,-1.1
hits,GO Biological Processes,19,GO:0032098,regulation of appetite,19_GO:0050896 response to stimulus,-3.4,20,7.4,30238,25,180,3,1.7,0.95,3358|9607|51738,HTR2C|CARTPT|GHRL,-1.1
hits,GO Molecular Functions,21,GO:0016301,kinase activity,,-3.3,3,4.2,30238,729,180,13,7.2,1.9,1633|1716|2044|2046|8550|9149|10298|23049|23552|51347|84033|221823|100507588,DCK|DGUOK|EPHA5|EPHA8|MAPKAPK5|DYRK1B|PAK4|SMG1|CDK20|TAOK3|OBSCN|PRPS1L1|TGFBR3L,-1.1
hits,KEGG Pathway,24,hsa04010,MAPK signaling pathway,,-3.3,4.5,4.7,30238,300,180,8,4.4,1.5,778|784|3553|3925|5623|5801|8550|51347,CACNA1F|CACNB3|IL1B|STMN1|PSPN|PTPRR|MAPKAPK5|TAOK3,-1.1
hits,GO Biological Processes,19,GO:0051338,regulation of transferase activity,19_GO:0065007 biological regulation,-3.3,4.4,4.6,30238,304,180,8,4.4,1.5,641|4878|5716|10459|10920|23533|29108|51347,BLM|NPPA|PSMD10|MAD2L2|COPS8|PIK3R5|PYCARD|TAOK3,-1.1
hits,GO Biological Processes,19,GO:0046390,ribose phosphate biosynthetic process,19_GO:0009987 cellular process,-3.3,6,5,30238,168,180,6,3.3,1.3,159|318|1633|4878|5471|221823,ADSS2|NUDT2|DCK|NPPA|PPAT|PRPS1L1,-1.1
hits,GO Biological Processes,19,GO:0045859,regulation of protein kinase activity,19_GO:0050789 regulation of biological process,-3.3,5,4.8,30238,234,180,7,3.9,1.4,641|4878|5716|10920|23533|29108|51347,BLM|NPPA|PSMD10|COPS8|PIK3R5|PYCARD|TAOK3,-1.1
hits,GO Biological Processes,19,GO:0006302,double-strand break repair,19_GO:0050896 response to stimulus,-3.2,5,4.7,30238,237,180,7,3.9,1.4,641|7468|10459|55693|56916|84250|116028,BLM|NSD2|MAD2L2|KDM4D|SMARCAD1|SLF1|RMI2,-1
hits,GO Molecular Functions,21,GO:0005244,voltage-gated monoatomic ion channel activity,,-3.2,5.9,4.9,30238,172,180,6,3.3,1.3,778|784|3739|9256|9424|10089,CACNA1F|CACNB3|KCNA4|TSPOAP1|KCNK6|KCNK7,-1
hits,GO Biological Processes,19,GO:0050790,regulation of catalytic activity,19_GO:0065007 biological regulation,-3.2,3.3,4.2,30238,565,180,11,6.1,1.8,641|2044|3553|3925|4878|5716|10459|10920|23533|29108|51347,BLM|EPHA5|IL1B|STMN1|NPPA|PSMD10|MAD2L2|COPS8|PIK3R5|PYCARD|TAOK3,-1
hits,GO Biological Processes,19,GO:0010817,regulation of hormone levels,19_GO:0065007 biological regulation,-3.2,3.3,4.2,30238,566,180,11,6.1,1.8,1545|1813|2044|3358|3553|5447|6927|9607|27445|51738|151056,CYP1B1|DRD2|EPHA5|HTR2C|IL1B|POR|HNF1A|CARTPT|PCLO|GHRL|PLB1,-1
hits,GO Molecular Functions,21,GO:0022832,voltage-gated channel activity,,-3.2,5.8,4.9,30238,174,180,6,3.3,1.3,778|784|3739|9256|9424|10089,CACNA1F|CACNB3|KCNA4|TSPOAP1|KCNK6|KCNK7,-1
hits,GO Biological Processes,19,GO:1903320,regulation of protein modification by small protein conjugation or removal,19_GO:0050789 regulation of biological process,-3.2,4.9,4.7,30238,242,180,7,3.9,1.4,5716|9636|10054|10459|10920|57817|553115,PSMD10|ISG15|UBA2|MAD2L2|COPS8|HAMP|PEF1,-1
hits,GO Biological Processes,19,GO:0072522,purine-containing compound biosynthetic process,19_GO:0009987 cellular process,-3.2,4.9,4.7,30238,242,180,7,3.9,1.4,159|318|1633|1716|4878|5471|221823,ADSS2|NUDT2|DCK|DGUOK|NPPA|PPAT|PRPS1L1,-1
hits,GO Cellular Components,20,GO:0098982,GABA-ergic synapse,,-3.2,7.2,5.2,30238,116,180,5,2.8,1.2,1813|8927|23229|26059|27445,DRD2|BSN|ARHGEF9|ERC2|PCLO,-0.99
hits,GO Biological Processes,19,GO:0016071,mRNA metabolic process,19_GO:0009987 cellular process,-3.2,3,4.1,30238,665,180,12,6.7,1.9,2483|6628|10465|10657|11340|23049|23658|51362|54033|55110|58490|65109,FRG1|SNRPB|PPIH|KHDRBS1|EXOSC8|SMG1|LSM5|CDC40|RBM11|MAGOHB|RPRD1B|UPF3B,-0.99
hits,GO Biological Processes,19,GO:2001032,regulation of double-strand break repair via nonhomologous end joining,19_GO:0050896 response to stimulus,-3.2,17,6.8,30238,29,180,3,1.7,0.95,7468|10459|55693,NSD2|MAD2L2|KDM4D,-0.99
hits,GO Molecular Functions,21,GO:0098918,structural constituent of synapse,,-3.2,17,6.8,30238,29,180,3,1.7,0.95,8927|26059|27445,BSN|ERC2|PCLO,-0.99
hits,GO Cellular Components,20,GO:0099738,cell cortex region,,-3.2,17,6.8,30238,29,180,3,1.7,0.95,8927|26059|27445,BSN|ERC2|PCLO,-0.99
hits,GO Biological Processes,19,GO:1901873,regulation of post-translational protein modification,19_GO:0050789 regulation of biological process,-3.1,4.8,4.6,30238,247,180,7,3.9,1.4,5716|9636|10054|10459|10920|57817|553115,PSMD10|ISG15|UBA2|MAD2L2|COPS8|HAMP|PEF1,-0.97
hits,GO Biological Processes,19,GO:2000042,negative regulation of double-strand break repair via homologous recombination,19_GO:0048519 negative regulation of biological process,-3.1,17,6.7,30238,30,180,3,1.7,0.95,10459|64110|116028,MAD2L2|MAGEF1|RMI2,-0.96
hits,GO Biological Processes,19,GO:0019934,cGMP-mediated signaling,19_GO:0050896 response to stimulus,-3.1,17,6.7,30238,30,180,3,1.7,0.95,3358|4878|23394,HTR2C|NPPA|ADNP,-0.96
hits,GO Molecular Functions,21,GO:0016773,"phosphotransferase activity, alcohol group as acceptor",,-3.1,3,4,30238,680,180,12,6.7,1.9,1633|2044|2046|8550|9149|10298|23049|23552|51251|51347|84033|100507588,DCK|EPHA5|EPHA8|MAPKAPK5|DYRK1B|PAK4|SMG1|CDK20|NT5C3A|TAOK3|OBSCN|TGFBR3L,-0.93
hits,GO Biological Processes,19,GO:0046888,negative regulation of hormone secretion,19_GO:0051179 localization,-3.1,9.6,5.6,30238,70,180,4,2.2,1.1,1813|3553|9607|51738,DRD2|IL1B|CARTPT|GHRL,-0.93
hits,GO Biological Processes,19,GO:0099558,maintenance of synapse structure,19_GO:0009987 cellular process,-3.1,16,6.6,30238,31,180,3,1.7,0.95,8927|26059|27445,BSN|ERC2|PCLO,-0.93
hits,GO Biological Processes,19,GO:0019693,ribose phosphate metabolic process,19_GO:0009987 cellular process,-3.1,4.1,4.4,30238,329,180,8,4.4,1.5,159|318|1633|4878|5471|9567|79621|221823,ADSS2|NUDT2|DCK|NPPA|PPAT|GTPBP1|RNASEH2B|PRPS1L1,-0.93
hits,GO Molecular Functions,21,GO:0016705,"oxidoreductase activity, acting on paired donors, with incorporation or reduction of molecular oxygen",,-3.1,5.5,4.7,30238,184,180,6,3.3,1.3,1545|5447|7306|54583|55693|260293,CYP1B1|POR|TYRP1|EGLN1|KDM4D|CYP4X1,-0.93
hits,GO Biological Processes,19,GO:0043549,regulation of kinase activity,19_GO:0050789 regulation of biological process,-3,4.6,4.5,30238,256,180,7,3.9,1.4,641|4878|5716|10920|23533|29108|51347,BLM|NPPA|PSMD10|COPS8|PIK3R5|PYCARD|TAOK3,-0.9
hits,GO Biological Processes,19,GO:0071214,cellular response to abiotic stimulus,19_GO:0050896 response to stimulus,-3,4,4.2,30238,339,180,8,4.4,1.5,159|641|838|3553|4878|29108|55693|126006,ADSS2|BLM|CASP5|IL1B|NPPA|PYCARD|KDM4D|PCP2,-0.86
hits,GO Biological Processes,19,GO:0104004,cellular response to environmental stimulus,19_GO:0050896 response to stimulus,-3,4,4.2,30238,339,180,8,4.4,1.5,159|641|838|3553|4878|29108|55693|126006,ADSS2|BLM|CASP5|IL1B|NPPA|PYCARD|KDM4D|PCP2,-0.86
hits,GO Biological Processes,19,GO:0040018,positive regulation of multicellular organism growth,19_GO:0040007 growth,-3,15,6.2,30238,34,180,3,1.7,0.95,1813|5830|51738,DRD2|PEX5|GHRL,-0.83
hits,GO Biological Processes,19,GO:0030072,peptide hormone secretion,19_GO:0051179 localization,-3,8.8,5.3,30238,76,180,4,2.2,1.1,6927|9607|27445|51738,HNF1A|CARTPT|PCLO|GHRL,-0.82
hits,GO Biological Processes,19,GO:0007268,chemical synaptic transmission,19_GO:0050789 regulation of biological process,-2.9,3.5,4.1,30238,429,180,9,5,1.6,784|1129|1813|3358|8927|9607|26059|27445|51738,CACNB3|CHRM2|DRD2|HTR2C|BSN|CARTPT|ERC2|PCLO|GHRL,-0.82
hits,GO Biological Processes,19,GO:0098916,anterograde trans-synaptic signaling,19_GO:0050789 regulation of biological process,-2.9,3.5,4.1,30238,429,180,9,5,1.6,784|1129|1813|3358|8927|9607|26059|27445|51738,CACNB3|CHRM2|DRD2|HTR2C|BSN|CARTPT|ERC2|PCLO|GHRL,-0.82
hits,GO Biological Processes,19,GO:0006402,mRNA catabolic process,19_GO:0048519 negative regulation of biological process,-2.9,6.4,4.8,30238,131,180,5,2.8,1.2,11340|23049|23658|55110|65109,EXOSC8|SMG1|LSM5|MAGOHB|UPF3B,-0.82
hits,GO Biological Processes,19,GO:0071466,cellular response to xenobiotic stimulus,19_GO:0050896 response to stimulus,-2.9,5,4.4,30238,200,180,6,3.3,1.3,196|1545|2941|3553|5447|119391,AHR|CYP1B1|GSTA4|IL1B|POR|GSTO2,-0.77
hits,GO Biological Processes,19,GO:0055086,nucleobase-containing small molecule metabolic process,19_GO:0009987 cellular process,-2.9,3,3.8,30238,621,180,11,6.1,1.8,159|318|1633|1716|2079|4878|5471|9567|51251|79621|221823,ADSS2|NUDT2|DCK|DGUOK|ERH|NPPA|PPAT|GTPBP1|NT5C3A|RNASEH2B|PRPS1L1,-0.77
hits,GO Cellular Components,20,GO:0090734,site of DNA damage,,-2.9,6.2,4.7,30238,135,180,5,2.8,1.2,10293|10459|55693|56916|84250,TRAIP|MAD2L2|KDM4D|SMARCAD1|SLF1,-0.77
hits,GO Biological Processes,19,GO:0006805,xenobiotic metabolic process,19_GO:0050896 response to stimulus,-2.9,6.2,4.7,30238,136,180,5,2.8,1.2,196|1545|2941|5447|119391,AHR|CYP1B1|GSTA4|POR|GSTO2,-0.76
hits,GO Cellular Components,20,GO:0030425,dendrite,,-2.9,2.9,3.8,30238,627,180,11,6.1,1.8,794|1129|1813|2044|2046|3358|3739|8927|11130|23394|58498,CALB2|CHRM2|DRD2|EPHA5|EPHA8|HTR2C|KCNA4|BSN|ZWINT|ADNP|MYL7,-0.75
hits,GO Biological Processes,19,GO:0002790,peptide secretion,19_GO:0051179 localization,-2.8,8.3,5.1,30238,81,180,4,2.2,1.1,6927|9607|27445|51738,HNF1A|CARTPT|PCLO|GHRL,-0.75
hits,GO Cellular Components,20,GO:0097447,dendritic tree,,-2.8,2.9,3.8,30238,629,180,11,6.1,1.8,794|1129|1813|2044|2046|3358|3739|8927|11130|23394|58498,CALB2|CHRM2|DRD2|EPHA5|EPHA8|HTR2C|KCNA4|BSN|ZWINT|ADNP|MYL7,-0.75
hits,GO Biological Processes,19,GO:0002821,positive regulation of adaptive immune response,19_GO:0002376 immune system process,-2.8,6.1,4.6,30238,138,180,5,2.8,1.2,3553|7468|10459|10673|29108,IL1B|NSD2|MAD2L2|TNFSF13B|PYCARD,-0.75
hits,GO Molecular Functions,21,GO:0042803,protein homodimerization activity,,-2.8,2.8,3.7,30238,730,180,12,6.7,1.9,196|641|1633|2941|6927|7306|10516|25902|29108|54033|138199|221823,AHR|BLM|DCK|GSTA4|HNF1A|TYRP1|FBLN5|MTHFD1L|PYCARD|RBM11|CARNMT1|PRPS1L1,-0.74
hits,GO Cellular Components,20,GO:0150034,distal axon,,-2.8,4.2,4.2,30238,280,180,7,3.9,1.4,794|1813|1861|3508|9256|26059|79784,CALB2|DRD2|TOR1A|IGHMBP2|TSPOAP1|ERC2|MYH14,-0.74
hits,GO Biological Processes,19,GO:0000184,"nuclear-transcribed mRNA catabolic process, nonsense-mediated decay",19_GO:0048519 negative regulation of biological process,-2.8,13,5.9,30238,38,180,3,1.7,0.95,23049|55110|65109,SMG1|MAGOHB|UPF3B,-0.74
hits,GO Biological Processes,19,GO:0051054,positive regulation of DNA metabolic process,19_GO:0048518 positive regulation of biological process,-2.8,4.2,4.1,30238,283,180,7,3.9,1.4,7468|8550|9643|10459|29117|55693|84250,NSD2|MAPKAPK5|MORF4L2|MAD2L2|BRD7|KDM4D|SLF1,-0.72
hits,GO Biological Processes,19,GO:0099537,trans-synaptic signaling,19_GO:0050789 regulation of biological process,-2.8,3.4,3.9,30238,451,180,9,5,1.6,784|1129|1813|3358|8927|9607|26059|27445|51738,CACNB3|CHRM2|DRD2|HTR2C|BSN|CARTPT|ERC2|PCLO|GHRL,-0.72
hits,GO Cellular Components,20,GO:0005681,spliceosomal complex,,-2.8,4.8,4.3,30238,209,180,6,3.3,1.3,2483|6628|10465|23658|51362|55110,FRG1|SNRPB|PPIH|LSM5|CDC40|MAGOHB,-0.71
hits,KEGG Pathway,24,hsa01232,Nucleotide metabolism,,-2.8,7.9,4.9,30238,85,180,4,2.2,1.1,159|1633|1716|51251,ADSS2|DCK|DGUOK|NT5C3A,-0.7
hits,GO Biological Processes,19,GO:0045739,positive regulation of DNA repair,19_GO:0048518 positive regulation of biological process,-2.8,5.9,4.5,30238,143,180,5,2.8,1.2,9643|10459|29117|55693|84250,MORF4L2|MAD2L2|BRD7|KDM4D|SLF1,-0.7
hits,GO Biological Processes,19,GO:0090276,regulation of peptide hormone secretion,19_GO:0051179 localization,-2.8,4.8,4.3,30238,211,180,6,3.3,1.3,1813|2044|3358|3553|9607|51738,DRD2|EPHA5|HTR2C|IL1B|CARTPT|GHRL,-0.7
hits,GO Biological Processes,19,GO:0010569,regulation of double-strand break repair via homologous recombination,19_GO:0050896 response to stimulus,-2.8,7.8,4.9,30238,86,180,4,2.2,1.1,9643|10459|64110|116028,MORF4L2|MAD2L2|MAGEF1|RMI2,-0.69
hits,GO Biological Processes,19,GO:0002791,regulation of peptide secretion,19_GO:0051179 localization,-2.7,4.7,4.2,30238,215,180,6,3.3,1.3,1813|2044|3358|3553|9607|51738,DRD2|EPHA5|HTR2C|IL1B|CARTPT|GHRL,-0.67
hits,GO Biological Processes,19,GO:0031401,positive regulation of protein modification process,19_GO:0048518 positive regulation of biological process,-2.7,3.6,3.9,30238,375,180,8,4.4,1.5,5716|10054|10459|10920|23533|51347|57817|553115,PSMD10|UBA2|MAD2L2|COPS8|PIK3R5|TAOK3|HAMP|PEF1,-0.66
hits,GO Cellular Components,20,GO:0035770,ribonucleoprotein granule,,-2.7,2.7,3.6,30238,754,180,12,6.7,1.9,2483|2968|7514|10465|23049|25988|51362|54033|55837|56252|64326|116028,FRG1|GTF2H4|XPO1|PPIH|SMG1|HINFP|CDC40|RBM11|EAPP|YLPM1|COP1|RMI2,-0.66
hits,GO Cellular Components,20,GO:0005882,intermediate filament,,-2.7,4.6,4.2,30238,217,180,6,3.3,1.3,631|386681|386682|386684|387266|440023,BFSP1|KRTAP10-8|KRTAP10-3|KRTAP12-4|KRTAP5-3|KRTAP5-6,-0.66
hits,GO Biological Processes,19,GO:0090087,regulation of peptide transport,19_GO:0051179 localization,-2.7,4.6,4.2,30238,217,180,6,3.3,1.3,1813|2044|3358|3553|9607|51738,DRD2|EPHA5|HTR2C|IL1B|CARTPT|GHRL,-0.66
hits,GO Biological Processes,19,GO:0009167,purine ribonucleoside monophosphate metabolic process,19_GO:0009987 cellular process,-2.7,12,5.5,30238,42,180,3,1.7,0.95,159|318|5471,ADSS2|NUDT2|PPAT,-0.65
hits,GO Molecular Functions,21,GO:0005245,voltage-gated calcium channel activity,,-2.7,12,5.5,30238,42,180,3,1.7,0.95,778|784|9256,CACNA1F|CACNB3|TSPOAP1,-0.65
hits,GO Biological Processes,19,GO:0007631,feeding behavior,19_GO:0032501 multicellular organismal process,-2.7,7.5,4.8,30238,90,180,4,2.2,1.1,1813|3358|9607|51738,DRD2|HTR2C|CARTPT|GHRL,-0.64
hits,GO Cellular Components,20,GO:0071013,catalytic step 2 spliceosome,,-2.7,7.5,4.8,30238,90,180,4,2.2,1.1,2483|6628|51362|55110,FRG1|SNRPB|CDC40|MAGOHB,-0.64
hits,GO Biological Processes,19,GO:2000780,negative regulation of double-strand break repair,19_GO:0048519 negative regulation of biological process,-2.7,12,5.4,30238,43,180,3,1.7,0.95,10459|64110|116028,MAD2L2|MAGEF1|RMI2,-0.63
hits,GO Biological Processes,19,GO:0050805,negative regulation of synaptic transmission,19_GO:0048519 negative regulation of biological process,-2.7,12,5.4,30238,43,180,3,1.7,0.95,1813|3553|23394,DRD2|IL1B|ADNP,-0.63
hits,GO Biological Processes,19,GO:0006163,purine nucleotide metabolic process,19_GO:0009987 cellular process,-2.7,3.5,3.8,30238,384,180,8,4.4,1.5,159|318|1633|1716|4878|5471|9567|221823,ADSS2|NUDT2|DCK|DGUOK|NPPA|PPAT|GTPBP1|PRPS1L1,-0.62
hits,GO Biological Processes,19,GO:0043410,positive regulation of MAPK cascade,19_GO:0048518 positive regulation of biological process,-2.6,3.2,3.7,30238,474,180,9,5,1.6,1813|2046|3358|3553|9607|23533|29108|51347|51738,DRD2|EPHA8|HTR2C|IL1B|CARTPT|PIK3R5|PYCARD|TAOK3|GHRL,-0.62
hits,GO Biological Processes,19,GO:1901293,nucleoside phosphate biosynthetic process,19_GO:0009987 cellular process,-2.6,3.9,3.9,30238,301,180,7,3.9,1.4,159|318|1633|1716|4878|5471|221823,ADSS2|NUDT2|DCK|DGUOK|NPPA|PPAT|PRPS1L1,-0.62
hits,GO Cellular Components,20,GO:0046540,U4/U6 x U5 tri-snRNP complex,,-2.6,11,5.4,30238,44,180,3,1.7,0.95,6628|10465|23658,SNRPB|PPIH|LSM5,-0.62
hits,GO Biological Processes,19,GO:0002819,regulation of adaptive immune response,19_GO:0002376 immune system process,-2.6,4.5,4.1,30238,224,180,6,3.3,1.3,196|3553|7468|10459|10673|29108,AHR|IL1B|NSD2|MAD2L2|TNFSF13B|PYCARD,-0.62
hits,GO Biological Processes,19,GO:0090407,organophosphate biosynthetic process,19_GO:0009987 cellular process,-2.6,2.9,3.6,30238,571,180,10,5.6,1.7,159|318|1633|1716|4878|5471|5724|23049|23761|221823,ADSS2|NUDT2|DCK|DGUOK|NPPA|PPAT|PTAFR|SMG1|PISD|PRPS1L1,-0.62
hits,GO Molecular Functions,21,GO:0004672,protein kinase activity,,-2.6,2.9,3.6,30238,571,180,10,5.6,1.7,2044|2046|8550|9149|10298|23049|23552|51347|84033|100507588,EPHA5|EPHA8|MAPKAPK5|DYRK1B|PAK4|SMG1|CDK20|TAOK3|OBSCN|TGFBR3L,-0.62
hits,GO Biological Processes,19,GO:0000075,cell cycle checkpoint signaling,19_GO:0048519 negative regulation of biological process,-2.6,5.4,4.3,30238,155,180,5,2.8,1.2,641|10459|11130|25988|51347,BLM|MAD2L2|ZWINT|HINFP|TAOK3,-0.61
hits,GO Molecular Functions,21,GO:0051213,dioxygenase activity,,-2.6,7.1,4.6,30238,94,180,4,2.2,1.1,5447|54583|55693|57168,POR|EGLN1|KDM4D|ASPHD2,-0.61
hits,GO Biological Processes,19,GO:0045738,negative regulation of DNA repair,19_GO:0048519 negative regulation of biological process,-2.6,11,5.3,30238,45,180,3,1.7,0.95,10459|64110|116028,MAD2L2|MAGEF1|RMI2,-0.61
hits,GO Cellular Components,20,GO:0097526,spliceosomal tri-snRNP complex,,-2.6,11,5.3,30238,45,180,3,1.7,0.95,6628|10465|23658,SNRPB|PPIH|LSM5,-0.61
hits,GO Cellular Components,20,GO:0005684,U2-type spliceosomal complex,,-2.6,7.1,4.6,30238,95,180,4,2.2,1.1,6628|23658|51362|55110,SNRPB|LSM5|CDC40|MAGOHB,-0.59
hits,GO Molecular Functions,21,GO:0016491,oxidoreductase activity,,-2.6,2.7,3.5,30238,677,180,11,6.1,1.8,1545|5447|7306|25902|26063|54583|55693|57168|119391|143686|260293,CYP1B1|POR|TYRP1|MTHFD1L|DECR2|EGLN1|KDM4D|ASPHD2|GSTO2|SESN3|CYP4X1,-0.59
hits,GO Biological Processes,19,GO:0097553,calcium ion transmembrane import into cytosol,19_GO:0051179 localization,-2.6,7,4.6,30238,96,180,4,2.2,1.1,778|784|1813|3358,CACNA1F|CACNB3|DRD2|HTR2C,-0.58
hits,GO Cellular Components,20,GO:0043025,neuronal cell body,,-2.6,3.1,3.6,30238,486,180,9,5,1.6,778|1813|2044|4878|8507|23394|29108|55110|65109,CACNA1F|DRD2|EPHA5|NPPA|ENC1|ADNP|PYCARD|MAGOHB|UPF3B,-0.58
hits,GO Biological Processes,19,GO:0042254,ribosome biogenesis,19_GO:0009987 cellular process,-2.6,3.8,3.8,30238,311,180,7,3.9,1.4,2483|6838|7514|11137|11340|55813|128061,FRG1|SURF6|XPO1|PWP1|EXOSC8|UTP6|FSAF1,-0.57
hits,GO Biological Processes,19,GO:0046879,hormone secretion,19_GO:0051179 localization,-2.6,6.9,4.5,30238,97,180,4,2.2,1.1,6927|9607|27445|51738,HNF1A|CARTPT|PCLO|GHRL,-0.57
hits,GO Biological Processes,19,GO:0090278,negative regulation of peptide hormone secretion,19_GO:0051179 localization,-2.6,11,5.2,30238,47,180,3,1.7,0.95,1813|9607|51738,DRD2|CARTPT|GHRL,-0.57
hits,GO Biological Processes,19,GO:0009260,ribonucleotide biosynthetic process,19_GO:0009987 cellular process,-2.5,5.2,4.1,30238,162,180,5,2.8,1.2,159|318|1633|4878|5471,ADSS2|NUDT2|DCK|NPPA|PPAT,-0.55
hits,GO Biological Processes,19,GO:0009116,nucleoside metabolic process,19_GO:0009987 cellular process,-2.5,10,5.1,30238,48,180,3,1.7,0.95,1716|2079|51251,DGUOK|ERH|NT5C3A,-0.55
hits,GO Biological Processes,19,GO:0002792,negative regulation of peptide secretion,19_GO:0051179 localization,-2.5,10,5.1,30238,48,180,3,1.7,0.95,1813|9607|51738,DRD2|CARTPT|GHRL,-0.55
hits,GO Biological Processes,19,GO:0055082,intracellular chemical homeostasis,19_GO:0042592 homeostatic process,-2.5,2.8,3.5,30238,592,180,10,5.6,1.7,794|1813|3358|9256|9607|23394|26059|54583|55630|57817,CALB2|DRD2|HTR2C|TSPOAP1|CARTPT|ADNP|ERC2|EGLN1|SLC39A4|HAMP,-0.54
hits,GO Cellular Components,20,GO:0035861,site of double-strand break,,-2.5,6.7,4.4,30238,100,180,4,2.2,1.1,10459|55693|56916|84250,MAD2L2|KDM4D|SMARCAD1|SLF1,-0.53
hits,GO Biological Processes,19,GO:0006397,mRNA processing,19_GO:0009987 cellular process,-2.5,3,3.5,30238,498,180,9,5,1.6,2483|6628|10465|10657|23658|51362|54033|55110|58490,FRG1|SNRPB|PPIH|KHDRBS1|LSM5|CDC40|RBM11|MAGOHB|RPRD1B,-0.53
hits,GO Biological Processes,19,GO:0006753,nucleoside phosphate metabolic process,19_GO:0009987 cellular process,-2.5,2.8,3.5,30238,595,180,10,5.6,1.7,159|318|1633|1716|4878|5471|9567|51251|79621|221823,ADSS2|NUDT2|DCK|DGUOK|NPPA|PPAT|GTPBP1|NT5C3A|RNASEH2B|PRPS1L1,-0.53
hits,GO Biological Processes,19,GO:0009259,ribonucleotide metabolic process,19_GO:0009987 cellular process,-2.5,3.7,3.7,30238,322,180,7,3.9,1.4,159|318|1633|4878|5471|9567|79621,ADSS2|NUDT2|DCK|NPPA|PPAT|GTPBP1|RNASEH2B,-0.51
hits,GO Cellular Components,20,GO:0071005,U2-type precatalytic spliceosome,,-2.5,10,5,30238,50,180,3,1.7,0.95,6628|23658|55110,SNRPB|LSM5|MAGOHB,-0.51
hits,GO Biological Processes,19,GO:1901988,negative regulation of cell cycle phase transition,19_GO:0048519 negative regulation of biological process,-2.5,4.1,3.8,30238,243,180,6,3.3,1.3,641|10459|11130|25988|29117|51347,BLM|MAD2L2|ZWINT|HINFP|BRD7|TAOK3,-0.5
hits,GO Cellular Components,20,GO:0098687,chromosomal region,,-2.5,3.3,3.6,30238,413,180,8,4.4,1.5,641|7514|8360|11130|29117|55693|84250|115426,BLM|XPO1|H4C4|ZWINT|BRD7|KDM4D|SLF1|UHRF2,-0.5
hits,GO Biological Processes,19,GO:0045776,negative regulation of blood pressure,19_GO:0032501 multicellular organismal process,-2.5,9.9,4.9,30238,51,180,3,1.7,0.95,1813|4878|9424,DRD2|NPPA|KCNK6,-0.49
hits,GO Biological Processes,19,GO:0044093,positive regulation of molecular function,19_GO:0065007 biological regulation,-2.4,3,3.5,30238,510,180,9,5,1.6,784|2044|3925|5716|10920|23533|29108|51347|55693,CACNB3|EPHA5|STMN1|PSMD10|COPS8|PIK3R5|PYCARD|TAOK3|KDM4D,-0.48
hits,GO Biological Processes,19,GO:0032446,protein modification by small protein conjugation,19_GO:0009987 cellular process,-2.4,2.6,3.3,30238,710,180,11,6.1,1.8,5830|8507|9636|10054|10293|10920|64110|64326|81559|84250|115426,PEX5|ENC1|ISG15|UBA2|TRAIP|COPS8|MAGEF1|COP1|TRIM11|SLF1|UHRF2,-0.48
hits,GO Cellular Components,20,GO:0071011,precatalytic spliceosome,,-2.4,9.7,4.9,30238,52,180,3,1.7,0.95,6628|23658|55110,SNRPB|LSM5|MAGOHB,-0.47
hits,GO Biological Processes,19,GO:0097479,synaptic vesicle localization,19_GO:0051179 localization,-2.4,9.7,4.9,30238,52,180,3,1.7,0.95,1861|8927|27445,TOR1A|BSN|PCLO,-0.47
hits,GO Biological Processes,19,GO:0015833,peptide transport,19_GO:0051179 localization,-2.4,6.3,4.3,30238,106,180,4,2.2,1.1,6927|9607|27445|51738,HNF1A|CARTPT|PCLO|GHRL,-0.47
hits,GO Biological Processes,19,GO:0000956,nuclear-transcribed mRNA catabolic process,19_GO:0048519 negative regulation of biological process,-2.4,6.3,4.3,30238,106,180,4,2.2,1.1,11340|23049|55110|65109,EXOSC8|SMG1|MAGOHB|UPF3B,-0.47
hits,GO Biological Processes,19,GO:0033045,regulation of sister chromatid segregation,19_GO:0050789 regulation of biological process,-2.4,6.3,4.2,30238,107,180,4,2.2,1.1,10459|11130|29117|116028,MAD2L2|ZWINT|BRD7|RMI2,-0.46
hits,GO Biological Processes,19,GO:0016925,protein sumoylation,19_GO:0009987 cellular process,-2.4,9.5,4.8,30238,53,180,3,1.7,0.95,10054|84250|115426,UBA2|SLF1|UHRF2,-0.46
hits,GO Biological Processes,19,GO:0034331,cell junction maintenance,19_GO:0009987 cellular process,-2.4,9.5,4.8,30238,53,180,3,1.7,0.95,8927|26059|27445,BSN|ERC2|PCLO,-0.46
hits,GO Cellular Components,20,GO:0045111,intermediate filament cytoskeleton,,-2.4,4,3.7,30238,250,180,6,3.3,1.3,631|386681|386682|386684|387266|440023,BFSP1|KRTAP10-8|KRTAP10-3|KRTAP12-4|KRTAP5-3|KRTAP5-6,-0.46
hits,GO Biological Processes,19,GO:1903047,mitotic cell cycle process,19_GO:0009987 cellular process,-2.4,2.9,3.4,30238,518,180,9,5,1.6,641|3925|3978|10459|10657|11130|25988|51347|79784,BLM|STMN1|LIG1|MAD2L2|KHDRBS1|ZWINT|HINFP|TAOK3|MYH14,-0.45
hits,GO Biological Processes,19,GO:0042102,positive regulation of T cell proliferation,19_GO:0002376 immune system process,-2.4,6.2,4.2,30238,108,180,4,2.2,1.1,3553|10673|29108|126259,IL1B|TNFSF13B|PYCARD|TMIGD2,-0.45
hits,GO Biological Processes,19,GO:0009410,response to xenobiotic stimulus,19_GO:0050896 response to stimulus,-2.4,3.2,3.5,30238,426,180,8,4.4,1.5,196|1545|1813|2941|3553|5447|7514|119391,AHR|CYP1B1|DRD2|GSTA4|IL1B|POR|XPO1|GSTO2,-0.44
hits,GO Biological Processes,19,GO:0009914,hormone transport,19_GO:0051179 localization,-2.4,6.2,4.2,30238,109,180,4,2.2,1.1,6927|9607|27445|51738,HNF1A|CARTPT|PCLO|GHRL,-0.44
hits,GO Biological Processes,19,GO:1901991,negative regulation of mitotic cell cycle phase transition,19_GO:0048519 negative regulation of biological process,-2.4,4.7,3.9,30238,177,180,5,2.8,1.2,641|10459|11130|29117|51347,BLM|MAD2L2|ZWINT|BRD7|TAOK3,-0.43
hits,GO Molecular Functions,21,GO:0003682,chromatin binding,,-2.4,2.7,3.3,30238,625,180,10,5.6,1.7,3642|4211|7468|8208|10473|23394|25988|50674|55693|56916,INSM1|MEIS1|NSD2|CHAF1B|HMGN4|ADNP|HINFP|NEUROG3|KDM4D|SMARCAD1,-0.42
hits,GO Biological Processes,19,GO:0032204,regulation of telomere maintenance,19_GO:0050789 regulation of biological process,-2.4,6.1,4.1,30238,111,180,4,2.2,1.1,8550|23049|56252|84250,MAPKAPK5|SMG1|YLPM1|SLF1,-0.42
hits,GO Biological Processes,19,GO:0050796,regulation of insulin secretion,19_GO:0051179 localization,-2.4,4.7,3.8,30238,179,180,5,2.8,1.2,1813|2044|3553|9607|51738,DRD2|EPHA5|IL1B|CARTPT|GHRL,-0.42
hits,GO Cellular Components,20,GO:0016607,nuclear speck,,-2.4,3.1,3.4,30238,431,180,8,4.4,1.5,2968|10465|51362|54033|55837|56252|64326|116028,GTF2H4|PPIH|CDC40|RBM11|EAPP|YLPM1|COP1|RMI2,-0.42
hits,GO Biological Processes,19,GO:0071902,positive regulation of protein serine/threonine kinase activity,19_GO:0048518 positive regulation of biological process,-2.3,9,4.6,30238,56,180,3,1.7,0.95,5716|23533|51347,PSMD10|PIK3R5|TAOK3,-0.41
hits,GO Biological Processes,19,GO:0030003,intracellular monoatomic cation homeostasis,19_GO:0042592 homeostatic process,-2.3,3.1,3.4,30238,433,180,8,4.4,1.5,794|1813|3358|9256|26059|54583|55630|57817,CALB2|DRD2|HTR2C|TSPOAP1|ERC2|EGLN1|SLC39A4|HAMP,-0.41
hits,GO Biological Processes,19,GO:0050804,modulation of chemical synaptic transmission,19_GO:0050789 regulation of biological process,-2.3,2.9,3.3,30238,529,180,9,5,1.6,794|1129|1813|2918|3553|8927|9256|23394|51738,CALB2|CHRM2|DRD2|GRM8|IL1B|BSN|TSPOAP1|ADNP|GHRL,-0.41
hits,GO Molecular Functions,21,GO:0004674,protein serine/threonine kinase activity,,-2.3,3.1,3.4,30238,434,180,8,4.4,1.5,8550|9149|10298|23049|23552|51347|84033|100507588,MAPKAPK5|DYRK1B|PAK4|SMG1|CDK20|TAOK3|OBSCN|TGFBR3L,-0.41
hits,GO Biological Processes,19,GO:0099177,regulation of trans-synaptic signaling,19_GO:0050789 regulation of biological process,-2.3,2.9,3.3,30238,530,180,9,5,1.6,794|1129|1813|2918|3553|8927|9256|23394|51738,CALB2|CHRM2|DRD2|GRM8|IL1B|BSN|TSPOAP1|ADNP|GHRL,-0.41
hits,GO Biological Processes,19,GO:0051480,regulation of cytosolic calcium ion concentration,19_GO:0042592 homeostatic process,-2.3,8.8,4.6,30238,57,180,3,1.7,0.95,794|9256|26059,CALB2|TSPOAP1|ERC2,-0.4
hits,GO Biological Processes,19,GO:0051251,positive regulation of lymphocyte activation,19_GO:0002376 immune system process,-2.3,3.4,3.5,30238,346,180,7,3.9,1.4,3553|7468|10459|10673|29108|29117|126259,IL1B|NSD2|MAD2L2|TNFSF13B|PYCARD|BRD7|TMIGD2,-0.4
hits,GO Biological Processes,19,GO:0043409,negative regulation of MAPK cascade,19_GO:0048519 negative regulation of biological process,-2.3,4.6,3.8,30238,183,180,5,2.8,1.2,3553|4878|5716|5801|51347,IL1B|NPPA|PSMD10|PTPRR|TAOK3,-0.4
hits,GO Biological Processes,19,GO:0043254,regulation of protein-containing complex assembly,19_GO:0050789 regulation of biological process,-2.3,3.1,3.4,30238,438,180,8,4.4,1.5,3642|3925|5830|9424|9636|29108|81559|84250,INSM1|STMN1|PEX5|KCNK6|ISG15|PYCARD|TRIM11|SLF1,-0.4
hits,KEGG Pathway,24,hsa00240,Pyrimidine metabolism,,-2.3,8.7,4.5,30238,58,180,3,1.7,0.95,318|1633|51251,NUDT2|DCK|NT5C3A,-0.38
hits,GO Biological Processes,19,GO:0006873,intracellular monoatomic ion homeostasis,19_GO:0042592 homeostatic process,-2.3,3,3.3,30238,442,180,8,4.4,1.5,794|1813|3358|9256|26059|54583|55630|57817,CALB2|DRD2|HTR2C|TSPOAP1|ERC2|EGLN1|SLC39A4|HAMP,-0.38
hits,GO Biological Processes,19,GO:0007093,mitotic cell cycle checkpoint signaling,19_GO:0048519 negative regulation of biological process,-2.3,5.7,4,30238,117,180,4,2.2,1.1,641|10459|11130|51347,BLM|MAD2L2|ZWINT|TAOK3,-0.36
hits,GO Cellular Components,20,GO:0000775,"chromosome, centromeric region",,-2.3,3.8,3.5,30238,267,180,6,3.3,1.3,7514|8360|11130|29117|55693|115426,XPO1|H4C4|ZWINT|BRD7|KDM4D|UHRF2,-0.36
hits,GO Biological Processes,19,GO:0098771,inorganic ion homeostasis,19_GO:0042592 homeostatic process,-2.3,3,3.3,30238,446,180,8,4.4,1.5,794|1813|3358|9256|26059|54583|55630|57817,CALB2|DRD2|HTR2C|TSPOAP1|ERC2|EGLN1|SLC39A4|HAMP,-0.36
hits,GO Biological Processes,19,GO:0045766,positive regulation of angiogenesis,19_GO:0032502 developmental process,-2.2,4.4,3.6,30238,191,180,5,2.8,1.2,1545|3553|10298|51738|126259,CYP1B1|IL1B|PAK4|GHRL|TMIGD2,-0.33
hits,GO Biological Processes,19,GO:0046883,regulation of hormone secretion,19_GO:0051179 localization,-2.2,3.7,3.5,30238,272,180,6,3.3,1.3,1813|2044|3358|3553|9607|51738,DRD2|EPHA5|HTR2C|IL1B|CARTPT|GHRL,-0.33
hits,GO Cellular Components,20,GO:0044297,cell body,,-2.2,2.7,3.2,30238,552,180,9,5,1.6,778|1813|2044|4878|8507|23394|29108|55110|65109,CACNA1F|DRD2|EPHA5|NPPA|ENC1|ADNP|PYCARD|MAGOHB|UPF3B,-0.32
hits,GO Biological Processes,19,GO:0032648,regulation of interferon-beta production,19_GO:0032501 multicellular organismal process,-2.2,8.1,4.3,30238,62,180,3,1.7,0.95,9636|10293|29108,ISG15|TRAIP|PYCARD,-0.32
hits,GO Biological Processes,19,GO:0043405,regulation of MAP kinase activity,19_GO:0050789 regulation of biological process,-2.2,8.1,4.3,30238,62,180,3,1.7,0.95,4878|23533|51347,NPPA|PIK3R5|TAOK3,-0.32
hits,GO Biological Processes,19,GO:0000398,"mRNA splicing, via spliceosome",19_GO:0009987 cellular process,-2.2,3.7,3.4,30238,274,180,6,3.3,1.3,2483|6628|10465|23658|51362|55110,FRG1|SNRPB|PPIH|LSM5|CDC40|MAGOHB,-0.32
hits,GO Molecular Functions,21,GO:0106310,protein serine kinase activity,,-2.2,3.2,3.3,30238,362,180,7,3.9,1.4,8550|9149|10298|23049|23552|51347|84033,MAPKAPK5|DYRK1B|PAK4|SMG1|CDK20|TAOK3|OBSCN,-0.32
hits,GO Biological Processes,19,GO:1901137,carbohydrate derivative biosynthetic process,19_GO:0009987 cellular process,-2.2,2.7,3.2,30238,554,180,9,5,1.6,159|318|1633|1716|3553|4878|5471|221823|374378,ADSS2|NUDT2|DCK|DGUOK|IL1B|NPPA|PPAT|PRPS1L1|GALNT18,-0.32
hits,GO Biological Processes,19,GO:0000377,"RNA splicing, via transesterification reactions with bulged adenosine as nucleophile",19_GO:0009987 cellular process,-2.2,3.7,3.4,30238,275,180,6,3.3,1.3,2483|6628|10465|23658|51362|55110,FRG1|SNRPB|PPIH|LSM5|CDC40|MAGOHB,-0.31
hits,GO Biological Processes,19,GO:0035418,protein localization to synapse,19_GO:0051179 localization,-2.2,8,4.3,30238,63,180,3,1.7,0.95,8927|27445|57554,BSN|PCLO|LRRC7,-0.31
hits,GO Biological Processes,19,GO:1904018,positive regulation of vasculature development,19_GO:0032502 developmental process,-2.2,4.3,3.6,30238,195,180,5,2.8,1.2,1545|3553|10298|51738|126259,CYP1B1|IL1B|PAK4|GHRL|TMIGD2,-0.31
hits,GO Biological Processes,19,GO:0045765,regulation of angiogenesis,19_GO:0032502 developmental process,-2.2,3.2,3.3,30238,365,180,7,3.9,1.4,1545|3553|10298|10516|51738|54583|126259,CYP1B1|IL1B|PAK4|FBLN5|GHRL|EGLN1|TMIGD2,-0.31
hits,GO Biological Processes,19,GO:0023061,signal release,19_GO:0051179 localization,-2.2,4.3,3.6,30238,196,180,5,2.8,1.2,6927|9607|26059|27445|51738,HNF1A|CARTPT|ERC2|PCLO|GHRL,-0.3
hits,GO Biological Processes,19,GO:0070050,neuron cellular homeostasis,19_GO:0042592 homeostatic process,-2.2,7.9,4.3,30238,64,180,3,1.7,0.95,794|9256|26059,CALB2|TSPOAP1|ERC2,-0.3
hits,GO Biological Processes,19,GO:0034655,nucleobase-containing compound catabolic process,19_GO:0009987 cellular process,-2.2,3.2,3.3,30238,368,180,7,3.9,1.4,9567|11340|23049|23658|55110|65109|79621,GTPBP1|EXOSC8|SMG1|LSM5|MAGOHB|UPF3B|RNASEH2B,-0.29
hits,GO Biological Processes,19,GO:0000375,"RNA splicing, via transesterification reactions",19_GO:0009987 cellular process,-2.2,3.6,3.4,30238,280,180,6,3.3,1.3,2483|6628|10465|23658|51362|55110,FRG1|SNRPB|PPIH|LSM5|CDC40|MAGOHB,-0.29
hits,GO Biological Processes,19,GO:0030001,metal ion transport,19_GO:0051179 localization,-2.2,2.5,3.1,30238,667,180,10,5.6,1.7,778|784|1813|3358|3739|4878|9424|10089|55630|57817,CACNA1F|CACNB3|DRD2|HTR2C|KCNA4|NPPA|KCNK6|KCNK7|SLC39A4|HAMP,-0.28
hits,GO Molecular Functions,21,GO:0046982,protein heterodimerization activity,,-2.2,3.2,3.3,30238,371,180,7,3.9,1.4,196|6927|8352|8360|10054|23658|553115,AHR|HNF1A|H3C3|H4C4|UBA2|LSM5|PEF1,-0.28
hits,GO Biological Processes,19,GO:0031396,regulation of protein ubiquitination,19_GO:0050789 regulation of biological process,-2.2,4.2,3.5,30238,200,180,5,2.8,1.2,5716|9636|10459|57817|553115,PSMD10|ISG15|MAD2L2|HAMP|PEF1,-0.28
hits,GO Biological Processes,19,GO:0006874,intracellular calcium ion homeostasis,19_GO:0042592 homeostatic process,-2.2,4.2,3.5,30238,200,180,5,2.8,1.2,794|1813|3358|9256|26059,CALB2|DRD2|HTR2C|TSPOAP1|ERC2,-0.28
hits,GO Biological Processes,19,GO:0045744,negative regulation of G protein-coupled receptor signaling pathway,19_GO:0048519 negative regulation of biological process,-2.1,7.6,4.2,30238,66,180,3,1.7,0.95,1813|3925|51738,DRD2|STMN1|GHRL,-0.27
hits,GO Biological Processes,19,GO:0045860,positive regulation of protein kinase activity,19_GO:0048518 positive regulation of biological process,-2.1,5.2,3.7,30238,128,180,4,2.2,1.1,5716|10920|23533|51347,PSMD10|COPS8|PIK3R5|TAOK3,-0.27
hits,GO Biological Processes,19,GO:1901342,regulation of vasculature development,19_GO:0032502 developmental process,-2.1,3.1,3.2,30238,375,180,7,3.9,1.4,1545|3553|10298|10516|51738|54583|126259,CYP1B1|IL1B|PAK4|FBLN5|GHRL|EGLN1|TMIGD2,-0.26
hits,GO Biological Processes,19,GO:0032922,circadian regulation of gene expression,19_GO:0048511 rhythmic process,-2.1,7.5,4.1,30238,67,180,3,1.7,0.95,196|1813|9607,AHR|DRD2|CARTPT,-0.26
hits,GO Biological Processes,19,GO:0019752,carboxylic acid metabolic process,19_GO:0009987 cellular process,-2.1,2.4,3,30238,786,180,11,6.1,1.8,159|1545|5447|5830|7306|25902|26063|29108|119391|138199|153364,ADSS2|CYP1B1|POR|PEX5|TYRP1|MTHFD1L|DECR2|PYCARD|GSTO2|CARNMT1|MBLAC2,-0.25
hits,GO Biological Processes,19,GO:0040014,regulation of multicellular organism growth,19_GO:0040007 growth,-2.1,7.4,4.1,30238,68,180,3,1.7,0.95,1813|5830|51738,DRD2|PEX5|GHRL,-0.24
hits,GO Cellular Components,20,GO:0016363,nuclear matrix,,-2.1,5.1,3.7,30238,131,180,4,2.2,1.1,641|862|8507|29117,BLM|RUNX1T1|ENC1|BRD7,-0.24
hits,GO Cellular Components,20,GO:0044306,neuron projection terminus,,-2.1,5.1,3.7,30238,131,180,4,2.2,1.1,794|1813|8927|9256,CALB2|DRD2|BSN|TSPOAP1,-0.24
hits,GO Molecular Functions,21,GO:0031490,chromatin DNA binding,,-2.1,5.1,3.7,30238,131,180,4,2.2,1.1,3642|10473|50674|55693,INSM1|HMGN4|NEUROG3|KDM4D,-0.24
hits,GO Biological Processes,19,GO:0098660,inorganic ion transmembrane transport,19_GO:0051179 localization,-2.1,2.3,3,30238,790,180,11,6.1,1.8,778|784|1813|2542|3358|3739|4878|9424|10089|55630|57817,CACNA1F|CACNB3|DRD2|SLC37A4|HTR2C|KCNA4|NPPA|KCNK6|KCNK7|SLC39A4|HAMP,-0.24
hits,GO Biological Processes,19,GO:0002696,positive regulation of leukocyte activation,19_GO:0002376 immune system process,-2.1,3.1,3.2,30238,381,180,7,3.9,1.4,3553|7468|10459|10673|29108|29117|126259,IL1B|NSD2|MAD2L2|TNFSF13B|PYCARD|BRD7|TMIGD2,-0.24
hits,GO Biological Processes,19,GO:0032200,telomere organization,19_GO:0009987 cellular process,-2.1,5.1,3.6,30238,132,180,4,2.2,1.1,641|8352|8360|10459,BLM|H3C3|H4C4|MAD2L2,-0.24
hits,GO Biological Processes,19,GO:1903322,positive regulation of protein modification by small protein conjugation or removal,19_GO:0048518 positive regulation of biological process,-2.1,5.1,3.6,30238,132,180,4,2.2,1.1,5716|10054|57817|553115,PSMD10|UBA2|HAMP|PEF1,-0.24
hits,GO Biological Processes,19,GO:0051028,mRNA transport,19_GO:0051179 localization,-2.1,5.1,3.6,30238,132,180,4,2.2,1.1,7514|23049|55110|65109,XPO1|SMG1|MAGOHB|UPF3B,-0.24
hits,GO Biological Processes,19,GO:0050830,defense response to Gram-positive bacterium,19_GO:0044419 biological process involved in interspecies interaction between organisms,-2.1,5.1,3.6,30238,132,180,4,2.2,1.1,3553|29108|57817|353144,IL1B|PYCARD|HAMP|LCE3C,-0.24
hits,GO Biological Processes,19,GO:0002824,positive regulation of adaptive immune response based on somatic recombination of immune receptors built from immunoglobulin superfamily domains,19_GO:0002376 immune system process,-2.1,5.1,3.6,30238,132,180,4,2.2,1.1,3553|7468|10459|10673,IL1B|NSD2|MAD2L2|TNFSF13B,-0.24
hits,GO Biological Processes,19,GO:0006406,mRNA export from nucleus,19_GO:0051179 localization,-2.1,7.3,4.1,30238,69,180,3,1.7,0.95,7514|23049|55110,XPO1|SMG1|MAGOHB,-0.24
hits,GO Biological Processes,19,GO:0007416,synapse assembly,19_GO:0032502 developmental process,-2.1,5.1,3.6,30238,133,180,4,2.2,1.1,1813|8927|27445|51738,DRD2|BSN|PCLO|GHRL,-0.23
hits,GO Molecular Functions,21,GO:0005179,hormone activity,,-2.1,5.1,3.6,30238,133,180,4,2.2,1.1,4878|9607|51738|57817,NPPA|CARTPT|GHRL|HAMP,-0.23
hits,GO Biological Processes,19,GO:1901875,positive regulation of post-translational protein modification,19_GO:0048518 positive regulation of biological process,-2.1,5.1,3.6,30238,133,180,4,2.2,1.1,5716|10054|57817|553115,PSMD10|UBA2|HAMP|PEF1,-0.23
hits,GO Biological Processes,19,GO:0010948,negative regulation of cell cycle process,19_GO:0048519 negative regulation of biological process,-2.1,3.4,3.2,30238,293,180,6,3.3,1.3,641|10459|11130|25988|29117|51347,BLM|MAD2L2|ZWINT|HINFP|BRD7|TAOK3,-0.23
hits,GO Biological Processes,19,GO:0006260,DNA replication,19_GO:0009987 cellular process,-2.1,4,3.4,30238,209,180,5,2.8,1.2,641|3978|8208|10293|116028,BLM|LIG1|CHAF1B|TRAIP|RMI2,-0.23
hits,GO Biological Processes,19,GO:0043954,cellular component maintenance,19_GO:0009987 cellular process,-2.1,7.2,4,30238,70,180,3,1.7,0.95,8927|26059|27445,BSN|ERC2|PCLO,-0.23
hits,GO Biological Processes,19,GO:0050864,regulation of B cell activation,19_GO:0002376 immune system process,-2.1,5,3.6,30238,134,180,4,2.2,1.1,196|7468|10459|10673,AHR|NSD2|MAD2L2|TNFSF13B,-0.23
hits,GO Biological Processes,19,GO:0051983,regulation of chromosome segregation,19_GO:0050789 regulation of biological process,-2.1,5,3.6,30238,134,180,4,2.2,1.1,10459|11130|29117|116028,MAD2L2|ZWINT|BRD7|RMI2,-0.23
hits,GO Biological Processes,19,GO:0002822,regulation of adaptive immune response based on somatic recombination of immune receptors built from immunoglobulin superfamily domains,19_GO:0002376 immune system process,-2.1,4,3.4,30238,210,180,5,2.8,1.2,196|3553|7468|10459|10673,AHR|IL1B|NSD2|MAD2L2|TNFSF13B,-0.23
hits,GO Cellular Components,20,GO:0000786,nucleosome,,-2.1,5,3.6,30238,135,180,4,2.2,1.1,8352|8360|9643|84250,H3C3|H4C4|MORF4L2|SLF1,-0.22
hits,KEGG Pathway,24,hsa05204,Chemical carcinogenesis - DNA adducts,,-2.1,7.1,4,30238,71,180,3,1.7,0.95,1545|2941|119391,CYP1B1|GSTA4|GSTO2,-0.22
hits,GO Molecular Functions,21,GO:0002039,p53 binding,,-2.1,7.1,4,30238,71,180,3,1.7,0.95,641|8550|29117,BLM|MAPKAPK5|BRD7,-0.22
hits,GO Biological Processes,19,GO:0022613,ribonucleoprotein complex biogenesis,19_GO:0009987 cellular process,-2,2.8,3,30238,486,180,8,4.4,1.5,2483|6628|6838|7514|11137|11340|55813|128061,FRG1|SNRPB|SURF6|XPO1|PWP1|EXOSC8|UTP6|FSAF1,-0.22
hits,GO Biological Processes,19,GO:0062197,cellular response to chemical stress,19_GO:0050896 response to stimulus,-2,3.4,3.2,30238,298,180,6,3.3,1.3,318|1545|4878|5830|29108|54033,NUDT2|CYP1B1|NPPA|PEX5|PYCARD|RBM11,-0.21
hits,GO Biological Processes,19,GO:1901657,glycosyl compound metabolic process,19_GO:0009987 cellular process,-2,7,3.9,30238,72,180,3,1.7,0.95,1716|2079|51251,DGUOK|ERH|NT5C3A,-0.21
hits,GO Biological Processes,19,GO:0033674,positive regulation of kinase activity,19_GO:0048518 positive regulation of biological process,-2,4.9,3.5,30238,137,180,4,2.2,1.1,5716|10920|23533|51347,PSMD10|COPS8|PIK3R5|TAOK3,-0.21
hits,GO Biological Processes,19,GO:0000724,double-strand break repair via homologous recombination,19_GO:0050896 response to stimulus,-2,4.9,3.5,30238,137,180,4,2.2,1.1,641|55693|84250|116028,BLM|KDM4D|SLF1|RMI2,-0.21
hits,GO Biological Processes,19,GO:0098662,inorganic cation transmembrane transport,19_GO:0051179 localization,-2,2.4,2.9,30238,698,180,10,5.6,1.7,778|784|1813|3358|3739|4878|9424|10089|55630|57817,CACNA1F|CACNB3|DRD2|HTR2C|KCNA4|NPPA|KCNK6|KCNK7|SLC39A4|HAMP,-0.21
hits,GO Biological Processes,19,GO:0007200,phospholipase C-activating G protein-coupled receptor signaling pathway,19_GO:0050896 response to stimulus,-2,4.9,3.5,30238,138,180,4,2.2,1.1,1129|1813|3358|5724,CHRM2|DRD2|HTR2C|PTAFR,-0.2
hits,GO Biological Processes,19,GO:0032434,regulation of proteasomal ubiquitin-dependent protein catabolic process,19_GO:0050789 regulation of biological process,-2,4.8,3.5,30238,139,180,4,2.2,1.1,5716|7514|57817|64326,PSMD10|XPO1|HAMP|COP1,-0.2
hits,GO Biological Processes,19,GO:0050684,regulation of mRNA processing,19_GO:0050789 regulation of biological process,-2,4.8,3.5,30238,139,180,4,2.2,1.1,10657|54033|55110|65109,KHDRBS1|RBM11|MAGOHB|UPF3B,-0.2
hits,KEGG Pathway,24,hsa05207,Chemical carcinogenesis - receptor activation,,-2,3.9,3.3,30238,217,180,5,2.8,1.2,196|778|1545|2941|119391,AHR|CACNA1F|CYP1B1|GSTA4|GSTO2,-0.19
hits,GO Biological Processes,19,GO:0031400,negative regulation of protein modification process,19_GO:0048519 negative regulation of biological process,-2,3.9,3.3,30238,217,180,5,2.8,1.2,3642|4878|9636|10459|29108,INSM1|NPPA|ISG15|MAD2L2|PYCARD,-0.19
hits,GO Biological Processes,19,GO:0000278,mitotic cell cycle,19_GO:0009987 cellular process,-2,2.5,2.9,30238,598,180,9,5,1.6,641|3925|3978|10459|10657|11130|25988|51347|79784,BLM|STMN1|LIG1|MAD2L2|KHDRBS1|ZWINT|HINFP|TAOK3|MYH14,-0.19
hits,GO Biological Processes,19,GO:0051053,negative regulation of DNA metabolic process,19_GO:0048519 negative regulation of biological process,-2,4.8,3.5,30238,140,180,4,2.2,1.1,641|10459|64110|116028,BLM|MAD2L2|MAGEF1|RMI2,-0.19
hits_MCODE_ALL,GO Biological Processes,19,GO:0009127,purine nucleoside monophosphate biosynthetic process,19_GO:0009987 cellular process,-5.7,1.2e+02,19,30238,22,35,3,8.6,4.7,159|1633|1716,ADSS2|DCK|DGUOK,-2.8
hits_MCODE_ALL,KEGG Pathway,24,hsa01232,Nucleotide metabolism,,-5.5,41,12,30238,85,35,4,11,5.4,159|1633|1716|51251,ADSS2|DCK|DGUOK|NT5C3A,-2.7
hits_MCODE_ALL,GO Cellular Components,20,GO:0005681,spliceosomal complex,,-5.4,21,9.7,30238,209,35,5,14,5.9,6628|10465|23658|51362|55110,SNRPB|PPIH|LSM5|CDC40|MAGOHB,-2.6
hits_MCODE_ALL,GO Cellular Components,20,GO:0005684,U2-type spliceosomal complex,,-5.4,36,12,30238,95,35,4,11,5.4,6628|23658|51362|55110,SNRPB|LSM5|CDC40|MAGOHB,-2.6
hits_MCODE_ALL,KEGG Pathway,24,hsa03040,Spliceosome,,-5.1,18,9.1,30238,235,35,5,14,5.9,6628|10465|23658|51362|55110,SNRPB|PPIH|LSM5|CDC40|MAGOHB,-2.5
hits_MCODE_ALL,GO Biological Processes,19,GO:0000398,"mRNA splicing, via spliceosome",19_GO:0009987 cellular process,-4.8,16,8.4,30238,274,35,5,14,5.9,6628|10465|23658|51362|55110,SNRPB|PPIH|LSM5|CDC40|MAGOHB,-2.2
hits_MCODE_ALL,GO Biological Processes,19,GO:0000377,"RNA splicing, via transesterification reactions with bulged adenosine as nucleophile",19_GO:0009987 cellular process,-4.8,16,8.3,30238,275,35,5,14,5.9,6628|10465|23658|51362|55110,SNRPB|PPIH|LSM5|CDC40|MAGOHB,-2.2
hits_MCODE_ALL,GO Biological Processes,19,GO:0000375,"RNA splicing, via transesterification reactions",19_GO:0009987 cellular process,-4.8,15,8.3,30238,280,35,5,14,5.9,6628|10465|23658|51362|55110,SNRPB|PPIH|LSM5|CDC40|MAGOHB,-2.2
hits_MCODE_ALL,GO Biological Processes,19,GO:0009124,nucleoside monophosphate biosynthetic process,19_GO:0009987 cellular process,-4.7,59,13,30238,44,35,3,8.6,4.7,159|1633|1716,ADSS2|DCK|DGUOK,-2.2
hits_MCODE_ALL,GO Cellular Components,20,GO:0046540,U4/U6 x U5 tri-snRNP complex,,-4.7,59,13,30238,44,35,3,8.6,4.7,6628|10465|23658,SNRPB|PPIH|LSM5,-2.2
hits_MCODE_ALL,GO Cellular Components,20,GO:0097526,spliceosomal tri-snRNP complex,,-4.7,58,13,30238,45,35,3,8.6,4.7,6628|10465|23658,SNRPB|PPIH|LSM5,-2.2
hits_MCODE_ALL,GO Biological Processes,19,GO:0009126,purine nucleoside monophosphate metabolic process,19_GO:0009987 cellular process,-4.7,58,13,30238,45,35,3,8.6,4.7,159|1633|1716,ADSS2|DCK|DGUOK,-2.2
hits_MCODE_ALL,GO Cellular Components,20,GO:0071005,U2-type precatalytic spliceosome,,-4.6,52,12,30238,50,35,3,8.6,4.7,6628|23658|55110,SNRPB|LSM5|MAGOHB,-2.1
hits_MCODE_ALL,GO Cellular Components,20,GO:0071011,precatalytic spliceosome,,-4.5,50,12,30238,52,35,3,8.6,4.7,6628|23658|55110,SNRPB|LSM5|MAGOHB,-2
hits_MCODE_ALL,GO Biological Processes,19,GO:0016071,mRNA metabolic process,19_GO:0009987 cellular process,-4,7.8,6,30238,665,35,6,17,6.4,6628|10465|23658|51362|55110|65109,SNRPB|PPIH|LSM5|CDC40|MAGOHB|UPF3B,-1.6
hits_MCODE_ALL,GO Biological Processes,19,GO:0009123,nucleoside monophosphate metabolic process,19_GO:0009987 cellular process,-4,33,9.6,30238,79,35,3,8.6,4.7,159|1633|1716,ADSS2|DCK|DGUOK,-1.6
hits_MCODE_ALL,GO Biological Processes,19,GO:0008380,RNA splicing,19_GO:0009987 cellular process,-4,10,6.6,30238,414,35,5,14,5.9,6628|10465|23658|51362|55110,SNRPB|PPIH|LSM5|CDC40|MAGOHB,-1.6
hits_MCODE_ALL,GO Cellular Components,20,GO:0071013,catalytic step 2 spliceosome,,-3.8,29,9,30238,90,35,3,8.6,4.7,6628|51362|55110,SNRPB|CDC40|MAGOHB,-1.5
hits_MCODE_ALL,GO Biological Processes,19,GO:0007193,adenylate cyclase-inhibiting G protein-coupled receptor signaling pathway,19_GO:0050896 response to stimulus,-3.8,28,8.9,30238,92,35,3,8.6,4.7,1129|1813|2918,CHRM2|DRD2|GRM8,-1.4
hits_MCODE_ALL,GO Cellular Components,20,GO:0097525,spliceosomal snRNP complex,,-3.7,27,8.7,30238,96,35,3,8.6,4.7,6628|10465|23658,SNRPB|PPIH|LSM5,-1.4
hits_MCODE_ALL,GO Cellular Components,20,GO:0030532,small nuclear ribonucleoprotein complex,,-3.6,24,8.2,30238,106,35,3,8.6,4.7,6628|10465|23658,SNRPB|PPIH|LSM5,-1.3
hits_MCODE_ALL,GO Biological Processes,19,GO:0006397,mRNA processing,19_GO:0009987 cellular process,-3.6,8.7,5.9,30238,498,35,5,14,5.9,6628|10465|23658|51362|55110,SNRPB|PPIH|LSM5|CDC40|MAGOHB,-1.3
hits_MCODE_ALL,KEGG Pathway,24,hsa03013,Nucleocytoplasmic transport,,-3.6,24,8.2,30238,108,35,3,8.6,4.7,7514|55110|65109,XPO1|MAGOHB|UPF3B,-1.3
hits_MCODE_ALL,GO Cellular Components,20,GO:0120114,Sm-like protein family complex,,-3.5,22,7.8,30238,118,35,3,8.6,4.7,6628|10465|23658,SNRPB|PPIH|LSM5,-1.2
hits_MCODE_ALL,GO Biological Processes,19,GO:0006334,nucleosome assembly,19_GO:0009987 cellular process,-3.4,22,7.7,30238,120,35,3,8.6,4.7,8208|8352|8360,CHAF1B|H3C3|H4C4,-1.2
hits_MCODE_ALL,KEGG Pathway,24,hsa00230,Purine metabolism,,-3.4,20,7.4,30238,128,35,3,8.6,4.7,159|1633|1716,ADSS2|DCK|DGUOK,-1.1
hits_MCODE_ALL,GO Biological Processes,19,GO:0006402,mRNA catabolic process,19_GO:0048519 negative regulation of biological process,-3.3,20,7.3,30238,131,35,3,8.6,4.7,23658|55110|65109,LSM5|MAGOHB|UPF3B,-1.1
hits_MCODE_ALL,GO Biological Processes,19,GO:0051028,mRNA transport,19_GO:0051179 localization,-3.3,20,7.3,30238,132,35,3,8.6,4.7,7514|55110|65109,XPO1|MAGOHB|UPF3B,-1.1
hits_MCODE_ALL,GO Biological Processes,19,GO:0034728,nucleosome organization,19_GO:0009987 cellular process,-3.2,19,7.1,30238,140,35,3,8.6,4.7,8208|8352|8360,CHAF1B|H3C3|H4C4,-1
hits_MCODE_ALL,KEGG Pathway,24,hsa05322,Systemic lupus erythematosus,,-3.2,18,7,30238,144,35,3,8.6,4.7,6628|8352|8360,SNRPB|H3C3|H4C4,-1
hits_MCODE_ALL,GO Biological Processes,19,GO:0050658,RNA transport,19_GO:0051179 localization,-3.1,17,6.6,30238,157,35,3,8.6,4.7,7514|55110|65109,XPO1|MAGOHB|UPF3B,-0.93
hits_MCODE_ALL,GO Biological Processes,19,GO:0050657,nucleic acid transport,19_GO:0051179 localization,-3.1,16,6.6,30238,158,35,3,8.6,4.7,7514|55110|65109,XPO1|MAGOHB|UPF3B,-0.93
hits_MCODE_ALL,GO Biological Processes,19,GO:0051236,establishment of RNA localization,19_GO:0051179 localization,-3.1,16,6.6,30238,159,35,3,8.6,4.7,7514|55110|65109,XPO1|MAGOHB|UPF3B,-0.93
hits_MCODE_ALL,GO Molecular Functions,21,GO:0043021,ribonucleoprotein complex binding,,-2.9,14,6.1,30238,181,35,3,8.6,4.7,6628|10465|26135,SNRPB|PPIH|SERBP1,-0.8
hits_MCODE_ALL,GO Biological Processes,19,GO:0006164,purine nucleotide biosynthetic process,19_GO:0009987 cellular process,-2.9,14,6.1,30238,183,35,3,8.6,4.7,159|1633|1716,ADSS2|DCK|DGUOK,-0.79
hits_MCODE_ALL,GO Biological Processes,19,GO:0006403,RNA localization,19_GO:0051179 localization,-2.9,14,6,30238,185,35,3,8.6,4.7,7514|55110|65109,XPO1|MAGOHB|UPF3B,-0.78
hits_MCODE_ALL,KEGG Pathway,24,hsa05034,Alcoholism,,-2.9,14,5.9,30238,191,35,3,8.6,4.7,1813|8352|8360,DRD2|H3C3|H4C4,-0.75
hits_MCODE_ALL,KEGG Pathway,24,hsa04082,Neuroactive ligand signaling,,-2.8,13,5.8,30238,199,35,3,8.6,4.7,1129|1813|2918,CHRM2|DRD2|GRM8,-0.72
hits_MCODE_ALL,GO Biological Processes,19,GO:0006401,RNA catabolic process,19_GO:0009987 cellular process,-2.8,13,5.8,30238,201,35,3,8.6,4.7,23658|55110|65109,LSM5|MAGOHB|UPF3B,-0.71
hits_MCODE_ALL,GO Biological Processes,19,GO:0009117,nucleotide metabolic process,19_GO:0009987 cellular process,-2.8,7.8,4.9,30238,443,35,4,11,5.4,159|1633|1716|51251,ADSS2|DCK|DGUOK|NT5C3A,-0.71
hits_MCODE_ALL,GO Biological Processes,19,GO:0009165,nucleotide biosynthetic process,19_GO:0009987 cellular process,-2.7,12,5.5,30238,218,35,3,8.6,4.7,159|1633|1716,ADSS2|DCK|DGUOK,-0.65
hits_MCODE_ALL,GO Biological Processes,19,GO:0141188,nucleic acid catabolic process,19_GO:0009987 cellular process,-2.7,12,5.4,30238,225,35,3,8.6,4.7,23658|55110|65109,LSM5|MAGOHB|UPF3B,-0.62
hits_MCODE_ALL,GO Biological Processes,19,GO:0015931,nucleobase-containing compound transport,19_GO:0051179 localization,-2.6,11,5.3,30238,230,35,3,8.6,4.7,7514|55110|65109,XPO1|MAGOHB|UPF3B,-0.61
hits_MCODE_ALL,GO Biological Processes,19,GO:0065004,protein-DNA complex assembly,19_GO:0009987 cellular process,-2.6,11,5.3,30238,232,35,3,8.6,4.7,8208|8352|8360,CHAF1B|H3C3|H4C4,-0.61
hits_MCODE_ALL,GO Biological Processes,19,GO:0072522,purine-containing compound biosynthetic process,19_GO:0009987 cellular process,-2.6,11,5.2,30238,242,35,3,8.6,4.7,159|1633|1716,ADSS2|DCK|DGUOK,-0.57
hits_MCODE_ALL,GO Biological Processes,19,GO:0071824,protein-DNA complex organization,19_GO:0009987 cellular process,-2.5,10,5,30238,252,35,3,8.6,4.7,8208|8352|8360,CHAF1B|H3C3|H4C4,-0.53
hits_MCODE_ALL,GO Biological Processes,19,GO:0007188,adenylate cyclase-modulating G protein-coupled receptor signaling pathway,19_GO:0050896 response to stimulus,-2.5,10,5,30238,258,35,3,8.6,4.7,1129|1813|2918,CHRM2|DRD2|GRM8,-0.51
hits_MCODE_ALL,GO Biological Processes,19,GO:0006753,nucleoside phosphate metabolic process,19_GO:0009987 cellular process,-2.3,5.8,4,30238,595,35,4,11,5.4,159|1633|1716|51251,ADSS2|DCK|DGUOK|NT5C3A,-0.4
hits_MCODE_ALL,GO Biological Processes,19,GO:1901293,nucleoside phosphate biosynthetic process,19_GO:0009987 cellular process,-2.3,8.6,4.5,30238,301,35,3,8.6,4.7,159|1633|1716,ADSS2|DCK|DGUOK,-0.38
hits_MCODE_ALL,GO Biological Processes,19,GO:0055086,nucleobase-containing small molecule metabolic process,19_GO:0009987 cellular process,-2.3,5.6,3.9,30238,621,35,4,11,5.4,159|1633|1716|51251,ADSS2|DCK|DGUOK|NT5C3A,-0.35
hits_MCODE_ALL,GO Biological Processes,19,GO:0034655,nucleobase-containing compound catabolic process,19_GO:0009987 cellular process,-2.1,7,4,30238,368,35,3,8.6,4.7,23658|55110|65109,LSM5|MAGOHB|UPF3B,-0.22
hits_MCODE_ALL,KEGG Pathway,24,hsa04080,Neuroactive ligand-receptor interaction,,-2.1,7,4,30238,370,35,3,8.6,4.7,1129|1813|2918,CHRM2|DRD2|GRM8,-0.22
hits_MCODE_ALL,GO Molecular Functions,21,GO:0046982,protein heterodimerization activity,,-2,7,3.9,30238,371,35,3,8.6,4.7,8352|8360|23658,H3C3|H4C4|LSM5,-0.22
hits_MCODE_ALL,GO Biological Processes,19,GO:0006163,purine nucleotide metabolic process,19_GO:0009987 cellular process,-2,6.7,3.9,30238,384,35,3,8.6,4.7,159|1633|1716,ADSS2|DCK|DGUOK,-0.19
hits_SUB1_MCODE_1,GO Cellular Components,20,GO:0005681,spliceosomal complex,,-8.2,66,18,30238,209,11,5,45,15,6628|10465|23658|51362|55110,SNRPB|PPIH|LSM5|CDC40|MAGOHB,-4.3
hits_SUB1_MCODE_1,KEGG Pathway,24,hsa03040,Spliceosome,,-7.9,58,17,30238,235,11,5,45,15,6628|10465|23658|51362|55110,SNRPB|PPIH|LSM5|CDC40|MAGOHB,-4.3
hits_SUB1_MCODE_1,GO Biological Processes,19,GO:0000398,"mRNA splicing, via spliceosome",19_GO:0009987 cellular process,-7.6,50,16,30238,274,11,5,45,15,6628|10465|23658|51362|55110,SNRPB|PPIH|LSM5|CDC40|MAGOHB,-4.2
hits_SUB1_MCODE_1,GO Biological Processes,19,GO:0000377,"RNA splicing, via transesterification reactions with bulged adenosine as nucleophile",19_GO:0009987 cellular process,-7.6,50,16,30238,275,11,5,45,15,6628|10465|23658|51362|55110,SNRPB|PPIH|LSM5|CDC40|MAGOHB,-4.2
hits_SUB1_MCODE_1,GO Biological Processes,19,GO:0000375,"RNA splicing, via transesterification reactions",19_GO:0009987 cellular process,-7.5,49,15,30238,280,11,5,45,15,6628|10465|23658|51362|55110,SNRPB|PPIH|LSM5|CDC40|MAGOHB,-4.2
hits_SUB1_MCODE_1,GO Cellular Components,20,GO:0005684,U2-type spliceosomal complex,,-7.5,1.2e+02,21,30238,95,11,4,36,15,6628|23658|51362|55110,SNRPB|LSM5|CDC40|MAGOHB,-4.2
hits_SUB1_MCODE_1,GO Biological Processes,19,GO:0016071,mRNA metabolic process,19_GO:0009987 cellular process,-7.3,25,12,30238,665,11,6,55,15,6628|10465|23658|51362|55110|65109,SNRPB|PPIH|LSM5|CDC40|MAGOHB|UPF3B,-4.1
hits_SUB1_MCODE_1,GO Biological Processes,19,GO:0008380,RNA splicing,19_GO:0009987 cellular process,-6.7,33,13,30238,414,11,5,45,15,6628|10465|23658|51362|55110,SNRPB|PPIH|LSM5|CDC40|MAGOHB,-3.6
hits_SUB1_MCODE_1,GO Cellular Components,20,GO:0046540,U4/U6 x U5 tri-snRNP complex,,-6.3,1.9e+02,24,30238,44,11,3,27,13,6628|10465|23658,SNRPB|PPIH|LSM5,-3.3
hits_SUB1_MCODE_1,GO Cellular Components,20,GO:0097526,spliceosomal tri-snRNP complex,,-6.3,1.8e+02,23,30238,45,11,3,27,13,6628|10465|23658,SNRPB|PPIH|LSM5,-3.3
hits_SUB1_MCODE_1,GO Biological Processes,19,GO:0006397,mRNA processing,19_GO:0009987 cellular process,-6.3,28,11,30238,498,11,5,45,15,6628|10465|23658|51362|55110,SNRPB|PPIH|LSM5|CDC40|MAGOHB,-3.3
hits_SUB1_MCODE_1,GO Cellular Components,20,GO:0071005,U2-type precatalytic spliceosome,,-6.2,1.6e+02,22,30238,50,11,3,27,13,6628|23658|55110,SNRPB|LSM5|MAGOHB,-3.2
hits_SUB1_MCODE_1,GO Cellular Components,20,GO:0071011,precatalytic spliceosome,,-6.1,1.6e+02,22,30238,52,11,3,27,13,6628|23658|55110,SNRPB|LSM5|MAGOHB,-3.2
hits_SUB1_MCODE_1,GO Cellular Components,20,GO:0071013,catalytic step 2 spliceosome,,-5.4,92,16,30238,90,11,3,27,13,6628|51362|55110,SNRPB|CDC40|MAGOHB,-2.6
hits_SUB1_MCODE_1,GO Cellular Components,20,GO:0097525,spliceosomal snRNP complex,,-5.3,86,16,30238,96,11,3,27,13,6628|10465|23658,SNRPB|PPIH|LSM5,-2.6
hits_SUB1_MCODE_1,GO Cellular Components,20,GO:0030532,small nuclear ribonucleoprotein complex,,-5.2,78,15,30238,106,11,3,27,13,6628|10465|23658,SNRPB|PPIH|LSM5,-2.5
hits_SUB1_MCODE_1,KEGG Pathway,24,hsa03013,Nucleocytoplasmic transport,,-5.1,76,15,30238,108,11,3,27,13,7514|55110|65109,XPO1|MAGOHB|UPF3B,-2.5
hits_SUB1_MCODE_1,GO Cellular Components,20,GO:0120114,Sm-like protein family complex,,-5,70,14,30238,118,11,3,27,13,6628|10465|23658,SNRPB|PPIH|LSM5,-2.4
hits_SUB1_MCODE_1,GO Biological Processes,19,GO:0006334,nucleosome assembly,19_GO:0009987 cellular process,-5,69,14,30238,120,11,3,27,13,8208|8352|8360,CHAF1B|H3C3|H4C4,-2.4
hits_SUB1_MCODE_1,GO Biological Processes,19,GO:0006402,mRNA catabolic process,19_GO:0048519 negative regulation of biological process,-4.9,63,14,30238,131,11,3,27,13,23658|55110|65109,LSM5|MAGOHB|UPF3B,-2.3
hits_SUB1_MCODE_1,GO Biological Processes,19,GO:0051028,mRNA transport,19_GO:0051179 localization,-4.9,62,14,30238,132,11,3,27,13,7514|55110|65109,XPO1|MAGOHB|UPF3B,-2.3
hits_SUB1_MCODE_1,GO Biological Processes,19,GO:0034728,nucleosome organization,19_GO:0009987 cellular process,-4.8,59,13,30238,140,11,3,27,13,8208|8352|8360,CHAF1B|H3C3|H4C4,-2.2
hits_SUB1_MCODE_1,KEGG Pathway,24,hsa05322,Systemic lupus erythematosus,,-4.8,57,13,30238,144,11,3,27,13,6628|8352|8360,SNRPB|H3C3|H4C4,-2.2
hits_SUB1_MCODE_1,GO Biological Processes,19,GO:0050658,RNA transport,19_GO:0051179 localization,-4.7,53,12,30238,157,11,3,27,13,7514|55110|65109,XPO1|MAGOHB|UPF3B,-2.1
hits_SUB1_MCODE_1,GO Biological Processes,19,GO:0050657,nucleic acid transport,19_GO:0051179 localization,-4.6,52,12,30238,158,11,3,27,13,7514|55110|65109,XPO1|MAGOHB|UPF3B,-2.1
hits_SUB1_MCODE_1,GO Biological Processes,19,GO:0051236,establishment of RNA localization,19_GO:0051179 localization,-4.6,52,12,30238,159,11,3,27,13,7514|55110|65109,XPO1|MAGOHB|UPF3B,-2.1
hits_SUB1_MCODE_1,GO Biological Processes,19,GO:0006403,RNA localization,19_GO:0051179 localization,-4.4,45,11,30238,185,11,3,27,13,7514|55110|65109,XPO1|MAGOHB|UPF3B,-2
hits_SUB1_MCODE_1,GO Biological Processes,19,GO:0006401,RNA catabolic process,19_GO:0009987 cellular process,-4.3,41,11,30238,201,11,3,27,13,23658|55110|65109,LSM5|MAGOHB|UPF3B,-1.9
hits_SUB1_MCODE_1,GO Biological Processes,19,GO:0141188,nucleic acid catabolic process,19_GO:0009987 cellular process,-4.2,37,10,30238,225,11,3,27,13,23658|55110|65109,LSM5|MAGOHB|UPF3B,-1.8
hits_SUB1_MCODE_1,GO Biological Processes,19,GO:0015931,nucleobase-containing compound transport,19_GO:0051179 localization,-4.2,36,10,30238,230,11,3,27,13,7514|55110|65109,XPO1|MAGOHB|UPF3B,-1.7
hits_SUB1_MCODE_1,GO Biological Processes,19,GO:0065004,protein-DNA complex assembly,19_GO:0009987 cellular process,-4.2,36,10,30238,232,11,3,27,13,8208|8352|8360,CHAF1B|H3C3|H4C4,-1.7
hits_SUB1_MCODE_1,GO Biological Processes,19,GO:0071824,protein-DNA complex organization,19_GO:0009987 cellular process,-4,33,9.6,30238,252,11,3,27,13,8208|8352|8360,CHAF1B|H3C3|H4C4,-1.7
hits_SUB1_MCODE_1,GO Biological Processes,19,GO:0034655,nucleobase-containing compound catabolic process,19_GO:0009987 cellular process,-3.6,22,7.9,30238,368,11,3,27,13,23658|55110|65109,LSM5|MAGOHB|UPF3B,-1.3
hits_SUB1_MCODE_1,GO Molecular Functions,21,GO:0046982,protein heterodimerization activity,,-3.6,22,7.8,30238,371,11,3,27,13,8352|8360|23658,H3C3|H4C4|LSM5,-1.3
hits_SUB1_MCODE_1,GO Cellular Components,20,GO:0140168,nuclear ribonucleoprotein granule,,-3.2,16,6.6,30238,507,11,3,27,13,7514|10465|51362,XPO1|PPIH|CDC40,-0.98
hits_SUB1_MCODE_1,GO Biological Processes,19,GO:0006338,chromatin remodeling,19_GO:0009987 cellular process,-2.8,12,5.5,30238,700,11,3,27,13,8208|8352|8360,CHAF1B|H3C3|H4C4,-0.69
hits_SUB1_MCODE_1,GO Cellular Components,20,GO:0035770,ribonucleoprotein granule,,-2.7,11,5.3,30238,754,11,3,27,13,7514|10465|51362,XPO1|PPIH|CDC40,-0.63
hits_SUB1_MCODE_3,GO Biological Processes,19,GO:0007193,adenylate cyclase-inhibiting G protein-coupled receptor signaling pathway,19_GO:0050896 response to stimulus,-6.6,2e+02,24,30238,92,5,3,60,22,1129|1813|2918,CHRM2|DRD2|GRM8,-3.5
hits_SUB1_MCODE_3,KEGG Pathway,24,hsa04082,Neuroactive ligand signaling,,-5.6,91,16,30238,199,5,3,60,22,1129|1813|2918,CHRM2|DRD2|GRM8,-2.7
hits_SUB1_MCODE_3,GO Biological Processes,19,GO:0007188,adenylate cyclase-modulating G protein-coupled receptor signaling pathway,19_GO:0050896 response to stimulus,-5.2,70,14,30238,258,5,3,60,22,1129|1813|2918,CHRM2|DRD2|GRM8,-2.5
hits_SUB1_MCODE_3,KEGG Pathway,24,hsa04080,Neuroactive ligand-receptor interaction,,-4.7,49,12,30238,370,5,3,60,22,1129|1813|2918,CHRM2|DRD2|GRM8,-2.2
hits_SUB1_MCODE_3,GO Biological Processes,19,GO:0050804,modulation of chemical synaptic transmission,19_GO:0050789 regulation of biological process,-4.3,34,9.9,30238,529,5,3,60,22,1129|1813|2918,CHRM2|DRD2|GRM8,-1.8
hits_SUB1_MCODE_3,GO Biological Processes,19,GO:0099177,regulation of trans-synaptic signaling,19_GO:0050789 regulation of biological process,-4.3,34,9.9,30238,530,5,3,60,22,1129|1813|2918,CHRM2|DRD2|GRM8,-1.8
hits_SUB1_MCODE_4,KEGG Pathway,24,hsa01232,Nucleotide metabolism,,-10,3.6e+02,38,30238,85,4,4,1e+02,22,159|1633|1716|51251,ADSS2|DCK|DGUOK|NT5C3A,-5.9
hits_SUB1_MCODE_4,GO Biological Processes,19,GO:0009127,purine nucleoside monophosphate biosynthetic process,19_GO:0009987 cellular process,-8.9,1e+03,56,30238,22,4,3,75,22,159|1633|1716,ADSS2|DCK|DGUOK,-4.8
hits_SUB1_MCODE_4,GO Biological Processes,19,GO:0009124,nucleoside monophosphate biosynthetic process,19_GO:0009987 cellular process,-7.9,5.2e+02,39,30238,44,4,3,75,22,159|1633|1716,ADSS2|DCK|DGUOK,-4.3
hits_SUB1_MCODE_4,GO Biological Processes,19,GO:0009126,purine nucleoside monophosphate metabolic process,19_GO:0009987 cellular process,-7.9,5e+02,39,30238,45,4,3,75,22,159|1633|1716,ADSS2|DCK|DGUOK,-4.3
hits_SUB1_MCODE_4,GO Biological Processes,19,GO:0009117,nucleotide metabolic process,19_GO:0009987 cellular process,-7.3,68,16,30238,443,4,4,1e+02,22,159|1633|1716|51251,ADSS2|DCK|DGUOK|NT5C3A,-4.1
hits_SUB1_MCODE_4,GO Biological Processes,19,GO:0009123,nucleoside monophosphate metabolic process,19_GO:0009987 cellular process,-7.2,2.9e+02,29,30238,79,4,3,75,22,159|1633|1716,ADSS2|DCK|DGUOK,-4
hits_SUB1_MCODE_4,GO Biological Processes,19,GO:0006753,nucleoside phosphate metabolic process,19_GO:0009987 cellular process,-6.8,51,14,30238,595,4,4,1e+02,22,159|1633|1716|51251,ADSS2|DCK|DGUOK|NT5C3A,-3.7
hits_SUB1_MCODE_4,GO Biological Processes,19,GO:0055086,nucleobase-containing small molecule metabolic process,19_GO:0009987 cellular process,-6.8,49,14,30238,621,4,4,1e+02,22,159|1633|1716|51251,ADSS2|DCK|DGUOK|NT5C3A,-3.6
hits_SUB1_MCODE_4,KEGG Pathway,24,hsa00230,Purine metabolism,,-6.5,1.8e+02,23,30238,128,4,3,75,22,159|1633|1716,ADSS2|DCK|DGUOK,-3.5
hits_SUB1_MCODE_4,GO Biological Processes,19,GO:0006164,purine nucleotide biosynthetic process,19_GO:0009987 cellular process,-6.1,1.2e+02,19,30238,183,4,3,75,22,159|1633|1716,ADSS2|DCK|DGUOK,-3.1
hits_SUB1_MCODE_4,GO Biological Processes,19,GO:0009165,nucleotide biosynthetic process,19_GO:0009987 cellular process,-5.8,1e+02,18,30238,218,4,3,75,22,159|1633|1716,ADSS2|DCK|DGUOK,-2.9
hits_SUB1_MCODE_4,GO Biological Processes,19,GO:0072522,purine-containing compound biosynthetic process,19_GO:0009987 cellular process,-5.7,94,17,30238,242,4,3,75,22,159|1633|1716,ADSS2|DCK|DGUOK,-2.8
hits_SUB1_MCODE_4,GO Biological Processes,19,GO:1901293,nucleoside phosphate biosynthetic process,19_GO:0009987 cellular process,-5.4,75,15,30238,301,4,3,75,22,159|1633|1716,ADSS2|DCK|DGUOK,-2.6
hits_SUB1_MCODE_4,GO Biological Processes,19,GO:0006163,purine nucleotide metabolic process,19_GO:0009987 cellular process,-5.1,59,13,30238,384,4,3,75,22,159|1633|1716,ADSS2|DCK|DGUOK,-2.4
hits_SUB1_MCODE_4,GO Biological Processes,19,GO:0072521,purine-containing compound metabolic process,19_GO:0009987 cellular process,-4.7,44,11,30238,517,4,3,75,22,159|1633|1716,ADSS2|DCK|DGUOK,-2.2
hits_SUB1_MCODE_4,GO Biological Processes,19,GO:1901137,carbohydrate derivative biosynthetic process,19_GO:0009987 cellular process,-4.6,41,11,30238,554,4,3,75,22,159|1633|1716,ADSS2|DCK|DGUOK,-2.1
hits_SUB1_MCODE_4,GO Biological Processes,19,GO:0090407,organophosphate biosynthetic process,19_GO:0009987 cellular process,-4.6,40,11,30238,571,4,3,75,22,159|1633|1716,ADSS2|DCK|DGUOK,-2.1
