Cluster,Score,Type,Gene,Symbol,Network
2,2.5,Clustered,645425,PRAMEF20,hits_SUB1
2,2.5,Clustered,140032,RPS4Y2,hits_SUB1
2,2.5,Seed,9636,ISG15,hits_SUB1
2,2.5,Clustered,26135,SERBP1,hits_SUB1
2,2.5,Clustered,10473,HMGN4,hits_SUB1
2,2.5,Clustered,116832,RPL39L,hits_SUB1
1,2.0,Clustered,23658,LSM5,hits_SUB1
1,2.0,Clustered,55110,MAGOHB,hits_SUB1
1,2.0,Seed,9871,SEC24D,hits_SUB1
1,2.0,Clustered,8208,CHAF1B,hits_SUB1
1,2.0,Clustered,6628,SNRPB,hits_SUB1
1,2.0,Clustered,65109,UPF3B,hits_SUB1
1,2.0,Clustered,51362,CDC40,hits_SUB1
1,2.0,Clustered,7514,XPO1,hits_SUB1
1,2.0,Clustered,8360,H4C4,hits_SUB1
1,2.0,Clustered,10465,PPIH,hits_SUB1
1,2.0,Clustered,8352,H3C3,hits_SUB1
3,1.7999999999999998,Clustered,338398,TAS2R60,hits_SUB1
3,1.7999999999999998,Clustered,1129,CHRM2,hits_SUB1
3,1.7999999999999998,Clustered,1813,DRD2,hits_SUB1
3,1.7999999999999998,Clustered,2918,GRM8,hits_SUB1
3,1.7999999999999998,Seed,126006,PCP2,hits_SUB1
4,1.25,Seed,159,ADSS2,hits_SUB1
4,1.25,Clustered,51251,NT5C3A,hits_SUB1
4,1.25,Clustered,1633,DCK,hits_SUB1
4,1.25,Clustered,1716,DGUOK,hits_SUB1
5,1.0,Seed,388569,ZNF324B,hits_SUB1
5,1.0,Clustered,730051,ZNF814,hits_SUB1
5,1.0,Clustered,7571,ZNF23,hits_SUB1
6,1.0,Clustered,353140,LCE2C,hits_SUB1
6,1.0,Clustered,387266,KRTAP5-3,hits_SUB1
6,1.0,Seed,440023,KRTAP5-6,hits_SUB1
7,1.0,Seed,286256,LCN12,hits_SUB2
7,1.0,Clustered,389812,LCN15,hits_SUB2
7,1.0,Clustered,57817,HAMP,hits_SUB2
