Name,Category,CategoryID,GO,Description,PARENT_GO,LogP,Enrichment,Z-score,#TotalGeneInLibrary,#GeneInGO,#GeneInHitList,#GeneInGOAndHitList,%InGO,STDV %InGO,GeneID,Hits,Log(q-value)
hits,GO Biological Processes,19,GO:0000956,nuclear-transcribed mRNA catabolic process,19_GO:0048519 negative regulation of biological process,-6.4,21,11,30238,106,81,6,7.4,2.9,4116|7016|23016|27257|80153|149041,MAGOH|TESK1|EXOSC7|LSM1|EDC3|RC3H1,-2.7
hits,GO Biological Processes,19,GO:0006402,mRNA catabolic process,19_GO:0048519 negative regulation of biological process,-5.8,17,9.6,30238,131,81,6,7.4,2.9,4116|7016|23016|27257|80153|149041,MAGOH|TESK1|EXOSC7|LSM1|EDC3|RC3H1,-2.3
hits,GO Biological Processes,19,GO:0006913,nucleocytoplasmic transport,19_GO:0051179 localization,-5.2,10,7.6,30238,259,81,7,8.6,3.1,103|4116|10768|10892|23633|56478|259217,ADAR|MAGOH|AHCYL1|MALT1|KPNA6|EIF4ENIF1|HSPA12A,-1.9
hits,GO Biological Processes,19,GO:0051169,nuclear transport,19_GO:0051179 localization,-5.2,10,7.6,30238,260,81,7,8.6,3.1,103|4116|10768|10892|23633|56478|259217,ADAR|MAGOH|AHCYL1|MALT1|KPNA6|EIF4ENIF1|HSPA12A,-1.9
hits,GO Biological Processes,19,GO:0008625,extrinsic apoptotic signaling pathway via death domain receptors,19_GO:0050896 response to stimulus,-5.2,33,11,30238,45,81,4,4.9,2.4,8772|8795|51202|56616,FADD|TNFRSF10B|DDX47|DIABLO,-1.9
hits,GO Biological Processes,19,GO:0034655,nucleobase-containing compound catabolic process,19_GO:0009987 cellular process,-5.2,8.1,7.1,30238,368,81,8,9.9,3.3,956|4116|5230|7016|23016|27257|80153|149041,ENTPD3|MAGOH|PGK1|TESK1|EXOSC7|LSM1|EDC3|RC3H1,-1.9
hits,GO Biological Processes,19,GO:0033962,P-body assembly,19_GO:0009987 cellular process,-5,70,14,30238,16,81,3,3.7,2.1,56478|80153|149041,EIF4ENIF1|EDC3|RC3H1,-1.8
hits,GO Biological Processes,19,GO:0016071,mRNA metabolic process,19_GO:0009987 cellular process,-4.9,5.6,6.2,30238,665,81,10,12,3.7,103|4116|6936|7016|23016|27257|51202|56259|80153|149041,ADAR|MAGOH|GCFC2|TESK1|EXOSC7|LSM1|DDX47|CTNNBL1|EDC3|RC3H1,-1.8
hits,GO Biological Processes,19,GO:0006401,RNA catabolic process,19_GO:0009987 cellular process,-4.8,11,7.5,30238,201,81,6,7.4,2.9,4116|7016|23016|27257|80153|149041,MAGOH|TESK1|EXOSC7|LSM1|EDC3|RC3H1,-1.7
hits,GO Biological Processes,19,GO:0006364,rRNA processing,19_GO:0009987 cellular process,-4.6,10,7.1,30238,218,81,6,7.4,2.9,23016|51018|51202|55661|84916|345630,EXOSC7|RRP15|DDX47|DDX27|UTP4|FBLL1,-1.5
hits,GO Biological Processes,19,GO:0051168,nuclear export,19_GO:0051179 localization,-4.5,14,7.8,30238,132,81,5,6.2,2.7,103|4116|10768|10892|56478,ADAR|MAGOH|AHCYL1|MALT1|EIF4ENIF1,-1.5
hits,GO Biological Processes,19,GO:0141188,nucleic acid catabolic process,19_GO:0009987 cellular process,-4.5,10,7,30238,225,81,6,7.4,2.9,4116|7016|23016|27257|80153|149041,MAGOH|TESK1|EXOSC7|LSM1|EDC3|RC3H1,-1.5
hits,GO Molecular Functions,21,GO:0045296,cadherin binding,,-4.5,7.8,6.5,30238,334,81,7,8.6,3.1,682|1627|4430|6709|8428|26156|55379,BSG|DBN1|MYO1B|SPTAN1|STK24|RSL1D1|LRRC59,-1.5
hits,GO Biological Processes,19,GO:0022613,ribonucleoprotein complex biogenesis,19_GO:0009987 cellular process,-4.3,6.1,5.9,30238,486,81,8,9.9,3.3,103|6936|23016|51018|51202|55661|84916|345630,ADAR|GCFC2|EXOSC7|RRP15|DDX47|DDX27|UTP4|FBLL1,-1.4
hits,GO Molecular Functions,21,GO:0140313,molecular sequestering activity,,-4.3,20,8.5,30238,75,81,4,4.9,2.4,966|1627|4091|54739,CD59|DBN1|SMAD6|XAF1,-1.4
hits,GO Biological Processes,19,GO:0016072,rRNA metabolic process,19_GO:0009987 cellular process,-4.2,8.7,6.4,30238,257,81,6,7.4,2.9,23016|51018|51202|55661|84916|345630,EXOSC7|RRP15|DDX47|DDX27|UTP4|FBLL1,-1.3
hits,KEGG Pathway,24,hsa05164,Influenza A,,-4,11,6.7,30238,173,81,5,6.2,2.7,103|8772|8795|10379|23633,ADAR|FADD|TNFRSF10B|IRF9|KPNA6,-1.1
hits,GO Biological Processes,19,GO:0030036,actin cytoskeleton organization,19_GO:0009987 cellular process,-4,5.5,5.5,30238,546,81,8,9.9,3.3,388|1627|4430|5159|6709|7016|10395|51332,RHOB|DBN1|MYO1B|PDGFRB|SPTAN1|TESK1|DLC1|SPTBN5,-1.1
hits,GO Biological Processes,19,GO:0009132,nucleoside diphosphate metabolic process,19_GO:0009987 cellular process,-3.9,16,7.5,30238,94,81,4,4.9,2.4,203|956|1723|5230,AK1|ENTPD3|DHODH|PGK1,-1.1
hits,GO Cellular Components,20,GO:0000932,P-body,,-3.8,15,7.2,30238,100,81,4,4.9,2.4,27257|56478|80153|149041,LSM1|EIF4ENIF1|EDC3|RC3H1,-1
hits,GO Biological Processes,19,GO:0002683,negative regulation of immune system process,19_GO:0002376 immune system process,-3.8,5.1,5.2,30238,586,81,8,9.9,3.3,103|966|2268|5537|8772|29979|84447|149041,ADAR|CD59|FGR|PPP6C|FADD|UBQLN1|SYVN1|RC3H1,-0.97
hits,GO Biological Processes,19,GO:0042254,ribosome biogenesis,19_GO:0009987 cellular process,-3.7,7.2,5.7,30238,311,81,6,7.4,2.9,23016|51018|51202|55661|84916|345630,EXOSC7|RRP15|DDX47|DDX27|UTP4|FBLL1,-0.95
hits,GO Cellular Components,20,GO:0030863,cortical cytoskeleton,,-3.6,13,6.8,30238,111,81,4,4.9,2.4,1627|6709|10395|51332,DBN1|SPTAN1|DLC1|SPTBN5,-0.88
hits,GO Biological Processes,19,GO:0030029,actin filament-based process,19_GO:0009987 cellular process,-3.6,4.8,5,30238,620,81,8,9.9,3.3,388|1627|4430|5159|6709|7016|10395|51332,RHOB|DBN1|MYO1B|PDGFRB|SPTAN1|TESK1|DLC1|SPTBN5,-0.85
hits,GO Molecular Functions,21,GO:0140311,protein sequestering activity,,-3.6,24,8.1,30238,47,81,3,3.7,2.1,966|1627|4091,CD59|DBN1|SMAD6,-0.85
hits,GO Molecular Functions,21,GO:0140104,molecular carrier activity,,-3.6,13,6.6,30238,117,81,4,4.9,2.4,9054|23633|51016|56478,NFS1|KPNA6|EMC9|EIF4ENIF1,-0.85
hits,GO Biological Processes,19,GO:0097191,extrinsic apoptotic signaling pathway,19_GO:0050896 response to stimulus,-3.6,13,6.6,30238,117,81,4,4.9,2.4,8772|8795|51202|56616,FADD|TNFRSF10B|DDX47|DIABLO,-0.85
hits,GO Biological Processes,19,GO:0097190,apoptotic signaling pathway,19_GO:0050896 response to stimulus,-3.5,6.6,5.4,30238,337,81,6,7.4,2.9,8428|8772|8795|8879|51202|56616,STK24|FADD|TNFRSF10B|SGPL1|DDX47|DIABLO,-0.84
hits,GO Biological Processes,19,GO:0009141,nucleoside triphosphate metabolic process,19_GO:0009987 cellular process,-3.5,8.4,5.7,30238,223,81,5,6.2,2.7,203|498|956|3614|5230,AK1|ATP5F1A|ENTPD3|IMPDH1|PGK1,-0.78
hits,GO Biological Processes,19,GO:0050777,negative regulation of immune response,19_GO:0002376 immune system process,-3.4,8.3,5.7,30238,226,81,5,6.2,2.7,103|966|2268|84447|149041,ADAR|CD59|FGR|SYVN1|RC3H1,-0.77
hits,GO Biological Processes,19,GO:0051170,import into nucleus,19_GO:0051179 localization,-3.3,11,6.1,30238,133,81,4,4.9,2.4,103|23633|56478|259217,ADAR|KPNA6|EIF4ENIF1|HSPA12A,-0.69
hits,GO Biological Processes,19,GO:0045088,regulation of innate immune response,19_GO:0044419 biological process involved in interspecies interaction between organisms,-3.3,5,4.8,30238,519,81,7,8.6,3.1,103|2268|5184|5537|7804|8772|29979,ADAR|FGR|PEPD|PPP6C|LRP8|FADD|UBQLN1,-0.67
hits,KEGG Pathway,24,hsa04210,Apoptosis,,-3.3,11,6,30238,137,81,4,4.9,2.4,6709|8772|8795|56616,SPTAN1|FADD|TNFRSF10B|DIABLO,-0.66
hits,GO Molecular Functions,21,GO:0002020,protease binding,,-3.3,11,6,30238,139,81,4,4.9,2.4,498|8772|10892|84447,ATP5F1A|FADD|MALT1|SYVN1,-0.64
hits,GO Biological Processes,19,GO:0001819,positive regulation of cytokine production,19_GO:0048518 positive regulation of biological process,-3.2,4.9,4.7,30238,534,81,7,8.6,3.1,682|2268|8140|8772|10892|23633|54739,BSG|FGR|SLC7A5|FADD|MALT1|KPNA6|XAF1,-0.62
hits,GO Biological Processes,19,GO:0009161,ribonucleoside monophosphate metabolic process,19_GO:0009987 cellular process,-3.2,18,7,30238,61,81,3,3.7,2.1,203|1723|3614,AK1|DHODH|IMPDH1,-0.62
hits,GO Biological Processes,19,GO:0048524,positive regulation of viral process,19_GO:0016032 viral process,-3.2,17,6.8,30238,64,81,3,3.7,2.1,103|682|23633,ADAR|BSG|KPNA6,-0.57
hits,GO Biological Processes,19,GO:0051603,proteolysis involved in protein catabolic process,19_GO:0009987 cellular process,-3.1,4.1,4.4,30238,734,81,8,9.9,3.3,5193|7804|10892|29979|54739|84447|149041|255488,PEX12|LRP8|MALT1|UBQLN1|XAF1|SYVN1|RC3H1|RNF144B,-0.52
hits,GO Biological Processes,19,GO:0006886,intracellular protein transport,19_GO:0051179 localization,-3,4.5,4.4,30238,579,81,7,8.6,3.1,103|388|5193|10768|23633|56478|84447,ADAR|RHOB|PEX12|AHCYL1|KPNA6|EIF4ENIF1|SYVN1,-0.46
hits,GO Biological Processes,19,GO:0002697,regulation of immune effector process,19_GO:0002376 immune system process,-3,5.3,4.6,30238,421,81,6,7.4,2.9,966|2268|8140|8772|10892|149041,CD59|FGR|SLC7A5|FADD|MALT1|RC3H1,-0.46
hits,GO Biological Processes,19,GO:0009260,ribonucleotide biosynthetic process,19_GO:0009987 cellular process,-3,9.2,5.4,30238,162,81,4,4.9,2.4,203|498|1723|3614,AK1|ATP5F1A|DHODH|IMPDH1,-0.46
hits,GO Biological Processes,19,GO:1903311,regulation of mRNA metabolic process,19_GO:0050789 regulation of biological process,-3,5.3,4.6,30238,423,81,6,7.4,2.9,4116|10768|27257|56478|149041|345630,MAGOH|AHCYL1|LSM1|EIF4ENIF1|RC3H1|FBLL1,-0.46
hits,GO Cellular Components,20,GO:0005925,focal adhesion,,-3,5.3,4.6,30238,423,81,6,7.4,2.9,388|682|966|5159|10395|22888,RHOB|BSG|CD59|PDGFRB|DLC1|UBOX5,-0.46
hits,GO Cellular Components,20,GO:0016234,inclusion body,,-3,15,6.3,30238,75,81,3,3.7,2.1,2268|2997|29979,FGR|GYS1|UBQLN1,-0.43
hits,GO Cellular Components,20,GO:0030055,cell-substrate junction,,-3,5.2,4.5,30238,433,81,6,7.4,2.9,388|682|966|5159|10395|22888,RHOB|BSG|CD59|PDGFRB|DLC1|UBOX5,-0.43
hits,GO Biological Processes,19,GO:0046390,ribose phosphate biosynthetic process,19_GO:0009987 cellular process,-3,8.9,5.3,30238,168,81,4,4.9,2.4,203|498|1723|3614,AK1|ATP5F1A|DHODH|IMPDH1,-0.43
hits,KEGG Pathway,24,hsa03018,RNA degradation,,-2.9,14,6.1,30238,78,81,3,3.7,2.1,23016|27257|80153,EXOSC7|LSM1|EDC3,-0.39
hits,GO Biological Processes,19,GO:0006511,ubiquitin-dependent protein catabolic process,19_GO:0009987 cellular process,-2.9,4.3,4.3,30238,608,81,7,8.6,3.1,5193|7804|29979|54739|84447|149041|255488,PEX12|LRP8|UBQLN1|XAF1|SYVN1|RC3H1|RNF144B,-0.39
hits,GO Biological Processes,19,GO:0009123,nucleoside monophosphate metabolic process,19_GO:0009987 cellular process,-2.9,14,6.1,30238,79,81,3,3.7,2.1,203|1723|3614,AK1|DHODH|IMPDH1,-0.39
hits,GO Biological Processes,19,GO:0002520,immune system development,19_GO:0002376 immune system process,-2.9,8.5,5.2,30238,175,81,4,4.9,2.4,103|8772|56259|149041,ADAR|FADD|CTNNBL1|RC3H1,-0.39
hits,GO Cellular Components,20,GO:0030864,cortical actin cytoskeleton,,-2.9,14,6,30238,80,81,3,3.7,2.1,6709|10395|51332,SPTAN1|DLC1|SPTBN5,-0.39
hits,GO Biological Processes,19,GO:0002831,regulation of response to biotic stimulus,19_GO:0050896 response to stimulus,-2.9,4.2,4.2,30238,616,81,7,8.6,3.1,103|2268|5184|5537|7804|8772|29979,ADAR|FGR|PEPD|PPP6C|LRP8|FADD|UBQLN1,-0.39
hits,GO Biological Processes,19,GO:0010720,positive regulation of cell development,19_GO:0032502 developmental process,-2.9,5,4.4,30238,451,81,6,7.4,2.9,1627|6601|7804|8140|8772|10892,DBN1|SMARCC2|LRP8|SLC7A5|FADD|MALT1,-0.39
hits,GO Biological Processes,19,GO:0019941,modification-dependent protein catabolic process,19_GO:0009987 cellular process,-2.9,4.2,4.2,30238,619,81,7,8.6,3.1,5193|7804|29979|54739|84447|149041|255488,PEX12|LRP8|UBQLN1|XAF1|SYVN1|RC3H1|RNF144B,-0.39
hits,GO Biological Processes,19,GO:0061013,regulation of mRNA catabolic process,19_GO:0048519 negative regulation of biological process,-2.9,6.1,4.7,30238,305,81,5,6.2,2.7,4116|27257|56478|149041|345630,MAGOH|LSM1|EIF4ENIF1|RC3H1|FBLL1,-0.39
hits,GO Molecular Functions,21,GO:0004842,ubiquitin-protein transferase activity,,-2.9,4.9,4.4,30238,455,81,6,7.4,2.9,5193|10892|22888|84447|149041|255488,PEX12|MALT1|UBOX5|SYVN1|RC3H1|RNF144B,-0.38
hits,GO Biological Processes,19,GO:0043632,modification-dependent macromolecule catabolic process,19_GO:0009987 cellular process,-2.8,4.2,4.2,30238,625,81,7,8.6,3.1,5193|7804|29979|54739|84447|149041|255488,PEX12|LRP8|UBQLN1|XAF1|SYVN1|RC3H1|RNF144B,-0.38
hits,KEGG Pathway,24,hsa01232,Nucleotide metabolism,,-2.8,13,5.8,30238,85,81,3,3.7,2.1,203|956|3614,AK1|ENTPD3|IMPDH1,-0.36
hits,GO Molecular Functions,21,GO:0050839,cell adhesion molecule binding,,-2.8,4.1,4.1,30238,636,81,7,8.6,3.1,682|1627|4430|6709|8428|26156|55379,BSG|DBN1|MYO1B|SPTAN1|STK24|RSL1D1|LRRC59,-0.35
hits,GO Biological Processes,19,GO:0002253,activation of immune response,19_GO:0002376 immune system process,-2.8,4.8,4.3,30238,471,81,6,7.4,2.9,966|2268|5184|5537|10892|149041,CD59|FGR|PEPD|PPP6C|MALT1|RC3H1,-0.34
hits,GO Biological Processes,19,GO:0009185,ribonucleoside diphosphate metabolic process,19_GO:0009987 cellular process,-2.8,13,5.7,30238,88,81,3,3.7,2.1,203|1723|5230,AK1|DHODH|PGK1,-0.33
hits,GO Biological Processes,19,GO:0009259,ribonucleotide metabolic process,19_GO:0009987 cellular process,-2.8,5.8,4.5,30238,322,81,5,6.2,2.7,203|498|1723|3614|5230,AK1|ATP5F1A|DHODH|IMPDH1|PGK1,-0.33
hits,GO Molecular Functions,21,GO:0019787,ubiquitin-like protein transferase activity,,-2.7,4.6,4.2,30238,484,81,6,7.4,2.9,5193|10892|22888|84447|149041|255488,PEX12|MALT1|UBOX5|SYVN1|RC3H1|RNF144B,-0.3
hits,GO Biological Processes,19,GO:0019693,ribose phosphate metabolic process,19_GO:0009987 cellular process,-2.7,5.7,4.4,30238,329,81,5,6.2,2.7,203|498|1723|3614|5230,AK1|ATP5F1A|DHODH|IMPDH1|PGK1,-0.3
hits,GO Biological Processes,19,GO:0009205,purine ribonucleoside triphosphate metabolic process,19_GO:0009987 cellular process,-2.7,7.5,4.8,30238,200,81,4,4.9,2.4,203|498|3614|5230,AK1|ATP5F1A|IMPDH1|PGK1,-0.27
hits,GO Molecular Functions,21,GO:0003729,mRNA binding,,-2.7,3.9,3.9,30238,669,81,7,8.6,3.1,23016|26156|27257|56478|80153|124540|149041,EXOSC7|RSL1D1|LSM1|EIF4ENIF1|EDC3|MSI2|RC3H1,-0.26
hits,GO Biological Processes,19,GO:0006397,mRNA processing,19_GO:0009987 cellular process,-2.7,4.5,4.1,30238,498,81,6,7.4,2.9,103|4116|6936|27257|51202|56259,ADAR|MAGOH|GCFC2|LSM1|DDX47|CTNNBL1,-0.26
hits,GO Molecular Functions,21,GO:0016755,aminoacyltransferase activity,,-2.6,4.5,4.1,30238,502,81,6,7.4,2.9,5193|10892|22888|84447|149041|255488,PEX12|MALT1|UBOX5|SYVN1|RC3H1|RNF144B,-0.25
hits,GO Biological Processes,19,GO:0009199,ribonucleoside triphosphate metabolic process,19_GO:0009987 cellular process,-2.6,7.2,4.6,30238,207,81,4,4.9,2.4,203|498|3614|5230,AK1|ATP5F1A|IMPDH1|PGK1,-0.25
hits,GO Biological Processes,19,GO:0009144,purine nucleoside triphosphate metabolic process,19_GO:0009987 cellular process,-2.6,7.2,4.6,30238,207,81,4,4.9,2.4,203|498|3614|5230,AK1|ATP5F1A|IMPDH1|PGK1,-0.25
hits,GO Biological Processes,19,GO:0010639,negative regulation of organelle organization,19_GO:0048519 negative regulation of biological process,-2.6,5.4,4.3,30238,345,81,5,6.2,2.7,6709|7016|10395|51332|146691,SPTAN1|TESK1|DLC1|SPTBN5|TOM1L2,-0.25
hits,GO Cellular Components,20,GO:0005681,spliceosomal complex,,-2.6,7.1,4.6,30238,209,81,4,4.9,2.4,103|4116|6936|56259,ADAR|MAGOH|GCFC2|CTNNBL1,-0.24
hits,GO Biological Processes,19,GO:0002822,regulation of adaptive immune response based on somatic recombination of immune receptors built from immunoglobulin superfamily domains,19_GO:0002376 immune system process,-2.6,7.1,4.6,30238,210,81,4,4.9,2.4,8772|10892|84447|149041,FADD|MALT1|SYVN1|RC3H1,-0.24
hits,GO Biological Processes,19,GO:0032956,regulation of actin cytoskeleton organization,19_GO:0050789 regulation of biological process,-2.6,5.2,4.2,30238,357,81,5,6.2,2.7,5159|6709|7016|10395|51332,PDGFRB|SPTAN1|TESK1|DLC1|SPTBN5,-0.2
hits,GO Cellular Components,20,GO:0030684,preribosome,,-2.6,11,5.2,30238,104,81,3,3.7,2.1,51018|84916|345630,RRP15|UTP4|FBLL1,-0.19
hits,GO Biological Processes,19,GO:0009165,nucleotide biosynthetic process,19_GO:0009987 cellular process,-2.5,6.8,4.5,30238,218,81,4,4.9,2.4,203|498|1723|3614,AK1|ATP5F1A|DHODH|IMPDH1,-0.19
hits,GO Cellular Components,20,GO:0005759,mitochondrial matrix,,-2.5,4.2,3.9,30238,530,81,6,7.4,2.9,498|5230|9054|26073|55379|122961,ATP5F1A|PGK1|NFS1|POLDIP2|LRRC59|ISCA2,-0.17
hits,GO Biological Processes,19,GO:0002819,regulation of adaptive immune response,19_GO:0002376 immune system process,-2.5,6.7,4.4,30238,224,81,4,4.9,2.4,8772|10892|84447|149041,FADD|MALT1|SYVN1|RC3H1,-0.16
hits,GO Biological Processes,19,GO:0140694,membraneless organelle assembly,19_GO:0009987 cellular process,-2.5,5,4,30238,372,81,5,6.2,2.7,5159|26073|56478|80153|149041,PDGFRB|POLDIP2|EIF4ENIF1|EDC3|RC3H1,-0.14
hits,GO Biological Processes,19,GO:0009142,nucleoside triphosphate biosynthetic process,19_GO:0009987 cellular process,-2.5,10,5,30238,111,81,3,3.7,2.1,203|498|3614,AK1|ATP5F1A|IMPDH1,-0.14
hits,GO Molecular Functions,21,GO:0016301,kinase activity,,-2.5,3.6,3.7,30238,729,81,7,8.6,3.1,203|2268|5159|5230|7016|8428|548596,AK1|FGR|PDGFRB|PGK1|TESK1|STK24|CKMT1A,-0.13
hits,GO Cellular Components,20,GO:0015629,actin cytoskeleton,,-2.5,4.1,3.8,30238,545,81,6,7.4,2.9,1627|2268|4430|6709|10395|51332,DBN1|FGR|MYO1B|SPTAN1|DLC1|SPTBN5,-0.13
hits,GO Biological Processes,19,GO:0043123,positive regulation of canonical NF-kappaB signal transduction,19_GO:0048518 positive regulation of biological process,-2.5,6.4,4.3,30238,232,81,4,4.9,2.4,8772|8795|10892|57449,FADD|TNFRSF10B|MALT1|PLEKHG5,-0.12
hits,GO Biological Processes,19,GO:0045859,regulation of protein kinase activity,19_GO:0050789 regulation of biological process,-2.4,6.4,4.3,30238,234,81,4,4.9,2.4,103|2268|5159|8795,ADAR|FGR|PDGFRB|TNFRSF10B,-0.12
hits,GO Cellular Components,20,GO:0048471,perinuclear region of cytoplasm,,-2.4,3.5,3.6,30238,739,81,7,8.6,3.1,4430|7016|9099|10892|23413|29979|57449,MYO1B|TESK1|USP2|MALT1|NCS1|UBQLN1|PLEKHG5,-0.12
hits,GO Biological Processes,19,GO:1903900,regulation of viral life cycle,19_GO:0016032 viral process,-2.4,9.7,4.9,30238,115,81,3,3.7,2.1,103|682|23633,ADAR|BSG|KPNA6,-0.12
hits,GO Biological Processes,19,GO:0046651,lymphocyte proliferation,19_GO:0002376 immune system process,-2.4,9.6,4.8,30238,117,81,3,3.7,2.1,3614|10892|149041,IMPDH1|MALT1|RC3H1,-0.1
hits,GO Biological Processes,19,GO:0050778,positive regulation of immune response,19_GO:0002376 immune system process,-2.4,3.5,3.6,30238,747,81,7,8.6,3.1,966|2268|5184|5537|8772|10892|149041,CD59|FGR|PEPD|PPP6C|FADD|MALT1|RC3H1,-0.1
hits,GO Biological Processes,19,GO:0043065,positive regulation of apoptotic process,19_GO:0048518 positive regulation of biological process,-2.4,4,3.7,30238,567,81,6,7.4,2.9,388|8772|8795|10395|56259|56616,RHOB|FADD|TNFRSF10B|DLC1|CTNNBL1|DIABLO,-0.076
hits,GO Biological Processes,19,GO:0046777,protein autophosphorylation,19_GO:0009987 cellular process,-2.4,9.3,4.7,30238,121,81,3,3.7,2.1,2268|5159|8428,FGR|PDGFRB|STK24,-0.076
hits,GO Biological Processes,19,GO:0032943,mononuclear cell proliferation,19_GO:0009987 cellular process,-2.4,9.3,4.7,30238,121,81,3,3.7,2.1,3614|10892|149041,IMPDH1|MALT1|RC3H1,-0.076
hits,GO Biological Processes,19,GO:0090407,organophosphate biosynthetic process,19_GO:0009987 cellular process,-2.4,3.9,3.7,30238,571,81,6,7.4,2.9,203|498|1723|3614|9054|548596,AK1|ATP5F1A|DHODH|IMPDH1|NFS1|CKMT1A,-0.071
hits,GO Biological Processes,19,GO:0032970,regulation of actin filament-based process,19_GO:0050789 regulation of biological process,-2.3,4.6,3.8,30238,402,81,5,6.2,2.7,5159|6709|7016|10395|51332,PDGFRB|SPTAN1|TESK1|DLC1|SPTBN5,-0.055
hits,GO Biological Processes,19,GO:0022604,regulation of cell morphogenesis,19_GO:0032502 developmental process,-2.3,6,4.1,30238,250,81,4,4.9,2.4,1627|2268|7804|10251,DBN1|FGR|LRP8|SPRY3,-0.052
hits,GO Biological Processes,19,GO:0002757,immune response-activating signaling pathway,19_GO:0002376 immune system process,-2.3,4.6,3.8,30238,407,81,5,6.2,2.7,2268|5184|5537|10892|149041,FGR|PEPD|PPP6C|MALT1|RC3H1,-0.042
hits,GO Molecular Functions,21,GO:0019900,kinase binding,,-2.3,3.4,3.5,30238,776,81,7,8.6,3.1,2268|5159|7016|10723|29979|56478|146691,FGR|PDGFRB|TESK1|SLC12A7|UBQLN1|EIF4ENIF1|TOM1L2,-0.042
hits,GO Biological Processes,19,GO:0006606,protein import into nucleus,19_GO:0051179 localization,-2.3,8.8,4.6,30238,127,81,3,3.7,2.1,103|23633|56478,ADAR|KPNA6|EIF4ENIF1,-0.04
hits,GO Biological Processes,19,GO:0043068,positive regulation of programmed cell death,19_GO:0048518 positive regulation of biological process,-2.3,3.8,3.6,30238,586,81,6,7.4,2.9,388|8772|8795|10395|56259|56616,RHOB|FADD|TNFRSF10B|DLC1|CTNNBL1|DIABLO,-0.039
hits,KEGG Pathway,24,hsa00230,Purine metabolism,,-2.3,8.7,4.6,30238,128,81,3,3.7,2.1,203|956|3614,AK1|ENTPD3|IMPDH1,-0.038
hits,GO Biological Processes,19,GO:0043549,regulation of kinase activity,19_GO:0050789 regulation of biological process,-2.3,5.8,4,30238,256,81,4,4.9,2.4,103|2268|5159|8795,ADAR|FGR|PDGFRB|TNFRSF10B,-0.038
hits,GO Biological Processes,19,GO:0008380,RNA splicing,19_GO:0009987 cellular process,-2.3,4.5,3.7,30238,414,81,5,6.2,2.7,4116|6936|27257|51202|56259,MAGOH|GCFC2|LSM1|DDX47|CTNNBL1,-0.031
hits,GO Biological Processes,19,GO:0006753,nucleoside phosphate metabolic process,19_GO:0009987 cellular process,-2.3,3.8,3.5,30238,595,81,6,7.4,2.9,203|498|956|1723|3614|5230,AK1|ATP5F1A|ENTPD3|DHODH|IMPDH1|PGK1,-0.022
hits,GO Molecular Functions,21,GO:0140098,"catalytic activity, acting on RNA",,-2.3,4.5,3.7,30238,419,81,5,6.2,2.7,103|23016|51202|55661|345630,ADAR|EXOSC7|DDX47|DDX27|FBLL1,-0.016
hits,GO Biological Processes,19,GO:0030335,positive regulation of cell migration,19_GO:0040011 locomotion,-2.2,3.7,3.5,30238,606,81,6,7.4,2.9,388|498|682|2268|5159|8772,RHOB|ATP5F1A|BSG|FGR|PDGFRB|FADD,0
hits,GO Cellular Components,20,GO:0036464,cytoplasmic ribonucleoprotein granule,,-2.2,5.6,3.9,30238,267,81,4,4.9,2.4,27257|56478|80153|149041,LSM1|EIF4ENIF1|EDC3|RC3H1,0
hits,GO Biological Processes,19,GO:0010595,positive regulation of endothelial cell migration,19_GO:0040011 locomotion,-2.2,8.2,4.4,30238,136,81,3,3.7,2.1,388|498|682,RHOB|ATP5F1A|BSG,0
hits,KEGG Pathway,24,hsa05162,Measles,,-2.2,8.1,4.3,30238,139,81,3,3.7,2.1,103|8772|10379,ADAR|FADD|IRF9,0
hits,GO Biological Processes,19,GO:0110053,regulation of actin filament organization,19_GO:0050789 regulation of biological process,-2.2,5.4,3.8,30238,274,81,4,4.9,2.4,6709|7016|10395|51332,SPTAN1|TESK1|DLC1|SPTBN5,0
hits,GO Biological Processes,19,GO:0070661,leukocyte proliferation,19_GO:0009987 cellular process,-2.2,8,4.3,30238,140,81,3,3.7,2.1,3614|10892|149041,IMPDH1|MALT1|RC3H1,0
hits,GO Biological Processes,19,GO:0055086,nucleobase-containing small molecule metabolic process,19_GO:0009987 cellular process,-2.2,3.6,3.4,30238,621,81,6,7.4,2.9,203|498|956|1723|3614|5230,AK1|ATP5F1A|ENTPD3|DHODH|IMPDH1|PGK1,0
hits,GO Cellular Components,20,GO:0031252,cell leading edge,,-2.2,4.3,3.6,30238,438,81,5,6.2,2.7,2268|4163|7016|10395|57449,FGR|MCC|TESK1|DLC1|PLEKHG5,0
hits,GO Biological Processes,19,GO:0050792,regulation of viral process,19_GO:0016032 viral process,-2.2,7.9,4.3,30238,141,81,3,3.7,2.1,103|682|23633,ADAR|BSG|KPNA6,0
hits,GO Biological Processes,19,GO:0002699,positive regulation of immune effector process,19_GO:0002376 immune system process,-2.2,5.4,3.8,30238,276,81,4,4.9,2.4,2268|8140|8772|10892,FGR|SLC7A5|FADD|MALT1,0
hits,GO Molecular Functions,21,GO:0004713,protein tyrosine kinase activity,,-2.2,7.9,4.3,30238,142,81,3,3.7,2.1,2268|5159|7016,FGR|PDGFRB|TESK1,0
hits,GO Biological Processes,19,GO:0009117,nucleotide metabolic process,19_GO:0009987 cellular process,-2.2,4.2,3.5,30238,443,81,5,6.2,2.7,203|498|1723|3614|5230,AK1|ATP5F1A|DHODH|IMPDH1|PGK1,0
hits,GO Biological Processes,19,GO:0000375,"RNA splicing, via transesterification reactions",19_GO:0009987 cellular process,-2.2,5.3,3.8,30238,280,81,4,4.9,2.4,4116|6936|27257|56259,MAGOH|GCFC2|LSM1|CTNNBL1,0
hits,GO Biological Processes,19,GO:2000147,positive regulation of cell motility,19_GO:0040011 locomotion,-2.1,3.5,3.3,30238,634,81,6,7.4,2.9,388|498|682|2268|5159|8772,RHOB|ATP5F1A|BSG|FGR|PDGFRB|FADD,0
hits,GO Biological Processes,19,GO:0099175,regulation of postsynapse organization,19_GO:0050789 regulation of biological process,-2.1,7.7,4.2,30238,146,81,3,3.7,2.1,1627|7804|57524,DBN1|LRP8|CASKIN1,0
hits,GO Biological Processes,19,GO:0009152,purine ribonucleotide biosynthetic process,19_GO:0009987 cellular process,-2.1,7.7,4.2,30238,146,81,3,3.7,2.1,203|498|3614,AK1|ATP5F1A|IMPDH1,0
hits,GO Biological Processes,19,GO:0000209,protein polyubiquitination,19_GO:0009987 cellular process,-2.1,5.3,3.7,30238,284,81,4,4.9,2.4,5193|22888|84447|149041,PEX12|UBOX5|SYVN1|RC3H1,0
hits,GO Biological Processes,19,GO:0043488,regulation of mRNA stability,19_GO:0048519 negative regulation of biological process,-2.1,5.3,3.7,30238,284,81,4,4.9,2.4,27257|56478|149041|345630,LSM1|EIF4ENIF1|RC3H1|FBLL1,0
hits,GO Biological Processes,19,GO:0032984,protein-containing complex disassembly,19_GO:0009987 cellular process,-2.1,7.5,4.1,30238,150,81,3,3.7,2.1,5193|6601|29979,PEX12|SMARCC2|UBQLN1,0
hits,GO Biological Processes,19,GO:0031399,regulation of protein modification process,19_GO:0050789 regulation of biological process,-2.1,3.5,3.3,30238,645,81,6,7.4,2.9,103|2268|5159|8795|10892|29979,ADAR|FGR|PDGFRB|TNFRSF10B|MALT1|UBQLN1,0
hits,GO Cellular Components,20,GO:0045121,membrane raft,,-2.1,5.1,3.7,30238,291,81,4,4.9,2.4,498|5230|7804|10395,ATP5F1A|PGK1|LRP8|DLC1,0
hits,GO Biological Processes,19,GO:0045321,leukocyte activation,19_GO:0002376 immune system process,-2.1,3.5,3.3,30238,648,81,6,7.4,2.9,3614|8772|10892|84447|149041|259217,IMPDH1|FADD|MALT1|SYVN1|RC3H1|HSPA12A,0
hits,GO Cellular Components,20,GO:0098857,membrane microdomain,,-2.1,5.1,3.7,30238,293,81,4,4.9,2.4,498|5230|7804|10395,ATP5F1A|PGK1|LRP8|DLC1,0
hits,GO Biological Processes,19,GO:0030098,lymphocyte differentiation,19_GO:0002376 immune system process,-2.1,5.1,3.7,30238,293,81,4,4.9,2.4,8772|10892|84447|149041,FADD|MALT1|SYVN1|RC3H1,0
hits,GO Biological Processes,19,GO:0040017,positive regulation of locomotion,19_GO:0040011 locomotion,-2.1,3.4,3.3,30238,651,81,6,7.4,2.9,388|498|682|2268|5159|8772,RHOB|ATP5F1A|BSG|FGR|PDGFRB|FADD,0
hits,KEGG Pathway,24,hsa01240,Biosynthesis of cofactors,,-2.1,7.3,4,30238,154,81,3,3.7,2.1,203|1723|9054,AK1|DHODH|NFS1,0
hits,GO Biological Processes,19,GO:0043487,regulation of RNA stability,19_GO:0050789 regulation of biological process,-2.1,5,3.6,30238,300,81,4,4.9,2.4,27257|56478|149041|345630,LSM1|EIF4ENIF1|RC3H1|FBLL1,0
hits,GO Biological Processes,19,GO:0002764,immune response-regulating signaling pathway,19_GO:0002376 immune system process,-2.1,4,3.4,30238,471,81,5,6.2,2.7,2268|5184|5537|10892|149041,FGR|PEPD|PPP6C|MALT1|RC3H1,0
hits,GO Biological Processes,19,GO:0009150,purine ribonucleotide metabolic process,19_GO:0009987 cellular process,-2.1,5,3.6,30238,301,81,4,4.9,2.4,203|498|3614|5230,AK1|ATP5F1A|IMPDH1|PGK1,0
hits,GO Biological Processes,19,GO:1901293,nucleoside phosphate biosynthetic process,19_GO:0009987 cellular process,-2.1,5,3.6,30238,301,81,4,4.9,2.4,203|498|1723|3614,AK1|ATP5F1A|DHODH|IMPDH1,0
hits,KEGG Pathway,24,hsa04217,Necroptosis,,-2,7,4,30238,159,81,3,3.7,2.1,8772|8795|10379,FADD|TNFRSF10B|IRF9,0
hits,GO Biological Processes,19,GO:0051338,regulation of transferase activity,19_GO:0065007 biological regulation,-2,4.9,3.6,30238,304,81,4,4.9,2.4,103|2268|5159|8795,ADAR|FGR|PDGFRB|TNFRSF10B,0
hits,GO Biological Processes,19,GO:0001822,kidney development,19_GO:0032502 developmental process,-2,4.9,3.5,30238,306,81,4,4.9,2.4,4091|5159|8772|8879,SMAD6|PDGFRB|FADD|SGPL1,0
hits,GO Biological Processes,19,GO:0051494,negative regulation of cytoskeleton organization,19_GO:0048519 negative regulation of biological process,-2,7,3.9,30238,161,81,3,3.7,2.1,6709|10395|51332,SPTAN1|DLC1|SPTBN5,0
hits,GO Cellular Components,20,GO:0001650,fibrillar center,,-2,7,3.9,30238,161,81,3,3.7,2.1,10892|84916|345630,MALT1|UTP4|FBLL1,0
hits,GO Biological Processes,19,GO:0031344,regulation of cell projection organization,19_GO:0050789 regulation of biological process,-2,3.3,3.2,30238,672,81,6,7.4,2.9,1627|7016|7804|8428|10251|23413,DBN1|TESK1|LRP8|STK24|SPRY3|NCS1,0
hits,GO Biological Processes,19,GO:1902904,negative regulation of supramolecular fiber organization,19_GO:0048519 negative regulation of biological process,-2,6.9,3.9,30238,163,81,3,3.7,2.1,6709|10395|51332,SPTAN1|DLC1|SPTBN5,0
hits_MCODE_ALL,GO Biological Processes,19,GO:0006364,rRNA processing,19_GO:0009987 cellular process,-8.1,63,18,30238,218,11,5,45,15,23016|51202|55661|84916|345630,EXOSC7|DDX47|DDX27|UTP4|FBLL1,-3.7
hits_MCODE_ALL,GO Biological Processes,19,GO:0016072,rRNA metabolic process,19_GO:0009987 cellular process,-7.7,53,16,30238,257,11,5,45,15,23016|51202|55661|84916|345630,EXOSC7|DDX47|DDX27|UTP4|FBLL1,-3.7
hits_MCODE_ALL,GO Biological Processes,19,GO:0042254,ribosome biogenesis,19_GO:0009987 cellular process,-7.3,44,15,30238,311,11,5,45,15,23016|51202|55661|84916|345630,EXOSC7|DDX47|DDX27|UTP4|FBLL1,-3.4
hits_MCODE_ALL,GO Biological Processes,19,GO:0022613,ribonucleoprotein complex biogenesis,19_GO:0009987 cellular process,-6.3,28,12,30238,486,11,5,45,15,23016|51202|55661|84916|345630,EXOSC7|DDX47|DDX27|UTP4|FBLL1,-2.7
hits_MCODE_ALL,GO Biological Processes,19,GO:0000956,nuclear-transcribed mRNA catabolic process,19_GO:0048519 negative regulation of biological process,-5.2,78,15,30238,106,11,3,27,13,4116|23016|27257,MAGOH|EXOSC7|LSM1,-1.9
hits_MCODE_ALL,GO Molecular Functions,21,GO:0140098,"catalytic activity, acting on RNA",,-5,26,9.9,30238,419,11,4,36,15,23016|51202|55661|345630,EXOSC7|DDX47|DDX27|FBLL1,-1.8
hits_MCODE_ALL,GO Biological Processes,19,GO:0006402,mRNA catabolic process,19_GO:0048519 negative regulation of biological process,-4.9,63,14,30238,131,11,3,27,13,4116|23016|27257,MAGOH|EXOSC7|LSM1,-1.8
hits_MCODE_ALL,GO Biological Processes,19,GO:0006401,RNA catabolic process,19_GO:0009987 cellular process,-4.3,41,11,30238,201,11,3,27,13,4116|23016|27257,MAGOH|EXOSC7|LSM1,-1.4
hits_MCODE_ALL,GO Biological Processes,19,GO:0141188,nucleic acid catabolic process,19_GO:0009987 cellular process,-4.2,37,10,30238,225,11,3,27,13,4116|23016|27257,MAGOH|EXOSC7|LSM1,-1.3
hits_MCODE_ALL,GO Molecular Functions,21,GO:0140640,"catalytic activity, acting on a nucleic acid",,-4.2,17,7.8,30238,661,11,4,36,15,23016|51202|55661|345630,EXOSC7|DDX47|DDX27|FBLL1,-1.3
hits_MCODE_ALL,GO Biological Processes,19,GO:0016071,mRNA metabolic process,19_GO:0009987 cellular process,-4.2,17,7.7,30238,665,11,4,36,15,4116|23016|27257|51202,MAGOH|EXOSC7|LSM1|DDX47,-1.3
hits_MCODE_ALL,GO Biological Processes,19,GO:0061013,regulation of mRNA catabolic process,19_GO:0048519 negative regulation of biological process,-3.8,27,8.7,30238,305,11,3,27,13,4116|27257|345630,MAGOH|LSM1|FBLL1,-1
hits_MCODE_ALL,GO Biological Processes,19,GO:0034655,nucleobase-containing compound catabolic process,19_GO:0009987 cellular process,-3.6,22,7.9,30238,368,11,3,27,13,4116|23016|27257,MAGOH|EXOSC7|LSM1,-0.85
hits_MCODE_ALL,GO Biological Processes,19,GO:0008380,RNA splicing,19_GO:0009987 cellular process,-3.4,20,7.4,30238,414,11,3,27,13,4116|27257|51202,MAGOH|LSM1|DDX47,-0.74
hits_MCODE_ALL,GO Biological Processes,19,GO:1903311,regulation of mRNA metabolic process,19_GO:0050789 regulation of biological process,-3.4,19,7.3,30238,423,11,3,27,13,4116|27257|345630,MAGOH|LSM1|FBLL1,-0.73
hits_MCODE_ALL,GO Biological Processes,19,GO:0006397,mRNA processing,19_GO:0009987 cellular process,-3.2,17,6.7,30238,498,11,3,27,13,4116|27257|51202,MAGOH|LSM1|DDX47,-0.58
hits_MCODE_ALL,GO Molecular Functions,21,GO:0003729,mRNA binding,,-2.8,12,5.7,30238,669,11,3,27,13,23016|26156|27257,EXOSC7|RSL1D1|LSM1,-0.36
hits_MCODE_ALL,GO Cellular Components,20,GO:0035770,ribonucleoprotein granule,,-2.7,11,5.3,30238,754,11,3,27,13,4116|27257|345630,MAGOH|LSM1|FBLL1,-0.26
hits_SUB1_MCODE_1,GO Biological Processes,19,GO:0006364,rRNA processing,19_GO:0009987 cellular process,-5.4,83,16,30238,218,5,3,60,22,23016|84916|345630,EXOSC7|UTP4|FBLL1,-1.9
hits_SUB1_MCODE_1,GO Biological Processes,19,GO:0016072,rRNA metabolic process,19_GO:0009987 cellular process,-5.2,71,14,30238,257,5,3,60,22,23016|84916|345630,EXOSC7|UTP4|FBLL1,-1.9
hits_SUB1_MCODE_1,GO Biological Processes,19,GO:0042254,ribosome biogenesis,19_GO:0009987 cellular process,-5,58,13,30238,311,5,3,60,22,23016|84916|345630,EXOSC7|UTP4|FBLL1,-1.8
hits_SUB1_MCODE_1,GO Biological Processes,19,GO:0022613,ribonucleoprotein complex biogenesis,19_GO:0009987 cellular process,-4.4,37,10,30238,486,5,3,60,22,23016|84916|345630,EXOSC7|UTP4|FBLL1,-1.4
