Network,Annotation
hits,GO:0005743|mitochondrial inner membrane|-20.5;GO:0019866|organelle inner membrane|-19.6;GO:0031966|mitochondrial membrane|-19.3
hits_MCODE_ALL,GO:0005743|mitochondrial inner membrane|-29.0;GO:0019866|organelle inner membrane|-27.8;GO:0031966|mitochondrial membrane|-26.4
hits_SUB1_MCODE_1,GO:0098798|mitochondrial protein-containing complex|-7.8;GO:0005743|mitochondrial inner membrane|-7.7;GO:0019866|organelle inner membrane|-7.4
hits_SUB1_MCODE_2,GO:0031966|mitochondrial membrane|-10.3;GO:0005743|mitochondrial inner membrane|-10.1;GO:0019866|organelle inner membrane|-9.8
hits_SUB1_MCODE_3,GO:0070069|cytochrome complex|-30.3;GO:0019646|aerobic electron transport chain|-29.6;GO:0042775|mitochondrial ATP synthesis coupled electron transport|-29.4
hits_SUB1_MCODE_5,GO:0008625|extrinsic apoptotic signaling pathway via death domain receptors|-11.4;GO:0036462|TRAIL-activated apoptotic signaling pathway|-10.1;GO:0097191|extrinsic apoptotic signaling pathway|-9.7
hits_SUB1_MCODE_7,hsa01232|Nucleotide metabolism|-7.7;hsa00230|Purine metabolism|-7.1;GO:0006753|nucleoside phosphate metabolic process|-5.1
hits_SUB1_MCODE_8,GO:0005923|bicellular tight junction|-7.1;GO:0070160|tight junction|-7.0;GO:0043296|apical junction complex|-6.9
hits_SUB1_MCODE_9,hsa04010|MAPK signaling pathway|-6.0
