Cluster,Score,Type,Gene,Symbol,Network
3,5.769230769230769,Clustered,1350,COX7C,hits_SUB1
3,5.769230769230769,Clustered,1337,COX6A1,hits_SUB1
3,5.769230769230769,Clustered,440567,UQCRHL,hits_SUB1
3,5.769230769230769,Clustered,7388,UQCRH,hits_SUB1
3,5.769230769230769,Clustered,9377,COX5A,hits_SUB1
3,5.769230769230769,Clustered,1329,COX5B,hits_SUB1
3,5.769230769230769,Clustered,1347,COX7A2,hits_SUB1
3,5.769230769230769,Clustered,1349,COX7B,hits_SUB1
3,5.769230769230769,Seed,79002,TRIR,hits_SUB1
3,5.769230769230769,Clustered,4724,NDUFS4,hits_SUB1
3,5.769230769230769,Clustered,7384,UQCRC1,hits_SUB1
3,5.769230769230769,Clustered,29796,UQCR10,hits_SUB1
3,5.769230769230769,Clustered,4697,NDUFA4,hits_SUB1
1,3.0,Clustered,2805,GOT1,hits_SUB1
1,3.0,Seed,9470,EIF4E2,hits_SUB1
1,3.0,Clustered,5226,PGD,hits_SUB1
1,3.0,Clustered,219927,MRPL21,hits_SUB1
1,3.0,Clustered,6158,RPL28,hits_SUB1
1,3.0,Clustered,29789,OLA1,hits_SUB1
1,3.0,Clustered,498,ATP5F1A,hits_SUB1
1,3.0,Clustered,148022,TICAM1,hits_SUB1
1,3.0,Clustered,84311,MRPL45,hits_SUB1
1,3.0,Clustered,5709,PSMD3,hits_SUB1
1,3.0,Clustered,400916,CHCHD10,hits_SUB1
1,3.0,Clustered,669,BPGM,hits_SUB1
1,3.0,Clustered,6235,RPS29,hits_SUB1
1,3.0,Clustered,10988,METAP2,hits_SUB1
1,3.0,Clustered,79962,DNAJC22,hits_SUB1
1,3.0,Clustered,56942,CMC2,hits_SUB1
1,3.0,Clustered,55735,DNAJC11,hits_SUB1
1,3.0,Clustered,55759,WDR12,hits_SUB1
1,3.0,Clustered,64978,MRPL38,hits_SUB1
1,3.0,Clustered,10452,TOMM40,hits_SUB1
1,3.0,Clustered,506,ATP5F1B,hits_SUB1
1,3.0,Clustered,56479,KCNQ5,hits_SUB1
1,3.0,Clustered,2806,GOT2,hits_SUB1
1,3.0,Clustered,10614,HEXIM1,hits_SUB1
1,3.0,Clustered,5500,PPP1CB,hits_SUB1
1,3.0,Clustered,10063,COX17,hits_SUB1
1,3.0,Clustered,3790,KCNS3,hits_SUB1
1,3.0,Clustered,314,AOC2,hits_SUB1
1,3.0,Clustered,23341,DNAJC16,hits_SUB1
2,1.8125,Clustered,11200,CHEK2,hits_SUB1
2,1.8125,Seed,340529,PABPC1L2A,hits_SUB1
2,1.8125,Clustered,26589,MRPL46,hits_SUB1
2,1.8125,Clustered,292,SLC25A5,hits_SUB1
2,1.8125,Clustered,2745,GLRX,hits_SUB1
2,1.8125,Clustered,3614,IMPDH1,hits_SUB1
2,1.8125,Clustered,114789,SLC25A25,hits_SUB1
2,1.8125,Clustered,29957,SLC25A24,hits_SUB1
2,1.8125,Clustered,7360,UGP2,hits_SUB1
2,1.8125,Clustered,60488,MRPS35,hits_SUB1
2,1.8125,Clustered,118487,CHCHD1,hits_SUB1
2,1.8125,Clustered,57552,NCEH1,hits_SUB1
2,1.8125,Clustered,7417,VDAC2,hits_SUB1
2,1.8125,Clustered,29928,TIMM22,hits_SUB1
2,1.8125,Clustered,51121,RPL26L1,hits_SUB1
2,1.8125,Clustered,6183,MRPS12,hits_SUB1
5,1.5,Clustered,637,BID,hits_SUB1
5,1.5,Clustered,8772,FADD,hits_SUB1
5,1.5,Seed,8795,TNFRSF10B,hits_SUB1
5,1.5,Clustered,8717,TRADD,hits_SUB1
4,1.2,Seed,5037,PEBP1,hits_SUB1
4,1.2,Clustered,5603,MAPK13,hits_SUB1
4,1.2,Clustered,5230,PGK1,hits_SUB1
4,1.2,Clustered,29979,UBQLN1,hits_SUB1
4,1.2,Clustered,5605,MAP2K2,hits_SUB1
6,1.0,Clustered,116835,HSPA12B,hits_SUB1
6,1.0,Clustered,9529,BAG5,hits_SUB1
6,1.0,Seed,259217,HSPA12A,hits_SUB1
7,1.0,Clustered,3704,ITPA,hits_SUB1
7,1.0,Clustered,8833,GMPS,hits_SUB1
7,1.0,Seed,956,ENTPD3,hits_SUB1
8,1.0,Clustered,84552,PARD6G,hits_SUB1
8,1.0,Seed,9223,MAGI1,hits_SUB1
8,1.0,Clustered,50855,PARD6A,hits_SUB1
9,1.0,Clustered,59283,CACNG8,hits_SUB1
9,1.0,Clustered,59285,CACNG6,hits_SUB1
9,1.0,Seed,10235,RASGRP2,hits_SUB1
