Network,Annotation
hits,GO:0001568|blood vessel development|-13.0;hsa04714|Thermogenesis|-12.6;GO:0001944|vasculature development|-12.5
hits_MCODE_ALL,GO:0005743|mitochondrial inner membrane|-18.3;GO:0019866|organelle inner membrane|-17.5;GO:0098803|respiratory chain complex|-16.9
hits_SUB1_MCODE_1,GO:0005742|mitochondrial outer membrane translocase complex|-12.6;GO:0098799|outer mitochondrial membrane protein complex|-12.5;GO:0098798|mitochondrial protein-containing complex|-7.9
hits_SUB1_MCODE_2,GO:0098803|respiratory chain complex|-28.1;GO:0006119|oxidative phosphorylation|-28.1;hsa00190|Oxidative phosphorylation|-27.2
hits_SUB1_MCODE_3,hsa04820|Cytoskeleton in muscle cells|-14.8;hsa04510|Focal adhesion|-12.7;hsa04810|Regulation of actin cytoskeleton|-10.1
hits_SUB1_MCODE_4,GO:0032543|mitochondrial translation|-8.6;GO:0140053|mitochondrial gene expression|-8.1;GO:0005761|mitochondrial ribosome|-6.4
hits_SUB1_MCODE_5,hsa04612|Antigen processing and presentation|-12.9;GO:0019885|antigen processing and presentation of endogenous peptide antigen via MHC class I|-12.0;GO:0002483|antigen processing and presentation of endogenous peptide antigen|-11.8
hits_SUB1_MCODE_6,GO:0031941|filamentous actin|-8.4;GO:0015629|actin cytoskeleton|-7.0;GO:0005884|actin filament|-6.6
hits_SUB1_MCODE_8,hsa04137|Mitophagy - animal|-7.4;GO:0098852|lytic vacuole membrane|-5.5;GO:0005765|lysosomal membrane|-5.5
hits_SUB2_MCODE_9,GO:0050852|T cell receptor signaling pathway|-7.2;GO:0050851|antigen receptor-mediated signaling pathway|-6.8;GO:0002429|immune response-activating cell surface receptor signaling pathway|-6.2
