Cluster,Score,Type,Gene,Symbol,Network
2,6.0,Clustered,1350,COX7C,hits_SUB1
2,6.0,Seed,1337,COX6A1,hits_SUB1
2,6.0,Clustered,4701,NDUFA7,hits_SUB1
2,6.0,Clustered,1537,CYC1,hits_SUB1
2,6.0,Clustered,54539,NDUFB11,hits_SUB1
2,6.0,Clustered,7084,TK2,hits_SUB1
2,6.0,Clustered,1345,COX6C,hits_SUB1
2,6.0,Clustered,1349,COX7B,hits_SUB1
2,6.0,Clustered,4715,NDUFB9,hits_SUB1
2,6.0,Clustered,7384,UQCRC1,hits_SUB1
2,6.0,Clustered,84701,COX4I2,hits_SUB1
2,6.0,Clustered,374291,NDUFS7,hits_SUB1
2,6.0,Clustered,4728,NDUFS8,hits_SUB1
3,3.1818181818181817,Clustered,2335,FN1,hits_SUB1
3,3.1818181818181817,Clustered,3672,ITGA1,hits_SUB1
3,3.1818181818181817,Clustered,72,ACTG2,hits_SUB1
3,3.1818181818181817,Clustered,7169,TPM2,hits_SUB1
3,3.1818181818181817,Clustered,3655,ITGA6,hits_SUB1
3,3.1818181818181817,Clustered,4629,MYH11,hits_SUB1
3,3.1818181818181817,Clustered,3679,ITGA7,hits_SUB1
3,3.1818181818181817,Seed,4638,MYLK,hits_SUB1
3,3.1818181818181817,Clustered,7094,TLN1,hits_SUB1
3,3.1818181818181817,Clustered,7450,VWF,hits_SUB1
3,3.1818181818181817,Clustered,59,ACTA2,hits_SUB1
1,2.071428571428571,Seed,4627,MYH9,hits_SUB1
1,2.071428571428571,Clustered,10452,TOMM40,hits_SUB1
1,2.071428571428571,Clustered,3014,H2AX,hits_SUB1
1,2.071428571428571,Clustered,387990,TOMM20L,hits_SUB1
1,2.071428571428571,Clustered,79135,APOO,hits_SUB1
1,2.071428571428571,Clustered,9493,KIF23,hits_SUB1
1,2.071428571428571,Clustered,345778,MTX3,hits_SUB1
1,2.071428571428571,Clustered,2914,GRM4,hits_SUB1
1,2.071428571428571,Clustered,114327,EFHC1,hits_SUB1
1,2.071428571428571,Clustered,84790,TUBA1C,hits_SUB1
1,2.071428571428571,Clustered,966,CD59,hits_SUB1
1,2.071428571428571,Clustered,139322,APOOL,hits_SUB1
1,2.071428571428571,Clustered,1265,CNN2,hits_SUB1
1,2.071428571428571,Clustered,6041,RNASEL,hits_SUB1
4,1.8333333333333335,Seed,219402,MTIF3,hits_SUB1
4,1.8333333333333335,Clustered,55173,MRPS10,hits_SUB1
4,1.8333333333333335,Clustered,2548,GAA,hits_SUB1
4,1.8333333333333335,Clustered,51642,MRPL48,hits_SUB1
4,1.8333333333333335,Clustered,48,ACO1,hits_SUB1
4,1.8333333333333335,Clustered,64978,MRPL38,hits_SUB1
5,1.7999999999999998,Clustered,3133,HLA-E,hits_SUB1
5,1.7999999999999998,Seed,6892,TAPBP,hits_SUB1
5,1.7999999999999998,Clustered,926,CD8B,hits_SUB1
5,1.7999999999999998,Clustered,3135,HLA-G,hits_SUB1
5,1.7999999999999998,Clustered,3107,HLA-C,hits_SUB1
6,1.5,Clustered,83700,JAM3,hits_SUB1
6,1.5,Clustered,11155,LDB3,hits_SUB1
6,1.5,Seed,6525,SMTN,hits_SUB1
6,1.5,Clustered,8572,PDLIM4,hits_SUB1
7,1.25,Clustered,10067,SCAMP3,hits_SUB1
7,1.25,Clustered,9524,TECR,hits_SUB1
7,1.25,Clustered,478,ATP1A3,hits_SUB1
7,1.25,Seed,1201,CLN3,hits_SUB1
8,1.0,Clustered,7942,TFEB,hits_SUB1
8,1.0,Seed,7030,TFE3,hits_SUB1
8,1.0,Clustered,4286,MITF,hits_SUB1
9,1.0,Clustered,11118,BTN3A2,hits_SUB2
9,1.0,Clustered,11119,BTN3A1,hits_SUB2
9,1.0,Seed,10384,BTN3A3,hits_SUB2
