Category,CategoryID,GO,Description,PARENT_GO,LogP,Enrichment,Z-score,#TotalGeneInLibrary,#GeneInGO,#GeneInHitList,#GeneInGOAndHitList,%InGO,STDV %InGO,GeneID,Hits,Log(q-value),GeneList
GO Cellular Components,20,GO:0005743,mitochondrial inner membrane,,-18,4.9,12,30238,511,543,45,8.3,1.2,292|498|506|518|622|1329|1337|1347|1349|1350|2021|3052|3945|4697|4724|5250|5321|6183|7384|7388|9377|10452|23456|26520|26589|29796|29928|29957|51537|55735|60488|64978|79135|79714|80775|81034|84311|114789|118487|205251|219927|283951|400916|440567|548596,SLC25A5|ATP5F1A|ATP5F1B|ATP5MC3|BDH1|COX5B|COX6A1|COX7A2|COX7B|COX7C|ENDOG|HCCS|LDHB|NDUFA4|NDUFS4|SLC25A3|PLA2G4A|MRPS12|UQCRC1|UQCRH|COX5A|TOMM40|ABCB10|TIMM9|MRPL46|UQCR10|TIMM22|SLC25A24|MTFP1|DNAJC11|MRPS35|MRPL38|APOO|CCDC51|TMEM177|SLC25A32|MRPL45|SLC25A25|CHCHD1|MTLN|MRPL21|UQCC4|CHCHD10|UQCRHL|CKMT1A,-14,hits
GO Cellular Components,20,GO:0019866,organelle inner membrane,,-17,4.6,12,30238,567,543,47,8.7,1.2,292|498|506|518|622|1329|1337|1347|1349|1350|2021|3052|3945|4697|4724|5250|5321|6183|7384|7388|9377|10452|23456|26520|26589|29796|29928|29957|51537|55735|60488|64978|79135|79714|80775|81034|84311|114789|118487|200232|205251|219927|283951|400916|403313|440567|548596,SLC25A5|ATP5F1A|ATP5F1B|ATP5MC3|BDH1|COX5B|COX6A1|COX7A2|COX7B|COX7C|ENDOG|HCCS|LDHB|NDUFA4|NDUFS4|SLC25A3|PLA2G4A|MRPS12|UQCRC1|UQCRH|COX5A|TOMM40|ABCB10|TIMM9|MRPL46|UQCR10|TIMM22|SLC25A24|MTFP1|DNAJC11|MRPS35|MRPL38|APOO|CCDC51|TMEM177|SLC25A32|MRPL45|SLC25A25|CHCHD1|FAM209A|MTLN|MRPL21|UQCC4|CHCHD10|PLPP6|UQCRHL|CKMT1A,-14,hits
GO Cellular Components,20,GO:0031966,mitochondrial membrane,,-17,3.9,11,30238,795,543,55,10,1.3,292|498|506|518|622|637|1329|1337|1347|1349|1350|2021|3052|3945|4697|4724|4900|5250|5321|6183|7384|7388|7417|9377|9429|10452|23456|26520|26589|29796|29928|29957|51075|51537|55735|56947|60488|64978|79135|79714|80775|81034|81853|84134|84311|114789|118487|205251|219927|255488|283951|339983|400916|440567|548596,SLC25A5|ATP5F1A|ATP5F1B|ATP5MC3|BDH1|BID|COX5B|COX6A1|COX7A2|COX7B|COX7C|ENDOG|HCCS|LDHB|NDUFA4|NDUFS4|NRGN|SLC25A3|PLA2G4A|MRPS12|UQCRC1|UQCRH|VDAC2|COX5A|ABCG2|TOMM40|ABCB10|TIMM9|MRPL46|UQCR10|TIMM22|SLC25A24|TMX2|MTFP1|DNAJC11|MFF|MRPS35|MRPL38|APOO|CCDC51|TMEM177|SLC25A32|TMEM14B|TOMM40L|MRPL45|SLC25A25|CHCHD1|MTLN|MRPL21|RNF144B|UQCC4|NAT8L|CHCHD10|UQCRHL|CKMT1A,-13,hits
GO Cellular Components,20,GO:1990351,transporter complex,,-12,3.9,9.3,30238,540,543,38,7,1.1,483|488|498|506|518|805|1329|1337|1347|1349|1350|2554|2566|2894|3747|3790|4697|4724|5195|6327|6334|6616|7384|7388|9377|9472|26090|26520|28962|29796|30818|54795|56479|59283|59285|79714|126755|440567,ATP1B3|ATP2A2|ATP5F1A|ATP5F1B|ATP5MC3|CALM2|COX5B|COX6A1|COX7A2|COX7B|COX7C|GABRA1|GABRG2|GRID1|KCNC2|KCNS3|NDUFA4|NDUFS4|PEX14|SCN2B|SCN8A|SNAP25|UQCRC1|UQCRH|COX5A|AKAP6|ABHD12|TIMM9|OSTM1|UQCR10|KCNIP3|TRPM4|KCNQ5|CACNG8|CACNG6|CCDC51|LRRC38|UQCRHL,-8.3,hits
GO Cellular Components,20,GO:1902495,transmembrane transporter complex,,-11,3.9,9,30238,513,543,36,6.6,1.1,483|488|498|506|518|805|1329|1337|1347|1349|1350|2554|2566|2894|3747|3790|4697|4724|6327|6334|6616|7384|7388|9377|9472|26090|28962|29796|30818|54795|56479|59283|59285|79714|126755|440567,ATP1B3|ATP2A2|ATP5F1A|ATP5F1B|ATP5MC3|CALM2|COX5B|COX6A1|COX7A2|COX7B|COX7C|GABRA1|GABRG2|GRID1|KCNC2|KCNS3|NDUFA4|NDUFS4|SCN2B|SCN8A|SNAP25|UQCRC1|UQCRH|COX5A|AKAP6|ABHD12|OSTM1|UQCR10|KCNIP3|TRPM4|KCNQ5|CACNG8|CACNG6|CCDC51|LRRC38|UQCRHL,-7.8,hits
GO Cellular Components,20,GO:0005759,mitochondrial matrix,,-11,3.8,8.7,30238,530,543,36,6.6,1.1,219|292|384|402|498|506|622|891|1029|2806|5230|6183|6770|7417|9054|9093|10797|11315|23417|23474|25973|26589|55379|56922|57128|60488|60493|64978|84311|84881|115416|118487|152100|219927|339983|388962,ALDH1B1|SLC25A5|ARG2|ARL2|ATP5F1A|ATP5F1B|BDH1|CCNB1|CDKN2A|GOT2|PGK1|MRPS12|STAR|VDAC2|NFS1|DNAJA3|MTHFD2|PARK7|MLYCD|ETHE1|PARS2|MRPL46|LRRC59|MCCC1|LYRM4|MRPS35|FASTKD5|MRPL38|MRPL45|RPUSD4|MALSU1|CHCHD1|CMC1|MRPL21|NAT8L|BOLA3,-7.5,hits
GO Biological Processes,19,GO:0045333,cellular respiration,19_GO:0009987 cellular process,-10,5.4,9.2,30238,238,543,23,4.2,0.86,498|506|637|669|1329|1337|1347|1349|1350|2026|3052|4190|4697|4724|5230|5315|7384|7388|9377|29796|114789|205251|440567,ATP5F1A|ATP5F1B|BID|BPGM|COX5B|COX6A1|COX7A2|COX7B|COX7C|ENO2|HCCS|MDH1|NDUFA4|NDUFS4|PGK1|PKM|UQCRC1|UQCRH|COX5A|UQCR10|SLC25A25|MTLN|UQCRHL,-6.8,hits
GO Biological Processes,19,GO:0006091,generation of precursor metabolites and energy,19_GO:0009987 cellular process,-10,4.3,8.6,30238,379,543,29,5.3,0.96,498|506|551|637|669|1329|1337|1347|1349|1350|2026|3052|4190|4697|4724|5226|5230|5315|5500|7360|7384|7388|9377|10063|29796|79660|114789|205251|440567,ATP5F1A|ATP5F1B|AVP|BID|BPGM|COX5B|COX6A1|COX7A2|COX7B|COX7C|ENO2|HCCS|MDH1|NDUFA4|NDUFS4|PGD|PGK1|PKM|PPP1CB|UGP2|UQCRC1|UQCRH|COX5A|COX17|UQCR10|PPP1R3B|SLC25A25|MTLN|UQCRHL,-6.8,hits
GO Cellular Components,20,GO:0070069,cytochrome complex,,-10,15,12,30238,41,543,11,2,0.6,1329|1337|1347|1349|1350|4697|7384|7388|9377|29796|440567,COX5B|COX6A1|COX7A2|COX7B|COX7C|NDUFA4|UQCRC1|UQCRH|COX5A|UQCR10|UQCRHL,-6.7,hits
GO Biological Processes,19,GO:0015980,energy derivation by oxidation of organic compounds,19_GO:0009987 cellular process,-9.8,4.6,8.7,30238,316,543,26,4.8,0.92,498|506|637|669|1329|1337|1347|1349|1350|2026|3052|4190|4697|4724|5230|5315|5500|7360|7384|7388|9377|29796|79660|114789|205251|440567,ATP5F1A|ATP5F1B|BID|BPGM|COX5B|COX6A1|COX7A2|COX7B|COX7C|ENO2|HCCS|MDH1|NDUFA4|NDUFS4|PGK1|PKM|PPP1CB|UGP2|UQCRC1|UQCRH|COX5A|UQCR10|PPP1R3B|SLC25A25|MTLN|UQCRHL,-6.6,hits
KEGG Pathway,24,hsa05022,Pathways of neurodegeneration - multiple diseases,,-9.5,3.7,8.1,30238,483,543,32,5.9,1,292|468|488|498|506|518|637|805|1329|1337|1347|1349|1350|4697|4724|4744|4747|4843|5603|5605|5709|7384|7388|7417|8772|9377|10452|10540|11315|29796|84134|440567,SLC25A5|ATF4|ATP2A2|ATP5F1A|ATP5F1B|ATP5MC3|BID|CALM2|COX5B|COX6A1|COX7A2|COX7B|COX7C|NDUFA4|NDUFS4|NEFH|NEFL|NOS2|MAPK13|MAP2K2|PSMD3|UQCRC1|UQCRH|VDAC2|FADD|COX5A|TOMM40|DCTN2|PARK7|UQCR10|TOMM40L|UQCRHL,-6.3,hits
KEGG Pathway,24,hsa04260,Cardiac muscle contraction,,-9.3,9,10,30238,87,543,14,2.6,0.68,483|488|1329|1337|1347|1349|1350|7384|7388|9377|29796|59283|59285|440567,ATP1B3|ATP2A2|COX5B|COX6A1|COX7A2|COX7B|COX7C|UQCRC1|UQCRH|COX5A|UQCR10|CACNG8|CACNG6|UQCRHL,-6.1,hits
KEGG Pathway,24,hsa05014,Amyotrophic lateral sclerosis,,-9,4.1,8,30238,371,543,27,5,0.93,468|498|506|518|637|1329|1337|1347|1349|1350|4697|4724|4744|4747|4843|5603|5709|7384|7388|9377|10452|10540|29796|29979|84134|400916|440567,ATF4|ATP5F1A|ATP5F1B|ATP5MC3|BID|COX5B|COX6A1|COX7A2|COX7B|COX7C|NDUFA4|NDUFS4|NEFH|NEFL|NOS2|MAPK13|PSMD3|UQCRC1|UQCRH|COX5A|TOMM40|DCTN2|UQCR10|UBQLN1|TOMM40L|CHCHD10|UQCRHL,-5.9,hits
KEGG Pathway,24,hsa05415,Diabetic cardiomyopathy,,-9,5.4,8.6,30238,205,543,20,3.7,0.81,292|488|498|506|518|1329|1337|1347|1349|1350|4697|4724|5500|5603|7384|7388|7417|9377|29796|440567,SLC25A5|ATP2A2|ATP5F1A|ATP5F1B|ATP5MC3|COX5B|COX6A1|COX7A2|COX7B|COX7C|NDUFA4|NDUFS4|PPP1CB|MAPK13|UQCRC1|UQCRH|VDAC2|COX5A|UQCR10|UQCRHL,-5.9,hits
GO Biological Processes,19,GO:0009060,aerobic respiration,19_GO:0009987 cellular process,-8.8,5.3,8.5,30238,210,543,20,3.7,0.81,498|506|637|669|1329|1337|1347|1349|1350|2026|4190|4697|4724|5230|5315|7384|7388|9377|29796|440567,ATP5F1A|ATP5F1B|BID|BPGM|COX5B|COX6A1|COX7A2|COX7B|COX7C|ENO2|MDH1|NDUFA4|NDUFS4|PGK1|PKM|UQCRC1|UQCRH|COX5A|UQCR10|UQCRHL,-5.7,hits
GO Cellular Components,20,GO:0098803,respiratory chain complex,,-8.6,7.2,9,30238,116,543,15,2.8,0.7,498|506|518|1329|1337|1347|1349|1350|4697|4724|7384|7388|9377|29796|440567,ATP5F1A|ATP5F1B|ATP5MC3|COX5B|COX6A1|COX7A2|COX7B|COX7C|NDUFA4|NDUFS4|UQCRC1|UQCRH|COX5A|UQCR10|UQCRHL,-5.5,hits
GO Biological Processes,19,GO:0006119,oxidative phosphorylation,19_GO:0009987 cellular process,-8.5,7.1,9,30238,117,543,15,2.8,0.7,498|506|637|1329|1337|1347|1349|1350|4697|4724|7384|7388|9377|29796|440567,ATP5F1A|ATP5F1B|BID|COX5B|COX6A1|COX7A2|COX7B|COX7C|NDUFA4|NDUFS4|UQCRC1|UQCRH|COX5A|UQCR10|UQCRHL,-5.5,hits
KEGG Pathway,24,hsa00190,Oxidative phosphorylation,,-8.4,6.5,8.7,30238,138,543,16,2.9,0.73,498|506|518|1329|1337|1347|1349|1350|4697|4724|7384|7388|9377|10063|29796|440567,ATP5F1A|ATP5F1B|ATP5MC3|COX5B|COX6A1|COX7A2|COX7B|COX7C|NDUFA4|NDUFS4|UQCRC1|UQCRH|COX5A|COX17|UQCR10|UQCRHL,-5.4,hits
GO Biological Processes,19,GO:0022904,respiratory electron transport chain,19_GO:0009987 cellular process,-8,7.2,8.7,30238,109,543,14,2.6,0.68,637|1329|1337|1347|1349|1350|3052|4697|4724|7384|7388|9377|29796|440567,BID|COX5B|COX6A1|COX7A2|COX7B|COX7C|HCCS|NDUFA4|NDUFS4|UQCRC1|UQCRH|COX5A|UQCR10|UQCRHL,-5,hits
GO Biological Processes,19,GO:0042775,mitochondrial ATP synthesis coupled electron transport,19_GO:0009987 cellular process,-8,7.9,8.9,30238,92,543,13,2.4,0.66,637|1329|1337|1347|1349|1350|4697|4724|7384|7388|9377|29796|440567,BID|COX5B|COX6A1|COX7A2|COX7B|COX7C|NDUFA4|NDUFS4|UQCRC1|UQCRH|COX5A|UQCR10|UQCRHL,-5,hits
GO Biological Processes,19,GO:0042773,ATP synthesis coupled electron transport,19_GO:0009987 cellular process,-7.9,7.8,8.9,30238,93,543,13,2.4,0.66,637|1329|1337|1347|1349|1350|4697|4724|7384|7388|9377|29796|440567,BID|COX5B|COX6A1|COX7A2|COX7B|COX7C|NDUFA4|NDUFS4|UQCRC1|UQCRH|COX5A|UQCR10|UQCRHL,-5,hits
GO Biological Processes,19,GO:0098662,inorganic cation transmembrane transport,19_GO:0051179 localization,-7.7,2.9,6.8,30238,698,543,36,6.6,1.1,292|483|488|498|506|518|1329|1347|1349|3747|3790|4697|4724|5250|6327|6334|6574|6616|7384|7388|9377|25998|29796|30001|30818|54795|54805|56479|57419|59283|59285|79714|114789|126755|140679|142680,SLC25A5|ATP1B3|ATP2A2|ATP5F1A|ATP5F1B|ATP5MC3|COX5B|COX7A2|COX7B|KCNC2|KCNS3|NDUFA4|NDUFS4|SLC25A3|SCN2B|SCN8A|SLC20A1|SNAP25|UQCRC1|UQCRH|COX5A|IBTK|UQCR10|ERO1A|KCNIP3|TRPM4|CNNM2|KCNQ5|SLC24A3|CACNG8|CACNG6|CCDC51|SLC25A25|LRRC38|SLC32A1|SLC34A3,-4.8,hits
GO Cellular Components,20,GO:0098798,mitochondrial protein-containing complex,,-7.6,5.3,7.8,30238,177,543,17,3.1,0.75,292|6183|9054|10452|26520|26589|29928|55735|57128|60488|64978|79135|84134|84311|118487|219927|400916,SLC25A5|MRPS12|NFS1|TOMM40|TIMM9|MRPL46|TIMM22|DNAJC11|LYRM4|MRPS35|MRPL38|APOO|TOMM40L|MRPL45|CHCHD1|MRPL21|CHCHD10,-4.7,hits
KEGG Pathway,24,hsa05012,Parkinson disease,,-7.6,4.3,7.4,30238,271,543,21,3.9,0.83,292|468|498|506|518|805|1329|1337|1347|1349|1350|4697|4724|5709|7384|7388|7417|9377|11315|29796|440567,SLC25A5|ATF4|ATP5F1A|ATP5F1B|ATP5MC3|CALM2|COX5B|COX6A1|COX7A2|COX7B|COX7C|NDUFA4|NDUFS4|PSMD3|UQCRC1|UQCRH|VDAC2|COX5A|PARK7|UQCR10|UQCRHL,-4.7,hits
GO Biological Processes,19,GO:0022900,electron transport chain,19_GO:0009987 cellular process,-7.5,6.6,8.2,30238,119,543,14,2.6,0.68,637|1329|1337|1347|1349|1350|3052|4697|4724|7384|7388|9377|29796|440567,BID|COX5B|COX6A1|COX7A2|COX7B|COX7C|HCCS|NDUFA4|NDUFS4|UQCRC1|UQCRH|COX5A|UQCR10|UQCRHL,-4.7,hits
GO Biological Processes,19,GO:0098655,monoatomic cation transmembrane transport,19_GO:0051179 localization,-7.5,2.8,6.6,30238,713,543,36,6.6,1.1,292|483|488|498|506|518|1329|1347|1349|3747|3790|4697|4724|5250|6327|6334|6574|6616|7384|7388|9377|25998|29796|30001|30818|54795|54805|56479|57419|59283|59285|79714|114789|126755|140679|142680,SLC25A5|ATP1B3|ATP2A2|ATP5F1A|ATP5F1B|ATP5MC3|COX5B|COX7A2|COX7B|KCNC2|KCNS3|NDUFA4|NDUFS4|SLC25A3|SCN2B|SCN8A|SLC20A1|SNAP25|UQCRC1|UQCRH|COX5A|IBTK|UQCR10|ERO1A|KCNIP3|TRPM4|CNNM2|KCNQ5|SLC24A3|CACNG8|CACNG6|CCDC51|SLC25A25|LRRC38|SLC32A1|SLC34A3,-4.7,hits
KEGG Pathway,24,hsa05208,Chemical carcinogenesis - reactive oxygen species,,-7.5,4.7,7.5,30238,227,543,19,3.5,0.79,292|498|506|518|1329|1337|1347|1349|1350|4697|4724|5603|5605|7384|7388|7417|9377|29796|440567,SLC25A5|ATP5F1A|ATP5F1B|ATP5MC3|COX5B|COX6A1|COX7A2|COX7B|COX7C|NDUFA4|NDUFS4|MAPK13|MAP2K2|UQCRC1|UQCRH|VDAC2|COX5A|UQCR10|UQCRHL,-4.7,hits
KEGG Pathway,24,hsa05020,Prion disease,,-7.4,4.2,7.3,30238,278,543,21,3.9,0.83,292|468|498|506|518|1329|1337|1347|1349|1350|3305|4697|4724|5603|5709|7384|7388|7417|9377|29796|440567,SLC25A5|ATF4|ATP5F1A|ATP5F1B|ATP5MC3|COX5B|COX6A1|COX7A2|COX7B|COX7C|HSPA1L|NDUFA4|NDUFS4|MAPK13|PSMD3|UQCRC1|UQCRH|VDAC2|COX5A|UQCR10|UQCRHL,-4.6,hits
GO Biological Processes,19,GO:0098660,inorganic ion transmembrane transport,19_GO:0051179 localization,-7.3,2.7,6.5,30238,790,543,38,7,1.1,292|483|488|498|506|518|1329|1347|1349|2554|2566|3747|3790|4697|4724|5250|6327|6334|6574|6616|7384|7388|9377|25998|29796|30001|30818|54795|54805|56479|57419|59283|59285|79714|114789|126755|140679|142680,SLC25A5|ATP1B3|ATP2A2|ATP5F1A|ATP5F1B|ATP5MC3|COX5B|COX7A2|COX7B|GABRA1|GABRG2|KCNC2|KCNS3|NDUFA4|NDUFS4|SLC25A3|SCN2B|SCN8A|SLC20A1|SNAP25|UQCRC1|UQCRH|COX5A|IBTK|UQCR10|ERO1A|KCNIP3|TRPM4|CNNM2|KCNQ5|SLC24A3|CACNG8|CACNG6|CCDC51|SLC25A25|LRRC38|SLC32A1|SLC34A3,-4.5,hits
KEGG Pathway,24,hsa05010,Alzheimer disease,,-7.3,3.6,6.9,30238,391,543,25,4.6,0.9,292|468|488|498|506|518|637|805|1329|1337|1347|1349|1350|4697|4724|4843|5605|5709|7384|7388|7417|8772|9377|29796|440567,SLC25A5|ATF4|ATP2A2|ATP5F1A|ATP5F1B|ATP5MC3|BID|CALM2|COX5B|COX6A1|COX7A2|COX7B|COX7C|NDUFA4|NDUFS4|NOS2|MAP2K2|PSMD3|UQCRC1|UQCRH|VDAC2|FADD|COX5A|UQCR10|UQCRHL,-4.5,hits
GO Biological Processes,19,GO:0019646,aerobic electron transport chain,19_GO:0009987 cellular process,-7.2,7.5,8.3,30238,89,543,12,2.2,0.63,1329|1337|1347|1349|1350|4697|4724|7384|7388|9377|29796|440567,COX5B|COX6A1|COX7A2|COX7B|COX7C|NDUFA4|NDUFS4|UQCRC1|UQCRH|COX5A|UQCR10|UQCRHL,-4.4,hits
GO Biological Processes,19,GO:0006123,"mitochondrial electron transport, cytochrome c to oxygen",19_GO:0009987 cellular process,-7,17,10,30238,23,543,7,1.3,0.48,1329|1337|1347|1349|1350|4697|9377,COX5B|COX6A1|COX7A2|COX7B|COX7C|NDUFA4|COX5A,-4.2,hits
GO Biological Processes,19,GO:0055086,nucleobase-containing small molecule metabolic process,19_GO:0009987 cellular process,-6.9,2.9,6.4,30238,621,543,32,5.9,1,498|506|518|669|956|2026|2745|2805|2806|3614|3704|3945|4190|4724|4880|5226|5230|5315|5538|7360|8459|8833|9374|11315|23417|23463|29789|51292|54981|55343|64841|114789,ATP5F1A|ATP5F1B|ATP5MC3|BPGM|ENTPD3|ENO2|GLRX|GOT1|GOT2|IMPDH1|ITPA|LDHB|MDH1|NDUFS4|NPPC|PGD|PGK1|PKM|PPT1|UGP2|TPST2|GMPS|PPT2|PARK7|MLYCD|ICMT|OLA1|GMPR2|NMRK1|SLC35C1|GNPNAT1|SLC25A25,-4.2,hits
KEGG Pathway,24,hsa04932,Non-alcoholic fatty liver disease,,-6.8,5.3,7.3,30238,157,543,15,2.8,0.7,468|637|1329|1337|1347|1349|1350|4697|4724|5603|7384|7388|9377|29796|440567,ATF4|BID|COX5B|COX6A1|COX7A2|COX7B|COX7C|NDUFA4|NDUFS4|MAPK13|UQCRC1|UQCRH|COX5A|UQCR10|UQCRHL,-4.1,hits
GO Cellular Components,20,GO:0045277,respiratory chain complex IV,,-6.5,15,9.7,30238,26,543,7,1.3,0.48,1329|1337|1347|1349|1350|4697|9377,COX5B|COX6A1|COX7A2|COX7B|COX7C|NDUFA4|COX5A,-3.9,hits
GO Biological Processes,19,GO:0006753,nucleoside phosphate metabolic process,19_GO:0009987 cellular process,-6.3,2.8,6,30238,595,543,30,5.5,0.98,498|506|518|669|956|2026|2805|2806|3614|3704|3945|4190|4724|4880|5226|5230|5315|5538|7360|8459|8833|9374|11315|23417|29789|51292|54981|55343|64841|114789,ATP5F1A|ATP5F1B|ATP5MC3|BPGM|ENTPD3|ENO2|GOT1|GOT2|IMPDH1|ITPA|LDHB|MDH1|NDUFS4|NPPC|PGD|PGK1|PKM|PPT1|UGP2|TPST2|GMPS|PPT2|PARK7|MLYCD|OLA1|GMPR2|NMRK1|SLC35C1|GNPNAT1|SLC25A25,-3.6,hits
GO Biological Processes,19,GO:0072521,purine-containing compound metabolic process,19_GO:0009987 cellular process,-6,2.9,5.9,30238,517,543,27,5,0.93,498|506|518|669|2026|2805|2806|3614|3704|3945|4190|4724|4880|5226|5230|5315|5538|8459|8833|9374|9429|23417|23463|29789|51292|54981|114789,ATP5F1A|ATP5F1B|ATP5MC3|BPGM|ENO2|GOT1|GOT2|IMPDH1|ITPA|LDHB|MDH1|NDUFS4|NPPC|PGD|PGK1|PKM|PPT1|TPST2|GMPS|PPT2|ABCG2|MLYCD|ICMT|OLA1|GMPR2|NMRK1|SLC25A25,-3.4,hits
GO Cellular Components,20,GO:0034702,monoatomic ion channel complex,,-5.9,3.3,6.1,30238,369,543,22,4.1,0.85,498|506|518|805|2554|2566|2894|3747|3790|6327|6334|6616|9472|26090|28962|30818|54795|56479|59283|59285|79714|126755,ATP5F1A|ATP5F1B|ATP5MC3|CALM2|GABRA1|GABRG2|GRID1|KCNC2|KCNS3|SCN2B|SCN8A|SNAP25|AKAP6|ABHD12|OSTM1|KCNIP3|TRPM4|KCNQ5|CACNG8|CACNG6|CCDC51|LRRC38,-3.3,hits
KEGG Pathway,24,hsa04714,Thermogenesis,,-5.9,4,6.3,30238,235,543,17,3.1,0.75,498|506|518|1329|1337|1347|1349|1350|4697|4724|5603|7384|7388|9377|10063|29796|440567,ATP5F1A|ATP5F1B|ATP5MC3|COX5B|COX6A1|COX7A2|COX7B|COX7C|NDUFA4|NDUFS4|MAPK13|UQCRC1|UQCRH|COX5A|COX17|UQCR10|UQCRHL,-3.2,hits
GO Biological Processes,19,GO:0007005,mitochondrion organization,19_GO:0009987 cellular process,-5.8,3.2,5.9,30238,377,543,22,4.1,0.85,292|468|637|2021|4724|7417|9093|10063|10452|11315|26520|29928|51537|55101|55735|56947|79135|80207|154791|203245|283951|400916,SLC25A5|ATF4|BID|ENDOG|NDUFS4|VDAC2|DNAJA3|COX17|TOMM40|PARK7|TIMM9|TIMM22|MTFP1|DMAC2|DNAJC11|MFF|APOO|OPA3|FMC1|NAIF1|UQCC4|CHCHD10,-3.2,hits
GO Biological Processes,19,GO:1902600,proton transmembrane transport,19_GO:0051179 localization,-5.8,4.4,6.4,30238,188,543,15,2.8,0.7,292|498|506|518|1329|1347|1349|4697|4724|5250|7384|7388|9377|29796|140679,SLC25A5|ATP5F1A|ATP5F1B|ATP5MC3|COX5B|COX7A2|COX7B|NDUFA4|NDUFS4|SLC25A3|UQCRC1|UQCRH|COX5A|UQCR10|SLC32A1,-3.1,hits
GO Cellular Components,20,GO:0034703,cation channel complex,,-5.7,3.9,6.2,30238,241,543,17,3.1,0.75,498|506|518|805|3747|3790|6327|6334|6616|9472|30818|54795|56479|59283|59285|79714|126755,ATP5F1A|ATP5F1B|ATP5MC3|CALM2|KCNC2|KCNS3|SCN2B|SCN8A|SNAP25|AKAP6|KCNIP3|TRPM4|KCNQ5|CACNG8|CACNG6|CCDC51|LRRC38,-3.1,hits
GO Biological Processes,19,GO:0006163,purine nucleotide metabolic process,19_GO:0009987 cellular process,-5.7,3.2,5.8,30238,384,543,22,4.1,0.85,498|506|518|669|2026|2805|2806|3614|3704|3945|4190|4724|4880|5226|5230|5315|8459|8833|29789|51292|54981|114789,ATP5F1A|ATP5F1B|ATP5MC3|BPGM|ENO2|GOT1|GOT2|IMPDH1|ITPA|LDHB|MDH1|NDUFS4|NPPC|PGD|PGK1|PKM|TPST2|GMPS|OLA1|GMPR2|NMRK1|SLC25A25,-3.1,hits
KEGG Pathway,24,hsa05016,Huntington disease,,-5.4,3.4,5.8,30238,311,543,19,3.5,0.79,292|498|506|518|1329|1337|1347|1349|1350|4697|4724|5709|7384|7388|7417|9377|10540|29796|440567,SLC25A5|ATP5F1A|ATP5F1B|ATP5MC3|COX5B|COX6A1|COX7A2|COX7B|COX7C|NDUFA4|NDUFS4|PSMD3|UQCRC1|UQCRH|VDAC2|COX5A|DCTN2|UQCR10|UQCRHL,-2.8,hits
GO Biological Processes,19,GO:0099185,postsynaptic intermediate filament cytoskeleton organization,19_GO:0009987 cellular process,-5.2,56,13,30238,3,543,3,0.55,0.32,4744|4747|9118,NEFH|NEFL|INA,-2.7,hits
GO Biological Processes,19,GO:0009117,nucleotide metabolic process,19_GO:0009987 cellular process,-5.2,2.9,5.4,30238,443,543,23,4.2,0.86,498|506|518|669|2026|2805|2806|3614|3704|3945|4190|4724|4880|5226|5230|5315|8459|8833|11315|29789|51292|54981|114789,ATP5F1A|ATP5F1B|ATP5MC3|BPGM|ENO2|GOT1|GOT2|IMPDH1|ITPA|LDHB|MDH1|NDUFS4|NPPC|PGD|PGK1|PKM|TPST2|GMPS|PARK7|OLA1|GMPR2|NMRK1|SLC25A25,-2.6,hits
GO Biological Processes,19,GO:0034599,cellular response to oxidative stress,19_GO:0050896 response to stimulus,-5.2,3.8,5.8,30238,236,543,16,2.9,0.73,468|488|1029|2021|4779|5195|5603|8428|8877|10276|11315|29957|51765|54033|59338|140809,ATF4|ATP2A2|CDKN2A|ENDOG|NFE2L1|PEX14|MAPK13|STK24|SPHK1|NET1|PARK7|SLC25A24|STK26|RBM11|PLEKHA1|SRXN1,-2.6,hits
GO Biological Processes,19,GO:0036462,TRAIL-activated apoptotic signaling pathway,19_GO:0050896 response to stimulus,-4.9,25,9.6,30238,9,543,4,0.74,0.37,8717|8772|8795|51304,TRADD|FADD|TNFRSF10B|ZDHHC3,-2.4,hits
GO Biological Processes,19,GO:0051668,localization within membrane,19_GO:0051179 localization,-4.8,2.5,5,30238,572,543,26,4.8,0.92,483|637|682|738|6734|8174|9093|9375|9581|10123|10452|10670|10807|23463|26520|27065|29928|30818|50848|51016|51304|54997|57512|59283|149371|282679,ATP1B3|BID|BSG|VPS51|SRPRA|MADCAM1|DNAJA3|TM9SF2|PREPL|ARL4C|TOMM40|RRAGA|ENTR1|ICMT|TIMM9|NSG1|TIMM22|KCNIP3|F11R|EMC9|ZDHHC3|TESC|GPR158|CACNG8|EXOC8|AQP11,-2.2,hits
GO Biological Processes,19,GO:0042391,regulation of membrane potential,19_GO:0065007 biological regulation,-4.7,2.7,5.1,30238,474,543,23,4.2,0.86,483|488|637|1029|2554|2566|2745|2805|2894|3747|3790|6327|6334|8898|9472|9699|11315|29098|54795|56479|151647|205251|400916,ATP1B3|ATP2A2|BID|CDKN2A|GABRA1|GABRG2|GLRX|GOT1|GRID1|KCNC2|KCNS3|SCN2B|SCN8A|MTMR2|AKAP6|RIMS2|PARK7|RANGRF|TRPM4|KCNQ5|TAFA4|MTLN|CHCHD10,-2.2,hits
GO Cellular Components,20,GO:0099160,postsynaptic intermediate filament cytoskeleton,,-4.6,42,11,30238,4,543,3,0.55,0.32,4744|4747|9118,NEFH|NEFL|INA,-2.1,hits
GO Cellular Components,20,GO:0030425,dendrite,,-4.5,2.4,4.8,30238,627,543,27,5,0.93,468|551|2554|2566|2644|2894|3747|4900|5538|6002|6158|8898|23138|23380|26052|26090|26278|27065|27124|30001|51764|57692|59283|66004|84548|140679|647135,ATF4|AVP|GABRA1|GABRG2|GCHFR|GRID1|KCNC2|NRGN|PPT1|RGS12|RPL28|MTMR2|N4BP3|SRGAP2|DNM3|ABHD12|SACS|NSG1|INPP5J|ERO1A|GNG13|MAGEE1|CACNG8|LYNX1|TMEM185A|SLC32A1|SRGAP2B,-2,hits
GO Cellular Components,20,GO:0097447,dendritic tree,,-4.5,2.4,4.8,30238,629,543,27,5,0.93,468|551|2554|2566|2644|2894|3747|4900|5538|6002|6158|8898|23138|23380|26052|26090|26278|27065|27124|30001|51764|57692|59283|66004|84548|140679|647135,ATF4|AVP|GABRA1|GABRG2|GCHFR|GRID1|KCNC2|NRGN|PPT1|RGS12|RPL28|MTMR2|N4BP3|SRGAP2|DNM3|ABHD12|SACS|NSG1|INPP5J|ERO1A|GNG13|MAGEE1|CACNG8|LYNX1|TMEM185A|SLC32A1|SRGAP2B,-2,hits
GO Biological Processes,19,GO:0007006,mitochondrial membrane organization,19_GO:0009987 cellular process,-4.3,4.7,5.5,30238,118,543,10,1.8,0.58,292|637|7417|10452|26520|29928|55735|79135|203245|400916,SLC25A5|BID|VDAC2|TOMM40|TIMM9|TIMM22|DNAJC11|APOO|NAIF1|CHCHD10,-1.8,hits
GO Biological Processes,19,GO:0006412,translation,19_GO:0009987 cellular process,-4.2,2.6,4.7,30238,444,543,21,3.9,0.83,2935|3035|6158|6183|6235|9470|9681|10289|10670|25973|26589|51121|54676|56478|60488|64978|80325|84311|118487|219927|220441,GSPT1|HARS1|RPL28|MRPS12|RPS29|EIF4E2|DEPDC5|EIF1B|RRAGA|PARS2|MRPL46|RPL26L1|GTPBP2|EIF4ENIF1|MRPS35|MRPL38|ABTB1|MRPL45|CHCHD1|MRPL21|RNF152,-1.7,hits
GO Cellular Components,20,GO:0045275,respiratory chain complex III,,-4.2,17,7.9,30238,13,543,4,0.74,0.37,7384|7388|29796|440567,UQCRC1|UQCRH|UQCR10|UQCRHL,-1.7,hits
GO Biological Processes,19,GO:0006839,mitochondrial transport,19_GO:0051179 localization,-4.2,4.6,5.4,30238,121,543,10,1.8,0.58,292|637|7417|10452|23456|26520|29928|29957|81034|203245,SLC25A5|BID|VDAC2|TOMM40|ABCB10|TIMM9|TIMM22|SLC25A24|SLC25A32|NAIF1,-1.7,hits
GO Biological Processes,19,GO:1904862,inhibitory synapse assembly,19_GO:0032502 developmental process,-4.1,11,6.9,30238,25,543,5,0.92,0.41,2554|2566|23380|55203|404037,GABRA1|GABRG2|SRGAP2|LGI2|HAPLN4,-1.7,hits
GO Biological Processes,19,GO:0005975,carbohydrate metabolic process,19_GO:0009987 cellular process,-4.1,2.6,4.6,30238,452,543,21,3.9,0.83,219|468|669|2026|2720|2805|3074|5226|5230|5315|5321|5500|6487|7360|9435|29906|30001|57134|79660|84197|388962,ALDH1B1|ATF4|BPGM|ENO2|GLB1|GOT1|HEXB|PGD|PGK1|PKM|PLA2G4A|PPP1CB|ST3GAL3|UGP2|CHST2|ST8SIA5|ERO1A|MAN1C1|PPP1R3B|POMK|BOLA3,-1.6,hits
GO Cellular Components,20,GO:0030424,axon,,-4.1,2.3,4.5,30238,664,543,27,5,0.93,682|805|2026|2566|2805|3747|4744|4747|4900|5538|5816|6327|6334|6616|8898|10540|11315|23138|26278|27124|55118|56479|57449|64601|81544|140679|149371,BSG|CALM2|ENO2|GABRG2|GOT1|KCNC2|NEFH|NEFL|NRGN|PPT1|PVALB|SCN2B|SCN8A|SNAP25|MTMR2|DCTN2|PARK7|N4BP3|SACS|INPP5J|CRTAC1|KCNQ5|PLEKHG5|VPS16|GDPD5|SLC32A1|EXOC8,-1.6,hits
GO Biological Processes,19,GO:0006122,"mitochondrial electron transport, ubiquinol to cytochrome c",19_GO:0009987 cellular process,-4,16,7.5,30238,14,543,4,0.74,0.37,7384|7388|29796|440567,UQCRC1|UQCRH|UQCR10|UQCRHL,-1.6,hits
GO Biological Processes,19,GO:0062197,cellular response to chemical stress,19_GO:0050896 response to stimulus,-4,3,4.7,30238,298,543,16,2.9,0.73,468|488|1029|2021|4779|5195|5603|8428|8877|10276|11315|29957|51765|54033|59338|140809,ATF4|ATP2A2|CDKN2A|ENDOG|NFE2L1|PEX14|MAPK13|STK24|SPHK1|NET1|PARK7|SLC25A24|STK26|RBM11|PLEKHA1|SRXN1,-1.5,hits
GO Biological Processes,19,GO:0019362,pyridine nucleotide metabolic process,19_GO:0009987 cellular process,-3.9,4.3,5.1,30238,129,543,10,1.8,0.58,669|2026|2805|2806|3945|4190|5226|5230|5315|54981,BPGM|ENO2|GOT1|GOT2|LDHB|MDH1|PGD|PGK1|PKM|NMRK1,-1.5,hits
GO Biological Processes,19,GO:0046496,nicotinamide nucleotide metabolic process,19_GO:0009987 cellular process,-3.9,4.3,5.1,30238,129,543,10,1.8,0.58,669|2026|2805|2806|3945|4190|5226|5230|5315|54981,BPGM|ENO2|GOT1|GOT2|LDHB|MDH1|PGD|PGK1|PKM|NMRK1,-1.5,hits
GO Biological Processes,19,GO:0009150,purine ribonucleotide metabolic process,19_GO:0009987 cellular process,-3.9,3,4.6,30238,301,543,16,2.9,0.73,498|506|518|669|2026|3614|3704|4724|4880|5230|5315|8459|8833|29789|51292|114789,ATP5F1A|ATP5F1B|ATP5MC3|BPGM|ENO2|IMPDH1|ITPA|NDUFS4|NPPC|PGK1|PKM|TPST2|GMPS|OLA1|GMPR2|SLC25A25,-1.5,hits
KEGG Pathway,24,hsa04218,Cellular senescence,,-3.9,3.9,4.9,30238,157,543,11,2,0.6,292|805|891|898|1029|5500|5603|5605|6237|7417|11200,SLC25A5|CALM2|CCNB1|CCNE1|CDKN2A|PPP1CB|MAPK13|MAP2K2|RRAS|VDAC2|CHEK2,-1.5,hits
GO Biological Processes,19,GO:0008625,extrinsic apoptotic signaling pathway via death domain receptors,19_GO:0050896 response to stimulus,-3.8,7.4,5.8,30238,45,543,6,1.1,0.45,637|8717|8772|8795|51202|51304,BID|TRADD|FADD|TNFRSF10B|DDX47|ZDHHC3,-1.4,hits
GO Biological Processes,19,GO:0034976,response to endoplasmic reticulum stress,19_GO:0050896 response to stimulus,-3.8,3.2,4.6,30238,246,543,14,2.6,0.68,468|488|4779|8440|8795|9709|29979|30001|55432|57134|84447|84522|127733|192683,ATF4|ATP2A2|NFE2L1|NCK2|TNFRSF10B|HERPUD1|UBQLN1|ERO1A|YOD1|MAN1C1|SYVN1|JAGN1|UBXN10|SCAMP5,-1.4,hits
GO Biological Processes,19,GO:0072657,protein localization to membrane,19_GO:0051179 localization,-3.7,2.4,4.3,30238,479,543,21,3.9,0.83,483|637|682|6734|8174|9093|9375|9581|10452|10670|23463|26520|27065|29928|30818|50848|51016|51304|54997|57512|282679,ATP1B3|BID|BSG|SRPRA|MADCAM1|DNAJA3|TM9SF2|PREPL|TOMM40|RRAGA|ICMT|TIMM9|NSG1|TIMM22|KCNIP3|F11R|EMC9|ZDHHC3|TESC|GPR158|AQP11,-1.3,hits
GO Biological Processes,19,GO:0072524,pyridine-containing compound metabolic process,19_GO:0009987 cellular process,-3.7,4.1,4.9,30238,137,543,10,1.8,0.58,669|2026|2805|2806|3945|4190|5226|5230|5315|54981,BPGM|ENO2|GOT1|GOT2|LDHB|MDH1|PGD|PGK1|PKM|NMRK1,-1.3,hits
GO Cellular Components,20,GO:0005758,mitochondrial intermembrane space,,-3.7,5,5.1,30238,89,543,8,1.5,0.52,402|6770|9377|10063|11315|26520|57019|400916,ARL2|STAR|COX5A|COX17|PARK7|TIMM9|CIAPIN1|CHCHD10,-1.3,hits
GO Biological Processes,19,GO:0009141,nucleoside triphosphate metabolic process,19_GO:0009987 cellular process,-3.7,3.2,4.6,30238,223,543,13,2.4,0.66,498|506|518|669|956|2026|3614|3704|4724|5230|5315|29789|114789,ATP5F1A|ATP5F1B|ATP5MC3|BPGM|ENTPD3|ENO2|IMPDH1|ITPA|NDUFS4|PGK1|PKM|OLA1|SLC25A25,-1.3,hits
KEGG Pathway,24,hsa04022,cGMP-PKG signaling pathway,,-3.7,3.7,4.7,30238,166,543,11,2,0.6,292|468|483|488|805|4880|5500|5605|7417|85366|340156,SLC25A5|ATF4|ATP1B3|ATP2A2|CALM2|NPPC|PPP1CB|MAP2K2|VDAC2|MYLK2|MYLK4,-1.3,hits
GO Biological Processes,19,GO:0016567,protein ubiquitination,19_GO:0009987 cellular process,-3.7,2.2,4.1,30238,631,543,25,4.6,0.9,1029|4591|4779|5195|7126|10513|11200|22888|23066|23608|23609|55008|55182|56658|63891|79102|79269|84447|90025|140691|220441|246330|254170|255488|727800,CDKN2A|TRIM37|NFE2L1|PEX14|TNFAIP1|APPBP2|CHEK2|UBOX5|CAND2|MKRN1|MKRN2|HERC6|RNF220|TRIM39|RNF123|RNF26|DCAF10|SYVN1|UBE3D|TRIM69|RNF152|PELI3|FBXO33|RNF144B|RNF208,-1.3,hits
GO Cellular Components,20,GO:0042645,mitochondrial nucleoid,,-3.6,6.8,5.5,30238,49,543,6,1.1,0.45,292|506|7417|9093|55379|60493,SLC25A5|ATP5F1B|VDAC2|DNAJA3|LRRC59|FASTKD5,-1.3,hits
GO Cellular Components,20,GO:0009295,nucleoid,,-3.6,6.8,5.5,30238,49,543,6,1.1,0.45,292|506|7417|9093|55379|60493,SLC25A5|ATP5F1B|VDAC2|DNAJA3|LRRC59|FASTKD5,-1.3,hits
GO Biological Processes,19,GO:0032446,protein modification by small protein conjugation,19_GO:0009987 cellular process,-3.6,2.1,4.1,30238,710,543,27,5,0.93,1029|4591|4779|5195|7126|8533|10513|11200|22888|23066|23608|23609|54795|55008|55182|56658|63891|79102|79269|84447|90025|140691|220441|246330|254170|255488|727800,CDKN2A|TRIM37|NFE2L1|PEX14|TNFAIP1|COPS3|APPBP2|CHEK2|UBOX5|CAND2|MKRN1|MKRN2|TRPM4|HERC6|RNF220|TRIM39|RNF123|RNF26|DCAF10|SYVN1|UBE3D|TRIM69|RNF152|PELI3|FBXO33|RNF144B|RNF208,-1.3,hits
GO Biological Processes,19,GO:0006979,response to oxidative stress,19_GO:0050896 response to stimulus,-3.6,2.6,4.3,30238,387,543,18,3.3,0.77,468|488|1029|2021|4779|5195|5603|8428|8877|10276|11200|11315|29957|30001|51765|54033|59338|140809,ATF4|ATP2A2|CDKN2A|ENDOG|NFE2L1|PEX14|MAPK13|STK24|SPHK1|NET1|CHEK2|PARK7|SLC25A24|ERO1A|STK26|RBM11|PLEKHA1|SRXN1,-1.3,hits
KEGG Pathway,24,hsa00330,Arginine and proline metabolism,,-3.6,6.7,5.4,30238,50,543,6,1.1,0.45,219|384|2805|2806|4843|548596,ALDH1B1|ARG2|GOT1|GOT2|NOS2|CKMT1A,-1.2,hits
GO Biological Processes,19,GO:0009259,ribonucleotide metabolic process,19_GO:0009987 cellular process,-3.6,2.8,4.3,30238,322,543,16,2.9,0.73,498|506|518|669|2026|3614|3704|4724|4880|5230|5315|8459|8833|29789|51292|114789,ATP5F1A|ATP5F1B|ATP5MC3|BPGM|ENO2|IMPDH1|ITPA|NDUFS4|NPPC|PGK1|PKM|TPST2|GMPS|OLA1|GMPR2|SLC25A25,-1.2,hits
GO Biological Processes,19,GO:0009205,purine ribonucleoside triphosphate metabolic process,19_GO:0009987 cellular process,-3.5,3.3,4.5,30238,200,543,12,2.2,0.63,498|506|518|669|2026|3614|3704|4724|5230|5315|29789|114789,ATP5F1A|ATP5F1B|ATP5MC3|BPGM|ENO2|IMPDH1|ITPA|NDUFS4|PGK1|PKM|OLA1|SLC25A25,-1.2,hits
GO Biological Processes,19,GO:0006626,protein targeting to mitochondrion,19_GO:0051179 localization,-3.5,8.2,5.7,30238,34,543,5,0.92,0.41,637|9049|10452|26520|56947,BID|AIP|TOMM40|TIMM9|MFF,-1.2,hits
GO Biological Processes,19,GO:0019693,ribose phosphate metabolic process,19_GO:0009987 cellular process,-3.5,2.7,4.2,30238,329,543,16,2.9,0.73,498|506|518|669|2026|3614|3704|4724|4880|5230|5315|8459|8833|29789|51292|114789,ATP5F1A|ATP5F1B|ATP5MC3|BPGM|ENO2|IMPDH1|ITPA|NDUFS4|NPPC|PGK1|PKM|TPST2|GMPS|OLA1|GMPR2|SLC25A25,-1.2,hits
GO Biological Processes,19,GO:0051604,protein maturation,19_GO:0009987 cellular process,-3.4,2.2,4,30238,580,543,23,4.2,0.86,402|717|2999|3305|3316|4880|5126|5230|5547|6447|8195|9049|9093|9529|9935|10988|23463|26278|30001|51645|54997|63891|388962,ARL2|C2|GZMH|HSPA1L|HSPB2|NPPC|PCSK2|PGK1|PRCP|SCG5|MKKS|AIP|DNAJA3|BAG5|MAFB|METAP2|ICMT|SACS|ERO1A|PPIL1|TESC|RNF123|BOLA3,-1.1,hits
GO Biological Processes,19,GO:0009144,purine nucleoside triphosphate metabolic process,19_GO:0009987 cellular process,-3.4,3.2,4.3,30238,207,543,12,2.2,0.63,498|506|518|669|2026|3614|3704|4724|5230|5315|29789|114789,ATP5F1A|ATP5F1B|ATP5MC3|BPGM|ENO2|IMPDH1|ITPA|NDUFS4|PGK1|PKM|OLA1|SLC25A25,-1.1,hits
GO Biological Processes,19,GO:0009199,ribonucleoside triphosphate metabolic process,19_GO:0009987 cellular process,-3.4,3.2,4.3,30238,207,543,12,2.2,0.63,498|506|518|669|2026|3614|3704|4724|5230|5315|29789|114789,ATP5F1A|ATP5F1B|ATP5MC3|BPGM|ENO2|IMPDH1|ITPA|NDUFS4|PGK1|PKM|OLA1|SLC25A25,-1.1,hits
KEGG Pathway,24,hsa04115,p53 signaling pathway,,-3.4,5.2,4.9,30238,75,543,7,1.3,0.48,637|891|898|1029|8493|8795|11200,BID|CCNB1|CCNE1|CDKN2A|PPM1D|TNFRSF10B|CHEK2,-1.1,hits
GO Cellular Components,20,GO:0031252,cell leading edge,,-3.4,2.4,4,30238,438,543,19,3.5,0.79,468|2554|2566|3611|3747|4163|4254|5797|10235|23380|23625|27124|50855|54997|57449|59283|59338|114609|126432,ATF4|GABRA1|GABRG2|ILK|KCNC2|MCC|KITLG|PTPRM|RASGRP2|SRGAP2|FAM89B|INPP5J|PARD6A|TESC|PLEKHG5|CACNG8|PLEKHA1|TIRAP|RINL,-1.1,hits
GO Cellular Components,20,GO:0061617,MICOS complex,,-3.4,19,7.1,30238,9,543,3,0.55,0.32,55735|79135|400916,DNAJC11|APOO|CHCHD10,-1.1,hits
GO Biological Processes,19,GO:0043490,malate-aspartate shuttle,19_GO:0009987 cellular process,-3.4,19,7.1,30238,9,543,3,0.55,0.32,2805|2806|4190,GOT1|GOT2|MDH1,-1.1,hits
GO Cellular Components,20,GO:0031970,organelle envelope lumen,,-3.3,4.5,4.7,30238,100,543,8,1.5,0.52,402|6770|9377|10063|11315|26520|57019|400916,ARL2|STAR|COX5A|COX17|PARK7|TIMM9|CIAPIN1|CHCHD10,-1.1,hits
GO Cellular Components,20,GO:0034705,potassium channel complex,,-3.3,4.4,4.6,30238,101,543,8,1.5,0.52,805|3747|3790|6616|30818|56479|79714|126755,CALM2|KCNC2|KCNS3|SNAP25|KCNIP3|KCNQ5|CCDC51|LRRC38,-1,hits
GO Biological Processes,19,GO:0072655,establishment of protein localization to mitochondrion,19_GO:0051179 localization,-3.3,4.9,4.7,30238,79,543,7,1.3,0.48,637|9049|10452|26520|29928|56947|84134,BID|AIP|TOMM40|TIMM9|TIMM22|MFF|TOMM40L,-1,hits
KEGG Pathway,24,hsa04148,Efferocytosis,,-3.2,3.5,4.3,30238,157,543,10,1.8,0.58,384|488|682|2057|5175|5603|5605|8877|9392|64601,ARG2|ATP2A2|BSG|EPOR|PECAM1|MAPK13|MAP2K2|SPHK1|TGFBRAP1|VPS16,-0.98,hits
GO Cellular Components,20,GO:0005742,mitochondrial outer membrane translocase complex,,-3.2,10,5.8,30238,22,543,4,0.74,0.37,10452|55735|79135|84134,TOMM40|DNAJC11|APOO|TOMM40L,-0.98,hits
GO Biological Processes,19,GO:0060052,neurofilament cytoskeleton organization,19_GO:0009987 cellular process,-3.2,17,6.7,30238,10,543,3,0.55,0.32,4744|4747|9118,NEFH|NEFL|INA,-0.95,hits
KEGG Pathway,24,hsa00220,Arginine biosynthesis,,-3.2,9.7,5.6,30238,23,543,4,0.74,0.37,384|2805|2806|4843,ARG2|GOT1|GOT2|NOS2,-0.92,hits
GO Cellular Components,20,GO:0098799,outer mitochondrial membrane protein complex,,-3.2,9.7,5.6,30238,23,543,4,0.74,0.37,10452|55735|79135|84134,TOMM40|DNAJC11|APOO|TOMM40L,-0.92,hits
GO Biological Processes,19,GO:0090407,organophosphate biosynthetic process,19_GO:0009987 cellular process,-3.1,2.1,3.7,30238,571,543,22,4.1,0.85,498|506|518|3074|3614|4724|4880|5321|5538|7360|8833|8898|9054|9110|9374|23417|27124|54981|55343|56894|64841|548596,ATP5F1A|ATP5F1B|ATP5MC3|HEXB|IMPDH1|NDUFS4|NPPC|PLA2G4A|PPT1|UGP2|GMPS|MTMR2|NFS1|MTMR4|PPT2|MLYCD|INPP5J|NMRK1|SLC35C1|AGPAT3|GNPNAT1|CKMT1A,-0.89,hits
GO Biological Processes,19,GO:0009895,negative regulation of catabolic process,19_GO:0048519 negative regulation of biological process,-3.1,2.4,3.8,30238,389,543,17,3.1,0.75,1029|1149|4843|8898|9529|10670|10785|11315|55353|56478|56658|79660|83547|114609|154791|282679|345630,CDKN2A|CIDEA|NOS2|MTMR2|BAG5|RRAGA|WDR4|PARK7|LAPTM4B|EIF4ENIF1|TRIM39|PPP1R3B|RILP|TIRAP|FMC1|AQP11|FBLL1,-0.89,hits
GO Biological Processes,19,GO:0006107,oxaloacetate metabolic process,19_GO:0009987 cellular process,-3.1,15,6.4,30238,11,543,3,0.55,0.32,2805|2806|4190,GOT1|GOT2|MDH1,-0.85,hits
GO Cellular Components,20,GO:0005883,neurofilament,,-3.1,15,6.4,30238,11,543,3,0.55,0.32,4744|4747|9118,NEFH|NEFL|INA,-0.85,hits
GO Biological Processes,19,GO:0006446,regulation of translational initiation,19_GO:0050789 regulation of biological process,-3,4,4.3,30238,111,543,8,1.5,0.52,468|8440|9470|9681|10289|10670|10988|220441,ATF4|NCK2|EIF4E2|DEPDC5|EIF1B|RRAGA|METAP2|RNF152,-0.83,hits
GO Biological Processes,19,GO:0007007,inner mitochondrial membrane organization,19_GO:0009987 cellular process,-3,6.6,4.9,30238,42,543,5,0.92,0.41,26520|29928|55735|79135|400916,TIMM9|TIMM22|DNAJC11|APOO|CHCHD10,-0.83,hits
GO Cellular Components,20,GO:0005761,mitochondrial ribosome,,-3,4.5,4.4,30238,86,543,7,1.3,0.48,6183|26589|60488|64978|84311|118487|219927,MRPS12|MRPL46|MRPS35|MRPL38|MRPL45|CHCHD1|MRPL21,-0.83,hits
GO Cellular Components,20,GO:0000313,organellar ribosome,,-3,4.5,4.4,30238,87,543,7,1.3,0.48,6183|26589|60488|64978|84311|118487|219927,MRPS12|MRPL46|MRPS35|MRPL38|MRPL45|CHCHD1|MRPL21,-0.8,hits
KEGG Pathway,24,hsa04371,Apelin signaling pathway,,-3,3.6,4.1,30238,140,543,9,1.7,0.55,182|805|4843|5605|6237|8877|51764|85366|340156,JAG1|CALM2|NOS2|MAP2K2|RRAS|SPHK1|GNG13|MYLK2|MYLK4,-0.8,hits
GO Biological Processes,19,GO:0046434,organophosphate catabolic process,19_GO:0009987 cellular process,-3,3.1,4,30238,199,543,11,2,0.6,669|956|2026|3704|3990|5230|5315|5321|23417|26090|403313,BPGM|ENTPD3|ENO2|ITPA|LIPC|PGK1|PKM|PLA2G4A|MLYCD|ABHD12|PLPP6,-0.8,hits
GO Biological Processes,19,GO:1903115,regulation of actin filament-based movement,19_GO:0050789 regulation of biological process,-3,6.5,4.9,30238,43,543,5,0.92,0.41,488|4607|29098|54795|85366,ATP2A2|MYBPC3|RANGRF|TRPM4|MYLK2,-0.8,hits
GO Cellular Components,20,GO:0032590,dendrite membrane,,-3,6.3,4.8,30238,44,543,5,0.92,0.41,468|2554|2566|3747|59283,ATF4|GABRA1|GABRG2|KCNC2|CACNG8,-0.77,hits
GO Biological Processes,19,GO:0015866,ADP transport,19_GO:0051179 localization,-2.9,14,6.1,30238,12,543,3,0.55,0.32,292|29957|114789,SLC25A5|SLC25A24|SLC25A25,-0.77,hits
GO Cellular Components,20,GO:0046930,pore complex,,-2.9,8.6,5.2,30238,26,543,4,0.74,0.37,292|7417|10452|84134,SLC25A5|VDAC2|TOMM40|TOMM40L,-0.77,hits
GO Biological Processes,19,GO:0019752,carboxylic acid metabolic process,19_GO:0009987 cellular process,-2.9,1.9,3.5,30238,786,543,27,5,0.93,384|468|669|2026|2805|2806|3945|3990|4190|4843|5226|5230|5315|5321|7360|10797|11315|22880|23417|23463|26090|30001|56922|81034|205251|284716|339983,ARG2|ATF4|BPGM|ENO2|GOT1|GOT2|LDHB|LIPC|MDH1|NOS2|PGD|PGK1|PKM|PLA2G4A|UGP2|MTHFD2|PARK7|MORC2|MLYCD|ICMT|ABHD12|ERO1A|MCCC1|SLC25A32|MTLN|RIMKLA|NAT8L,-0.77,hits
GO Biological Processes,19,GO:1901293,nucleoside phosphate biosynthetic process,19_GO:0009987 cellular process,-2.9,2.6,3.7,30238,301,543,14,2.6,0.68,498|506|518|3614|4724|4880|5538|7360|8833|9374|23417|54981|55343|64841,ATP5F1A|ATP5F1B|ATP5MC3|IMPDH1|NDUFS4|NPPC|PPT1|UGP2|GMPS|PPT2|MLYCD|NMRK1|SLC35C1|GNPNAT1,-0.75,hits
GO Cellular Components,20,GO:0008076,voltage-gated potassium channel complex,,-2.9,4.3,4.3,30238,90,543,7,1.3,0.48,805|3747|3790|6616|30818|56479|126755,CALM2|KCNC2|KCNS3|SNAP25|KCNIP3|KCNQ5|LRRC38,-0.75,hits
GO Biological Processes,19,GO:0008037,cell recognition,19_GO:0009987 cellular process,-2.9,3.5,4,30238,144,543,9,1.7,0.55,682|3305|4978|5175|7417|7784|8440|55118|388730,BSG|HSPA1L|OPCML|PECAM1|VDAC2|ZP3|NCK2|CRTAC1|TMEM81,-0.75,hits
GO Biological Processes,19,GO:0140053,mitochondrial gene expression,19_GO:0009987 cellular process,-2.9,3.5,4,30238,144,543,9,1.7,0.55,6183|26589|60488|60493|64978|84311|84881|118487|219927,MRPS12|MRPL46|MRPS35|FASTKD5|MRPL38|MRPL45|RPUSD4|CHCHD1|MRPL21,-0.75,hits
GO Biological Processes,19,GO:0046148,pigment biosynthetic process,19_GO:0009987 cellular process,-2.9,6.2,4.7,30238,45,543,5,0.92,0.41,3145|4435|4779|23456|81853,HMBS|CITED1|NFE2L1|ABCB10|TMEM14B,-0.75,hits
KEGG Pathway,24,hsa00010,Glycolysis / Gluconeogenesis,,-2.9,5,4.4,30238,67,543,6,1.1,0.45,219|669|2026|3945|5230|5315,ALDH1B1|BPGM|ENO2|LDHB|PGK1|PKM,-0.73,hits
GO Biological Processes,19,GO:0070585,protein localization to mitochondrion,19_GO:0051179 localization,-2.9,4.2,4.2,30238,92,543,7,1.3,0.48,637|9049|10452|26520|29928|56947|84134,BID|AIP|TOMM40|TIMM9|TIMM22|MFF|TOMM40L,-0.71,hits
GO Cellular Components,20,GO:0097060,synaptic membrane,,-2.8,2.2,3.6,30238,449,543,18,3.3,0.77,2026|2554|2566|2894|3747|4900|6616|8898|9093|9699|23380|27065|56479|57512|57692|59283|386617|415117,ENO2|GABRA1|GABRG2|GRID1|KCNC2|NRGN|SNAP25|MTMR2|DNAJA3|RIMS2|SRGAP2|NSG1|KCNQ5|GPR158|MAGEE1|CACNG8|KCTD8|STX19,-0.7,hits
GO Biological Processes,19,GO:0046034,ATP metabolic process,19_GO:0009987 cellular process,-2.8,3.1,3.9,30238,177,543,10,1.8,0.58,498|506|518|669|2026|4724|5230|5315|29789|114789,ATP5F1A|ATP5F1B|ATP5MC3|BPGM|ENO2|NDUFS4|PGK1|PKM|OLA1|SLC25A25,-0.7,hits
GO Biological Processes,19,GO:0045838,positive regulation of membrane potential,19_GO:0065007 biological regulation,-2.8,13,5.8,30238,13,543,3,0.55,0.32,637|2745|205251,BID|GLRX|MTLN,-0.7,hits
GO Biological Processes,19,GO:0043266,regulation of potassium ion transport,19_GO:0051179 localization,-2.8,4.2,4.2,30238,93,543,7,1.3,0.48,468|483|3747|3790|9472|30818|126755,ATF4|ATP1B3|KCNC2|KCNS3|AKAP6|KCNIP3|LRRC38,-0.7,hits
GO Biological Processes,19,GO:0016226,iron-sulfur cluster assembly,19_GO:0009987 cellular process,-2.8,8,5,30238,28,543,4,0.74,0.37,9054|57019|57128|388962,NFS1|CIAPIN1|LYRM4|BOLA3,-0.69,hits
GO Biological Processes,19,GO:0031163,metallo-sulfur cluster assembly,19_GO:0009987 cellular process,-2.8,8,5,30238,28,543,4,0.74,0.37,9054|57019|57128|388962,NFS1|CIAPIN1|LYRM4|BOLA3,-0.69,hits
GO Biological Processes,19,GO:0006605,protein targeting,19_GO:0051179 localization,-2.8,2.7,3.7,30238,243,543,12,2.2,0.63,637|738|6734|9049|9472|9709|10452|23463|26520|51304|56947|282679,BID|VPS51|SRPRA|AIP|AKAP6|HERPUD1|TOMM40|ICMT|TIMM9|ZDHHC3|MFF|AQP11,-0.67,hits
GO Cellular Components,20,GO:0042579,microbody,,-2.8,3.3,3.9,30238,150,543,9,1.7,0.55,4591|4843|5195|5605|8799|9665|11067|23417|56947,TRIM37|NOS2|PEX14|MAP2K2|PEX11B|MARF1|DEPP1|MLYCD|MFF,-0.67,hits
GO Cellular Components,20,GO:0005777,peroxisome,,-2.8,3.3,3.9,30238,150,543,9,1.7,0.55,4591|4843|5195|5605|8799|9665|11067|23417|56947,TRIM37|NOS2|PEX14|MAP2K2|PEX11B|MARF1|DEPP1|MLYCD|MFF,-0.67,hits
GO Biological Processes,19,GO:1905897,regulation of response to endoplasmic reticulum stress,19_GO:0050896 response to stimulus,-2.8,4.1,4.1,30238,95,543,7,1.3,0.48,4779|8440|9709|11315|29979|84447|282679,NFE2L1|NCK2|HERPUD1|PARK7|UBQLN1|SYVN1|AQP11,-0.67,hits
GO Biological Processes,19,GO:0006783,heme biosynthetic process,19_GO:0009987 cellular process,-2.8,7.7,4.9,30238,29,543,4,0.74,0.37,3145|4779|23456|81853,HMBS|NFE2L1|ABCB10|TMEM14B,-0.65,hits
GO Biological Processes,19,GO:0070301,cellular response to hydrogen peroxide,19_GO:0050896 response to stimulus,-2.8,4.7,4.2,30238,71,543,6,1.1,0.45,1029|5603|8877|10276|11315|59338,CDKN2A|MAPK13|SPHK1|NET1|PARK7|PLEKHA1,-0.65,hits
GO Cellular Components,20,GO:0150034,distal axon,,-2.7,2.6,3.6,30238,280,543,13,2.4,0.66,805|2026|2805|3747|4747|6616|10540|27124|55118|56479|81544|140679|149371,CALM2|ENO2|GOT1|KCNC2|NEFL|SNAP25|DCTN2|INPP5J|CRTAC1|KCNQ5|GDPD5|SLC32A1|EXOC8,-0.64,hits
GO Biological Processes,19,GO:0098734,macromolecule depalmitoylation,19_GO:0009987 cellular process,-2.7,12,5.5,30238,14,543,3,0.55,0.32,5538|9374|26090,PPT1|PPT2|ABHD12,-0.64,hits
GO Biological Processes,19,GO:0019674,NAD+ metabolic process,19_GO:0009987 cellular process,-2.7,5.7,4.4,30238,49,543,5,0.92,0.41,2805|2806|3945|4190|54981,GOT1|GOT2|LDHB|MDH1|NMRK1,-0.64,hits
GO Biological Processes,19,GO:1901381,positive regulation of potassium ion transmembrane transport,19_GO:0051179 localization,-2.7,7.4,4.8,30238,30,543,4,0.74,0.37,483|3747|9472|126755,ATP1B3|KCNC2|AKAP6|LRRC38,-0.61,hits
GO Biological Processes,19,GO:0045947,negative regulation of translational initiation,19_GO:0048519 negative regulation of biological process,-2.7,5.6,4.4,30238,50,543,5,0.92,0.41,468|9470|9681|10670|220441,ATF4|EIF4E2|DEPDC5|RRAGA|RNF152,-0.6,hits
KEGG Pathway,24,hsa04934,Cushing syndrome,,-2.7,3.2,3.8,30238,155,543,9,1.7,0.55,468|898|1029|5605|6770|9049|51655|57552|79798,ATF4|CCNE1|CDKN2A|MAP2K2|STAR|AIP|RASD1|NCEH1|ARMC5,-0.6,hits
GO Cellular Components,20,GO:0044391,ribosomal subunit,,-2.7,3,3.7,30238,186,543,10,1.8,0.58,6158|6183|6235|26589|51121|60488|64978|84311|118487|219927,RPL28|MRPS12|RPS29|MRPL46|RPL26L1|MRPS35|MRPL38|MRPL45|CHCHD1|MRPL21,-0.6,hits
GO Cellular Components,20,GO:0048471,perinuclear region of cytoplasm,,-2.7,1.9,3.3,30238,739,543,25,4.6,0.9,1033|2021|2720|4430|4591|4843|5605|5797|6616|8533|8898|9472|9529|9681|11315|26052|29098|29979|51655|51765|55040|57449|57692|81544|149371,CDKN3|ENDOG|GLB1|MYO1B|TRIM37|NOS2|MAP2K2|PTPRM|SNAP25|COPS3|MTMR2|AKAP6|BAG5|DEPDC5|PARK7|DNM3|RANGRF|UBQLN1|RASD1|STK26|EPN3|PLEKHG5|MAGEE1|GDPD5|EXOC8,-0.6,hits
GO Biological Processes,19,GO:0098916,anterograde trans-synaptic signaling,19_GO:0050789 regulation of biological process,-2.7,2.2,3.4,30238,429,543,17,3.1,0.75,104|2554|2566|2894|5538|5816|6327|6616|9699|11315|27065|66004|84258|85366|140679|404037|415117,ADARB1|GABRA1|GABRG2|GRID1|PPT1|PVALB|SCN2B|SNAP25|RIMS2|PARK7|NSG1|LYNX1|SYT3|MYLK2|SLC32A1|HAPLN4|STX19,-0.6,hits
GO Biological Processes,19,GO:0007268,chemical synaptic transmission,19_GO:0050789 regulation of biological process,-2.7,2.2,3.4,30238,429,543,17,3.1,0.75,104|2554|2566|2894|5538|5816|6327|6616|9699|11315|27065|66004|84258|85366|140679|404037|415117,ADARB1|GABRA1|GABRG2|GRID1|PPT1|PVALB|SCN2B|SNAP25|RIMS2|PARK7|NSG1|LYNX1|SYT3|MYLK2|SLC32A1|HAPLN4|STX19,-0.6,hits
GO Biological Processes,19,GO:1901379,regulation of potassium ion transmembrane transport,19_GO:0051179 localization,-2.7,4.5,4.1,30238,74,543,6,1.1,0.45,483|3747|3790|9472|30818|126755,ATP1B3|KCNC2|KCNS3|AKAP6|KCNIP3|LRRC38,-0.6,hits
GO Biological Processes,19,GO:1903573,negative regulation of response to endoplasmic reticulum stress,19_GO:0048519 negative regulation of biological process,-2.7,5.5,4.3,30238,51,543,5,0.92,0.41,8440|9709|11315|84447|282679,NCK2|HERPUD1|PARK7|SYVN1|AQP11,-0.6,hits
GO Cellular Components,20,GO:0030315,T-tubule,,-2.7,5.5,4.3,30238,51,543,5,0.92,0.41,6253|6327|9472|59283|59285,RTN2|SCN2B|AKAP6|CACNG8|CACNG6,-0.6,hits
GO Cellular Components,20,GO:0043292,contractile muscle fiber,,-2.7,2.6,3.5,30238,253,543,12,2.2,0.63,805|2274|3611|4607|5175|6253|6334|25802|26287|85366|113622|127495,CALM2|FHL2|ILK|MYBPC3|PECAM1|RTN2|SCN8A|LMOD1|ANKRD2|MYLK2|ADPRHL1|LRRC39,-0.6,hits
GO Biological Processes,19,GO:0097049,motor neuron apoptotic process,19_GO:0009987 cellular process,-2.7,11,5.3,30238,15,543,3,0.55,0.32,104|4747|8772,ADARB1|NEFL|FADD,-0.6,hits
GO Cellular Components,20,GO:0099571,postsynaptic cytoskeleton,,-2.7,11,5.3,30238,15,543,3,0.55,0.32,4744|4747|9118,NEFH|NEFL|INA,-0.6,hits
KEGG Pathway,24,hsa00604,Glycosphingolipid biosynthesis - ganglio series,,-2.7,11,5.3,30238,15,543,3,0.55,0.32,2720|3074|29906,GLB1|HEXB|ST8SIA5,-0.6,hits
GO Biological Processes,19,GO:0001886,endothelial cell morphogenesis,19_GO:0032502 developmental process,-2.7,11,5.3,30238,15,543,3,0.55,0.32,4855|5175|9223,NOTCH4|PECAM1|MAGI1,-0.6,hits
GO Biological Processes,19,GO:0043603,amide metabolic process,19_GO:0009987 cellular process,-2.6,2.2,3.4,30238,431,543,17,3.1,0.75,384|468|2720|3074|4779|5126|5538|5547|6447|6487|9374|9375|10797|23417|23474|56922|81034,ARG2|ATF4|GLB1|HEXB|NFE2L1|PCSK2|PPT1|PRCP|SCG5|ST3GAL3|PPT2|TM9SF2|MTHFD2|MLYCD|ETHE1|MCCC1|SLC25A32,-0.6,hits
GO Biological Processes,19,GO:0050670,regulation of lymphocyte proliferation,19_GO:0002376 immune system process,-2.6,2.6,3.5,30238,254,543,12,2.2,0.63,384|637|1029|2615|4254|7784|8379|8440|8772|9093|114609|148022,ARG2|BID|CDKN2A|LRRC32|KITLG|ZP3|MAD1L1|NCK2|FADD|DNAJA3|TIRAP|TICAM1,-0.6,hits
GO Cellular Components,20,GO:0016234,inclusion body,,-2.6,4.5,4.1,30238,75,543,6,1.1,0.45,468|4591|4744|9529|9709|29979,ATF4|TRIM37|NEFH|BAG5|HERPUD1|UBQLN1,-0.6,hits
KEGG Pathway,24,hsa01230,Biosynthesis of amino acids,,-2.6,4.5,4.1,30238,75,543,6,1.1,0.45,384|2026|2805|2806|5230|5315,ARG2|ENO2|GOT1|GOT2|PGK1|PKM,-0.6,hits
GO Biological Processes,19,GO:0090559,regulation of membrane permeability,19_GO:0065007 biological regulation,-2.6,4.5,4.1,30238,75,543,6,1.1,0.45,292|637|7417|50848|55353|203245,SLC25A5|BID|VDAC2|F11R|LAPTM4B|NAIF1,-0.6,hits
GO Cellular Components,20,GO:0098800,inner mitochondrial membrane protein complex,,-2.6,5.4,4.2,30238,52,543,5,0.92,0.41,26520|29928|55735|79135|400916,TIMM9|TIMM22|DNAJC11|APOO|CHCHD10,-0.58,hits
GO Cellular Components,20,GO:0030017,sarcomere,,-2.6,2.8,3.6,30238,222,543,11,2,0.6,805|2274|3611|4607|6253|6334|25802|26287|85366|113622|127495,CALM2|FHL2|ILK|MYBPC3|RTN2|SCN8A|LMOD1|ANKRD2|MYLK2|ADPRHL1|LRRC39,-0.58,hits
GO Biological Processes,19,GO:0099170,postsynaptic modulation of chemical synaptic transmission,19_GO:0050789 regulation of biological process,-2.6,7,4.6,30238,32,543,4,0.74,0.37,4744|4747|4900|9118,NEFH|NEFL|NRGN|INA,-0.57,hits
GO Biological Processes,19,GO:0042129,regulation of T cell proliferation,19_GO:0002376 immune system process,-2.6,2.9,3.6,30238,192,543,10,1.8,0.58,384|637|1029|2615|4254|7784|8379|8440|8772|9093,ARG2|BID|CDKN2A|LRRC32|KITLG|ZP3|MAD1L1|NCK2|FADD|DNAJA3,-0.55,hits
GO Biological Processes,19,GO:0032944,regulation of mononuclear cell proliferation,19_GO:0050789 regulation of biological process,-2.6,2.6,3.5,30238,258,543,12,2.2,0.63,384|637|1029|2615|4254|7784|8379|8440|8772|9093|114609|148022,ARG2|BID|CDKN2A|LRRC32|KITLG|ZP3|MAD1L1|NCK2|FADD|DNAJA3|TIRAP|TICAM1,-0.55,hits
KEGG Pathway,24,hsa00360,Phenylalanine metabolism,,-2.6,10,5.1,30238,16,543,3,0.55,0.32,314|2805|2806,AOC2|GOT1|GOT2,-0.54,hits
GO Biological Processes,19,GO:0006779,porphyrin-containing compound biosynthetic process,19_GO:0009987 cellular process,-2.6,6.7,4.5,30238,33,543,4,0.74,0.37,3145|4779|23456|81853,HMBS|NFE2L1|ABCB10|TMEM14B,-0.54,hits
GO Biological Processes,19,GO:0033014,tetrapyrrole biosynthetic process,19_GO:0009987 cellular process,-2.6,6.7,4.5,30238,33,543,4,0.74,0.37,3145|4779|23456|81853,HMBS|NFE2L1|ABCB10|TMEM14B,-0.54,hits
KEGG Pathway,24,hsa05133,Pertussis,,-2.6,4.3,3.9,30238,78,543,6,1.1,0.45,717|805|4843|5603|114609|148022,C2|CALM2|NOS2|MAPK13|TIRAP|TICAM1,-0.53,hits
KEGG Pathway,24,hsa04270,Vascular smooth muscle contraction,,-2.5,3.3,3.6,30238,134,543,8,1.5,0.52,551|805|4880|5321|5500|5605|85366|340156,AVP|CALM2|NPPC|PLA2G4A|PPP1CB|MAP2K2|MYLK2|MYLK4,-0.51,hits
GO Biological Processes,19,GO:0016311,dephosphorylation,19_GO:0009987 cellular process,-2.5,3.3,3.6,30238,134,543,8,1.5,0.52,5494|5500|8493|8898|9110|11266|27124|403313,PPM1A|PPP1CB|PPM1D|MTMR2|MTMR4|DUSP12|INPP5J|PLPP6,-0.51,hits
GO Biological Processes,19,GO:0071806,protein transmembrane transport,19_GO:0051179 localization,-2.5,4.2,3.9,30238,79,543,6,1.1,0.45,4591|5195|6253|10452|29928|84134,TRIM37|PEX14|RTN2|TOMM40|TIMM22|TOMM40L,-0.51,hits
GO Biological Processes,19,GO:0006513,protein monoubiquitination,19_GO:0009987 cellular process,-2.5,5.1,4.1,30238,55,543,5,0.92,0.41,4591|5195|55182|90025|220441,TRIM37|PEX14|RNF220|UBE3D|RNF152,-0.51,hits
GO Biological Processes,19,GO:0097190,apoptotic signaling pathway,19_GO:0050896 response to stimulus,-2.5,2.3,3.3,30238,337,543,14,2.6,0.68,468|637|1029|4254|7417|8428|8717|8772|8795|11200|30001|51202|51304|148022,ATF4|BID|CDKN2A|KITLG|VDAC2|STK24|TRADD|FADD|TNFRSF10B|CHEK2|ERO1A|DDX47|ZDHHC3|TICAM1,-0.47,hits
GO Biological Processes,19,GO:0032543,mitochondrial translation,19_GO:0009987 cellular process,-2.5,3.6,3.7,30238,108,543,7,1.3,0.48,6183|26589|60488|64978|84311|118487|219927,MRPS12|MRPL46|MRPS35|MRPL38|MRPL45|CHCHD1|MRPL21,-0.47,hits
KEGG Pathway,24,hsa04210,Apoptosis,,-2.5,3.3,3.6,30238,137,543,8,1.5,0.52,468|637|2021|5605|6709|8717|8772|8795,ATF4|BID|ENDOG|MAP2K2|SPTAN1|TRADD|FADD|TNFRSF10B,-0.47,hits
GO Biological Processes,19,GO:0031396,regulation of protein ubiquitination,19_GO:0050789 regulation of biological process,-2.5,2.8,3.4,30238,200,543,10,1.8,0.58,1029|8877|9093|9529|9709|11315|29979|139285|148022|254170,CDKN2A|SPHK1|DNAJA3|BAG5|HERPUD1|PARK7|UBQLN1|AMER1|TICAM1|FBXO33,-0.46,hits
GO Biological Processes,19,GO:0099537,trans-synaptic signaling,19_GO:0050789 regulation of biological process,-2.4,2.1,3.2,30238,451,543,17,3.1,0.75,104|2554|2566|2894|5538|5816|6327|6616|9699|11315|27065|66004|84258|85366|140679|404037|415117,ADARB1|GABRA1|GABRG2|GRID1|PPT1|PVALB|SCN2B|SNAP25|RIMS2|PARK7|NSG1|LYNX1|SYT3|MYLK2|SLC32A1|HAPLN4|STX19,-0.45,hits
GO Cellular Components,20,GO:0005911,cell-cell junction,,-2.4,2,3.1,30238,531,543,19,3.5,0.79,182|488|5175|5605|5797|9223|9472|11315|29098|50848|50855|57449|64405|79629|83692|84552|85456|90952|440193,JAG1|ATP2A2|PECAM1|MAP2K2|PTPRM|MAGI1|AKAP6|PARK7|RANGRF|F11R|PARD6A|PLEKHG5|CDH22|OCEL1|CD99L2|PARD6G|TNKS1BP1|ESAM|CCDC88C,-0.43,hits
GO Biological Processes,19,GO:1902235,regulation of endoplasmic reticulum stress-induced intrinsic apoptotic signaling pathway,19_GO:0050896 response to stimulus,-2.4,6.2,4.2,30238,36,543,4,0.74,0.37,8440|9709|11315|84447,NCK2|HERPUD1|PARK7|SYVN1,-0.43,hits
GO Biological Processes,19,GO:0042339,keratan sulfate proteoglycan metabolic process,19_GO:0009987 cellular process,-2.4,9.3,4.8,30238,18,543,3,0.55,0.32,2720|6487|9435,GLB1|ST3GAL3|CHST2,-0.43,hits
GO Biological Processes,19,GO:0071805,potassium ion transmembrane transport,19_GO:0051179 localization,-2.4,2.9,3.4,30238,172,543,9,1.7,0.55,483|3747|3790|6616|30818|56479|57419|79714|126755,ATP1B3|KCNC2|KCNS3|SNAP25|KCNIP3|KCNQ5|SLC24A3|CCDC51|LRRC38,-0.41,hits
GO Biological Processes,19,GO:0090150,establishment of protein localization to membrane,19_GO:0051179 localization,-2.4,2.6,3.3,30238,238,543,11,2,0.6,637|6734|9581|10452|23463|26520|27065|29928|51016|51304|282679,BID|SRPRA|PREPL|TOMM40|ICMT|TIMM9|NSG1|TIMM22|EMC9|ZDHHC3|AQP11,-0.41,hits
GO Biological Processes,19,GO:0006399,tRNA metabolic process,19_GO:0009987 cellular process,-2.4,2.7,3.3,30238,205,543,10,1.8,0.58,3035|9329|10785|25973|54913|55140|83707|84881|93587|127253,HARS1|GTF3C4|WDR4|PARS2|RPP25|ELP3|TRPT1|RPUSD4|TRMT10A|TYW3,-0.4,hits
KEGG Pathway,24,hsa00250,"Alanine, aspartate and glutamate metabolism",,-2.4,6,4.1,30238,37,543,4,0.74,0.37,2805|2806|284716|339983,GOT1|GOT2|RIMKLA|NAT8L,-0.4,hits
GO Biological Processes,19,GO:0007031,peroxisome organization,19_GO:0009987 cellular process,-2.4,6,4.1,30238,37,543,4,0.74,0.37,4591|5195|8799|56947,TRIM37|PEX14|PEX11B|MFF,-0.4,hits
GO Biological Processes,19,GO:0006886,intracellular protein transport,19_GO:0051179 localization,-2.4,1.9,3,30238,579,543,20,3.7,0.81,4591|5195|5494|6253|6447|6734|9392|9699|9709|10123|10452|10513|26520|27065|29098|29928|56478|64601|84447|415117,TRIM37|PEX14|PPM1A|RTN2|SCG5|SRPRA|TGFBRAP1|RIMS2|HERPUD1|ARL4C|TOMM40|APPBP2|TIMM9|NSG1|RANGRF|TIMM22|EIF4ENIF1|VPS16|SYVN1|STX19,-0.38,hits
GO Biological Processes,19,GO:1903320,regulation of protein modification by small protein conjugation or removal,19_GO:0050789 regulation of biological process,-2.3,2.5,3.2,30238,242,543,11,2,0.6,1029|8533|8877|9093|9529|9709|11315|29979|139285|148022|254170,CDKN2A|COPS3|SPHK1|DNAJA3|BAG5|HERPUD1|PARK7|UBQLN1|AMER1|TICAM1|FBXO33,-0.37,hits
GO Biological Processes,19,GO:0072522,purine-containing compound biosynthetic process,19_GO:0009987 cellular process,-2.3,2.5,3.2,30238,242,543,11,2,0.6,498|506|518|3614|4724|4880|5538|8833|9374|23417|54981,ATP5F1A|ATP5F1B|ATP5MC3|IMPDH1|NDUFS4|NPPC|PPT1|GMPS|PPT2|MLYCD|NMRK1,-0.37,hits
KEGG Pathway,24,hsa04936,Alcoholic liver disease,,-2.3,3.1,3.4,30238,144,543,8,1.5,0.52,219|717|5603|8717|8772|23417|114609|148022,ALDH1B1|C2|MAPK13|TRADD|FADD|MLYCD|TIRAP|TICAM1,-0.37,hits
GO Biological Processes,19,GO:0043268,positive regulation of potassium ion transport,19_GO:0051179 localization,-2.3,5.9,4.1,30238,38,543,4,0.74,0.37,483|3747|9472|126755,ATP1B3|KCNC2|AKAP6|LRRC38,-0.37,hits
GO Biological Processes,19,GO:0086004,regulation of cardiac muscle cell contraction,19_GO:0032501 multicellular organismal process,-2.3,5.9,4.1,30238,38,543,4,0.74,0.37,488|4607|29098|54795,ATP2A2|MYBPC3|RANGRF|TRPM4,-0.37,hits
GO Biological Processes,19,GO:0046839,phospholipid dephosphorylation,19_GO:0009987 cellular process,-2.3,5.9,4.1,30238,38,543,4,0.74,0.37,8898|9110|27124|403313,MTMR2|MTMR4|INPP5J|PLPP6,-0.37,hits
GO Cellular Components,20,GO:0030016,myofibril,,-2.3,2.5,3.2,30238,243,543,11,2,0.6,805|2274|3611|4607|6253|6334|25802|26287|85366|113622|127495,CALM2|FHL2|ILK|MYBPC3|RTN2|SCN8A|LMOD1|ANKRD2|MYLK2|ADPRHL1|LRRC39,-0.37,hits
GO Biological Processes,19,GO:0006520,amino acid metabolic process,19_GO:0009987 cellular process,-2.3,2.4,3.2,30238,278,543,12,2.2,0.63,384|468|2805|2806|3035|4843|5184|23463|25973|56922|284716|339983,ARG2|ATF4|GOT1|GOT2|HARS1|NOS2|PEPD|ICMT|PARS2|MCCC1|RIMKLA|NAT8L,-0.37,hits
GO Biological Processes,19,GO:0032412,regulation of monoatomic ion transmembrane transporter activity,19_GO:0051179 localization,-2.3,3.8,3.6,30238,87,543,6,1.1,0.45,805|10063|29979|54997|59283|126755,CALM2|COX17|UBQLN1|TESC|CACNG8|LRRC38,-0.36,hits
GO Biological Processes,19,GO:0032386,regulation of intracellular transport,19_GO:0051179 localization,-2.3,2.4,3.2,30238,279,543,12,2.2,0.63,1029|4607|4744|5494|5605|8898|9110|11315|55432|55781|60561|85366,CDKN2A|MYBPC3|NEFH|PPM1A|MAP2K2|MTMR2|MTMR4|PARK7|YOD1|RIOK2|RINT1|MYLK2,-0.36,hits
GO Cellular Components,20,GO:0005840,ribosome,,-2.3,2.5,3.2,30238,244,543,11,2,0.6,2935|6158|6183|6235|26589|51121|60488|64978|84311|118487|219927,GSPT1|RPL28|MRPS12|RPS29|MRPL46|RPL26L1|MRPS35|MRPL38|MRPL45|CHCHD1|MRPL21,-0.36,hits
GO Biological Processes,19,GO:0030001,metal ion transport,19_GO:0051179 localization,-2.3,1.8,3,30238,667,543,22,4.1,0.85,483|488|3747|3790|6327|6334|6574|6616|10063|25998|30001|30818|54795|54805|56479|57419|59283|59285|79714|114789|126755|142680,ATP1B3|ATP2A2|KCNC2|KCNS3|SCN2B|SCN8A|SLC20A1|SNAP25|COX17|IBTK|ERO1A|KCNIP3|TRPM4|CNNM2|KCNQ5|SLC24A3|CACNG8|CACNG6|CCDC51|SLC25A25|LRRC38|SLC34A3,-0.36,hits
GO Biological Processes,19,GO:0022898,regulation of transmembrane transporter activity,19_GO:0051179 localization,-2.3,3.8,3.6,30238,88,543,6,1.1,0.45,805|10063|29979|54997|59283|126755,CALM2|COX17|UBQLN1|TESC|CACNG8|LRRC38,-0.36,hits
GO Biological Processes,19,GO:0046364,monosaccharide biosynthetic process,19_GO:0009987 cellular process,-2.3,4.5,3.7,30238,62,543,5,0.92,0.41,468|2026|2805|5226|5230,ATF4|ENO2|GOT1|PGD|PGK1,-0.36,hits
GO Biological Processes,19,GO:0022411,cellular component disassembly,19_GO:0009987 cellular process,-2.3,2.3,3.1,30238,317,543,13,2.4,0.66,488|2021|2935|5195|9470|11096|25941|29979|54676|64147|64601|84305|149371,ATP2A2|ENDOG|GSPT1|PEX14|EIF4E2|ADAMTS5|TPGS2|UBQLN1|GTPBP2|KIF9|VPS16|PYM1|EXOC8,-0.36,hits
GO Biological Processes,19,GO:0006869,lipid transport,19_GO:0051179 localization,-2.3,2.2,3.1,30238,354,543,14,2.6,0.68,738|1149|2806|3990|4843|5306|5321|6770|7417|9429|23780|79135|114884|134429,VPS51|CIDEA|GOT2|LIPC|NOS2|PITPNA|PLA2G4A|STAR|VDAC2|ABCG2|APOL2|APOO|OSBPL10|STARD4,-0.36,hits
GO Cellular Components,20,GO:0098562,cytoplasmic side of membrane,,-2.3,2.6,3.2,30238,212,543,10,1.8,0.58,5605|6235|8717|8772|9093|51764|54785|55040|114609|729991,MAP2K2|RPS29|TRADD|FADD|DNAJA3|GNG13|BORCS6|EPN3|TIRAP|BORCS8,-0.36,hits
GO Biological Processes,19,GO:0003184,pulmonary valve morphogenesis,19_GO:0032502 developmental process,-2.3,8.4,4.4,30238,20,543,3,0.55,0.32,182|4091|11096,JAG1|SMAD6|ADAMTS5,-0.36,hits
GO Cellular Components,20,GO:1990229,iron-sulfur cluster assembly complex,,-2.3,8.4,4.4,30238,20,543,3,0.55,0.32,9054|57128|388962,NFS1|LYRM4|BOLA3,-0.36,hits
GO Biological Processes,19,GO:0006817,phosphate ion transport,19_GO:0051179 localization,-2.3,8.4,4.4,30238,20,543,3,0.55,0.32,5250|6574|142680,SLC25A3|SLC20A1|SLC34A3,-0.36,hits
GO Biological Processes,19,GO:0097191,extrinsic apoptotic signaling pathway,19_GO:0050896 response to stimulus,-2.3,3.3,3.4,30238,117,543,7,1.3,0.48,637|4254|8717|8772|8795|51202|51304,BID|KITLG|TRADD|FADD|TNFRSF10B|DDX47|ZDHHC3,-0.36,hits
KEGG Pathway,24,hsa01200,Carbon metabolism,,-2.3,3.3,3.4,30238,117,543,7,1.3,0.48,2026|2805|2806|4190|5226|5230|5315,ENO2|GOT1|GOT2|MDH1|PGD|PGK1|PKM,-0.36,hits
GO Biological Processes,19,GO:0010876,lipid localization,19_GO:0051179 localization,-2.3,2.2,3.1,30238,355,543,14,2.6,0.68,738|1149|2806|3990|4843|5306|5321|6770|7417|9429|23780|79135|114884|134429,VPS51|CIDEA|GOT2|LIPC|NOS2|PITPNA|PLA2G4A|STAR|VDAC2|ABCG2|APOL2|APOO|OSBPL10|STARD4,-0.35,hits
GO Biological Processes,19,GO:1901873,regulation of post-translational protein modification,19_GO:0050789 regulation of biological process,-2.3,2.5,3.2,30238,247,543,11,2,0.6,1029|8533|8877|9093|9529|9709|11315|29979|139285|148022|254170,CDKN2A|COPS3|SPHK1|DNAJA3|BAG5|HERPUD1|PARK7|UBQLN1|AMER1|TICAM1|FBXO33,-0.35,hits
GO Biological Processes,19,GO:0000209,protein polyubiquitination,19_GO:0009987 cellular process,-2.3,2.4,3.1,30238,284,543,12,2.2,0.63,1029|4779|11200|22888|23608|23609|63891|79102|84447|90025|220441|246330,CDKN2A|NFE2L1|CHEK2|UBOX5|MKRN1|MKRN2|RNF123|RNF26|SYVN1|UBE3D|RNF152|PELI3,-0.34,hits
GO Biological Processes,19,GO:0070663,regulation of leukocyte proliferation,19_GO:0050789 regulation of biological process,-2.3,2.4,3.1,30238,284,543,12,2.2,0.63,384|637|1029|2615|4254|7784|8379|8440|8772|9093|114609|148022,ARG2|BID|CDKN2A|LRRC32|KITLG|ZP3|MAD1L1|NCK2|FADD|DNAJA3|TIRAP|TICAM1,-0.34,hits
GO Biological Processes,19,GO:0017015,regulation of transforming growth factor beta receptor signaling pathway,19_GO:0050896 response to stimulus,-2.2,2.8,3.2,30238,181,543,9,1.7,0.55,1149|2615|2805|4091|4435|5494|9110|23625|79685,CIDEA|LRRC32|GOT1|SMAD6|CITED1|PPM1A|MTMR4|FAM89B|SAP30L,-0.34,hits
GO Biological Processes,19,GO:0006937,regulation of muscle contraction,19_GO:0032501 multicellular organismal process,-2.2,2.8,3.2,30238,181,543,9,1.7,0.55,488|805|1264|4607|8877|29098|54795|85366|113246,ATP2A2|CALM2|CNN1|MYBPC3|SPHK1|RANGRF|TRPM4|MYLK2|C12orf57,-0.34,hits
GO Biological Processes,19,GO:0002691,regulation of cellular extravasation,19_GO:0040011 locomotion,-2.2,5.6,3.9,30238,40,543,4,0.74,0.37,6370|8772|9435|83692,CCL25|FADD|CHST2|CD99L2,-0.34,hits
GO Biological Processes,19,GO:0003382,epithelial cell morphogenesis,19_GO:0032502 developmental process,-2.2,5.6,3.9,30238,40,543,4,0.74,0.37,4855|5175|9223|440193,NOTCH4|PECAM1|MAGI1|CCDC88C,-0.34,hits
KEGG Pathway,24,hsa04072,Phospholipase D signaling pathway,,-2.2,3,3.3,30238,149,543,8,1.5,0.52,551|4254|5321|5605|6237|8877|26052|56894,AVP|KITLG|PLA2G4A|MAP2K2|RRAS|SPHK1|DNM3|AGPAT3,-0.34,hits
GO Cellular Components,20,GO:0032589,neuron projection membrane,,-2.2,4.4,3.6,30238,64,543,5,0.92,0.41,468|2554|2566|3747|59283,ATF4|GABRA1|GABRG2|KCNC2|CACNG8,-0.33,hits
GO Biological Processes,19,GO:1901137,carbohydrate derivative biosynthetic process,19_GO:0009987 cellular process,-2.2,1.9,2.9,30238,554,543,19,3.5,0.79,498|506|518|3614|4249|4724|4880|6487|7360|8833|9375|9435|29906|55343|57134|64841|84197|127253|282679,ATP5F1A|ATP5F1B|ATP5MC3|IMPDH1|MGAT5|NDUFS4|NPPC|ST3GAL3|UGP2|GMPS|TM9SF2|CHST2|ST8SIA5|SLC35C1|MAN1C1|GNPNAT1|POMK|TYW3|AQP11,-0.33,hits
GO Cellular Components,20,GO:0000151,ubiquitin ligase complex,,-2.2,2.2,3,30238,360,543,14,2.6,0.68,7126|9681|9709|10513|25852|54813|55101|79269|79798|80325|84447|90025|92703|255488,TNFAIP1|DEPDC5|HERPUD1|APPBP2|ARMC8|KLHL28|DMAC2|DCAF10|ARMC5|ABTB1|SYVN1|UBE3D|TMEM183A|RNF144B,-0.33,hits
GO Biological Processes,19,GO:1902236,negative regulation of endoplasmic reticulum stress-induced intrinsic apoptotic signaling pathway,19_GO:0048519 negative regulation of biological process,-2.2,8,4.3,30238,21,543,3,0.55,0.32,9709|11315|84447,HERPUD1|PARK7|SYVN1,-0.33,hits
GO Biological Processes,19,GO:0007263,nitric oxide mediated signal transduction,19_GO:0050896 response to stimulus,-2.2,8,4.3,30238,21,543,3,0.55,0.32,3747|4843|51655,KCNC2|NOS2|RASD1,-0.33,hits
GO Biological Processes,19,GO:0006575,modified amino acid metabolic process,19_GO:0009987 cellular process,-2.2,2.7,3.2,30238,183,543,9,1.7,0.55,2806|4779|10797|23463|23474|26090|81034|114884|548596,GOT2|NFE2L1|MTHFD2|ICMT|ETHE1|ABHD12|SLC25A32|OSBPL10|CKMT1A,-0.33,hits
GO Biological Processes,19,GO:0017158,regulation of calcium ion-dependent exocytosis,19_GO:0051179 localization,-2.2,5.4,3.8,30238,41,543,4,0.74,0.37,488|7784|84258|192683,ATP2A2|ZP3|SYT3|SCAMP5,-0.32,hits
GO Biological Processes,19,GO:0043254,regulation of protein-containing complex assembly,19_GO:0050789 regulation of biological process,-2.2,2,2.9,30238,438,543,16,2.9,0.73,402|637|6709|8195|8440|9392|11315|25802|27124|64147|64601|90952|114609|148022|205251|642597,ARL2|BID|SPTAN1|MKKS|NCK2|TGFBRAP1|PARK7|LMOD1|INPP5J|KIF9|VPS16|ESAM|TIRAP|TICAM1|MTLN|AKAIN1,-0.32,hits
GO Biological Processes,19,GO:1904062,regulation of monoatomic cation transmembrane transport,19_GO:0051179 localization,-2.2,2.3,3,30238,288,543,12,2.2,0.63,483|805|3747|3790|9472|10063|29098|29979|30818|54997|59285|126755,ATP1B3|CALM2|KCNC2|KCNS3|AKAP6|COX17|RANGRF|UBQLN1|KCNIP3|TESC|CACNG6|LRRC38,-0.32,hits
GO Biological Processes,19,GO:0006687,glycosphingolipid metabolic process,19_GO:0009987 cellular process,-2.2,4.3,3.6,30238,65,543,5,0.92,0.41,2720|3074|6487|9375|29906,GLB1|HEXB|ST3GAL3|TM9SF2|ST8SIA5,-0.32,hits
GO Biological Processes,19,GO:1903844,regulation of cellular response to transforming growth factor beta stimulus,19_GO:0050896 response to stimulus,-2.2,2.7,3.2,30238,184,543,9,1.7,0.55,1149|2615|2805|4091|4435|5494|9110|23625|79685,CIDEA|LRRC32|GOT1|SMAD6|CITED1|PPM1A|MTMR4|FAM89B|SAP30L,-0.32,hits
GO Cellular Components,20,GO:0031256,leading edge membrane,,-2.2,2.7,3.2,30238,185,543,9,1.7,0.55,468|2554|2566|3747|10235|54997|59283|59338|114609,ATF4|GABRA1|GABRG2|KCNC2|RASGRP2|TESC|CACNG8|PLEKHA1|TIRAP,-0.31,hits
GO Biological Processes,19,GO:0030149,sphingolipid catabolic process,19_GO:0009987 cellular process,-2.2,5.3,3.8,30238,42,543,4,0.74,0.37,2720|3074|5538|8877,GLB1|HEXB|PPT1|SPHK1,-0.3,hits
GO Biological Processes,19,GO:0010256,endomembrane system organization,19_GO:0009987 cellular process,-2.2,1.9,2.8,30238,602,543,20,3.7,0.81,488|738|3611|6253|6616|7417|8459|9529|9935|23463|51016|54808|55353|65977|79102|83547|84522|149371|282679|415117,ATP2A2|VPS51|ILK|RTN2|SNAP25|VDAC2|TPST2|BAG5|MAFB|ICMT|EMC9|DYM|LAPTM4B|PLEKHA3|RNF26|RILP|JAGN1|EXOC8|AQP11|STX19,-0.3,hits
KEGG Pathway,24,hsa04261,Adrenergic signaling in cardiomyocytes,,-2.2,2.9,3.2,30238,154,543,8,1.5,0.52,468|483|488|805|5500|5603|59283|59285,ATF4|ATP1B3|ATP2A2|CALM2|PPP1CB|MAPK13|CACNG8|CACNG6,-0.29,hits
GO Biological Processes,19,GO:0061718,glucose catabolic process to pyruvate,19_GO:0009987 cellular process,-2.2,7.6,4.2,30238,22,543,3,0.55,0.32,2026|5230|5315,ENO2|PGK1|PKM,-0.29,hits
GO Biological Processes,19,GO:0061621,canonical glycolysis,19_GO:0009987 cellular process,-2.2,7.6,4.2,30238,22,543,3,0.55,0.32,2026|5230|5315,ENO2|PGK1|PKM,-0.29,hits
GO Biological Processes,19,GO:0006491,N-glycan processing,19_GO:0009987 cellular process,-2.2,7.6,4.2,30238,22,543,3,0.55,0.32,3074|29906|57134,HEXB|ST8SIA5|MAN1C1,-0.29,hits
GO Biological Processes,19,GO:0009134,nucleoside diphosphate catabolic process,19_GO:0009987 cellular process,-2.1,4.2,3.5,30238,67,543,5,0.92,0.41,669|956|2026|5230|5315,BPGM|ENTPD3|ENO2|PGK1|PKM,-0.29,hits
GO Cellular Components,20,GO:0099023,vesicle tethering complex,,-2.1,4.2,3.5,30238,67,543,5,0.92,0.41,738|9392|60561|64601|149371,VPS51|TGFBRAP1|RINT1|VPS16|EXOC8,-0.29,hits
KEGG Pathway,24,hsa04921,Oxytocin signaling pathway,,-2.1,2.9,3.2,30238,155,543,8,1.5,0.52,805|5321|5500|5605|59283|59285|85366|340156,CALM2|PLA2G4A|PPP1CB|MAP2K2|CACNG8|CACNG6|MYLK2|MYLK4,-0.29,hits
GO Biological Processes,19,GO:0016072,rRNA metabolic process,19_GO:0009987 cellular process,-2.1,2.4,3,30238,257,543,11,2,0.6,1029|9329|51018|51202|54913|55720|55759|55781|79002|84881|345630,CDKN2A|GTF3C4|RRP15|DDX47|RPP25|TSR1|WDR12|RIOK2|TRIR|RPUSD4|FBLL1,-0.29,hits
GO Biological Processes,19,GO:0016051,carbohydrate biosynthetic process,19_GO:0009987 cellular process,-2.1,3.1,3.2,30238,124,543,7,1.3,0.48,468|2026|2805|5226|5230|6487|7360,ATF4|ENO2|GOT1|PGD|PGK1|ST3GAL3|UGP2,-0.29,hits
GO Biological Processes,19,GO:0034655,nucleobase-containing compound catabolic process,19_GO:0009987 cellular process,-2.1,2.1,2.9,30238,368,543,14,2.6,0.68,669|956|2021|2026|2935|3704|5230|5315|23417|54676|79002|79798|84305|85456,BPGM|ENTPD3|ENDOG|ENO2|GSPT1|ITPA|PGK1|PKM|MLYCD|GTPBP2|TRIR|ARMC5|PYM1|TNKS1BP1,-0.29,hits
GO Biological Processes,19,GO:0045123,cellular extravasation,19_GO:0002376 immune system process,-2.1,5.2,3.7,30238,43,543,4,0.74,0.37,5175|8174|50848|83692,PECAM1|MADCAM1|F11R|CD99L2,-0.28,hits
GO Biological Processes,19,GO:0043414,macromolecule methylation,19_GO:0009987 cellular process,-2.1,3.1,3.2,30238,125,543,7,1.3,0.48,2935|10785|23463|93587|127253|151194|345630,GSPT1|WDR4|ICMT|TRMT10A|TYW3|METTL21A|FBLL1,-0.27,hits
GO Biological Processes,19,GO:0006914,autophagy,19_GO:0009987 cellular process,-2.1,2.1,2.9,30238,370,543,14,2.6,0.68,488|738|1029|9392|10670|11067|11200|11315|23341|29979|55432|64601|64771|128338,ATP2A2|VPS51|CDKN2A|TGFBRAP1|RRAGA|DEPP1|CHEK2|PARK7|DNAJC16|UBQLN1|YOD1|VPS16|ILRUN|DRAM2,-0.27,hits
GO Biological Processes,19,GO:0061919,process utilizing autophagic mechanism,19_GO:0009987 cellular process,-2.1,2.1,2.9,30238,370,543,14,2.6,0.68,488|738|1029|9392|10670|11067|11200|11315|23341|29979|55432|64601|64771|128338,ATP2A2|VPS51|CDKN2A|TGFBRAP1|RRAGA|DEPP1|CHEK2|PARK7|DNAJC16|UBQLN1|YOD1|VPS16|ILRUN|DRAM2,-0.27,hits
GO Biological Processes,19,GO:0006457,protein folding,19_GO:0009987 cellular process,-2.1,2.5,3,30238,224,543,10,1.8,0.58,402|3305|3316|4880|8195|9093|9529|26278|30001|51645,ARL2|HSPA1L|HSPB2|NPPC|MKKS|DNAJA3|BAG5|SACS|ERO1A|PPIL1,-0.27,hits
GO Biological Processes,19,GO:0006813,potassium ion transport,19_GO:0051179 localization,-2.1,2.6,3.1,30238,190,543,9,1.7,0.55,483|3747|3790|6616|30818|56479|57419|79714|126755,ATP1B3|KCNC2|KCNS3|SNAP25|KCNIP3|KCNQ5|SLC24A3|CCDC51|LRRC38,-0.27,hits
GO Biological Processes,19,GO:0007032,endosome organization,19_GO:0009987 cellular process,-2.1,3.5,3.3,30238,96,543,6,1.1,0.45,55353|65977|79102|83547|149371|282679,LAPTM4B|PLEKHA3|RNF26|RILP|EXOC8|AQP11,-0.27,hits
GO Biological Processes,19,GO:0032409,regulation of transporter activity,19_GO:0065007 biological regulation,-2.1,3.5,3.3,30238,96,543,6,1.1,0.45,805|10063|29979|54997|59283|126755,CALM2|COX17|UBQLN1|TESC|CACNG8|LRRC38,-0.27,hits
GO Biological Processes,19,GO:0009065,glutamine family amino acid catabolic process,19_GO:0009987 cellular process,-2.1,7.3,4.1,30238,23,543,3,0.55,0.32,2805|2806|4843,GOT1|GOT2|NOS2,-0.27,hits
GO Cellular Components,20,GO:0045259,proton-transporting ATP synthase complex,,-2.1,7.3,4.1,30238,23,543,3,0.55,0.32,498|506|518,ATP5F1A|ATP5F1B|ATP5MC3,-0.27,hits
GO Biological Processes,19,GO:0006809,nitric oxide biosynthetic process,19_GO:0009987 cellular process,-2.1,7.3,4.1,30238,23,543,3,0.55,0.32,384|4843|148022,ARG2|NOS2|TICAM1,-0.27,hits
GO Biological Processes,19,GO:0099536,synaptic signaling,19_GO:0050789 regulation of biological process,-2.1,1.9,2.8,30238,490,543,17,3.1,0.75,104|2554|2566|2894|5538|5816|6327|6616|9699|11315|27065|66004|84258|85366|140679|404037|415117,ADARB1|GABRA1|GABRG2|GRID1|PPT1|PVALB|SCN2B|SNAP25|RIMS2|PARK7|NSG1|LYNX1|SYT3|MYLK2|SLC32A1|HAPLN4|STX19,-0.26,hits
GO Biological Processes,19,GO:0042440,pigment metabolic process,19_GO:0009987 cellular process,-2.1,4,3.4,30238,69,543,5,0.92,0.41,3145|4435|4779|23456|81853,HMBS|CITED1|NFE2L1|ABCB10|TMEM14B,-0.26,hits
GO Biological Processes,19,GO:0042177,negative regulation of protein catabolic process,19_GO:0048519 negative regulation of biological process,-2.1,3.1,3.2,30238,127,543,7,1.3,0.48,4843|9529|11315|55353|56658|83547|282679,NOS2|BAG5|PARK7|LAPTM4B|TRIM39|RILP|AQP11,-0.26,hits
KEGG Pathway,24,hsa04217,Necroptosis,,-2.1,2.8,3.1,30238,159,543,8,1.5,0.52,292|637|5321|7417|8717|8772|8795|148022,SLC25A5|BID|PLA2G4A|VDAC2|TRADD|FADD|TNFRSF10B|TICAM1,-0.25,hits
GO Biological Processes,19,GO:0034330,cell junction organization,19_GO:0009987 cellular process,-2.1,1.8,2.8,30238,573,543,19,3.5,0.79,402|2554|2566|4744|4747|5175|8898|9093|9118|9699|23380|26052|50855|55203|64405|79629|90952|400916|404037,ARL2|GABRA1|GABRG2|NEFH|NEFL|PECAM1|MTMR2|DNAJA3|INA|RIMS2|SRGAP2|DNM3|PARD6A|LGI2|CDH22|OCEL1|ESAM|CHCHD10|HAPLN4,-0.25,hits
KEGG Pathway,24,hsa04010,MAPK signaling pathway,,-2.1,2.2,2.9,30238,300,543,12,2.2,0.63,468|3305|4254|5321|5494|5603|5605|6237|8717|10235|59283|59285,ATF4|HSPA1L|KITLG|PLA2G4A|PPM1A|MAPK13|MAP2K2|RRAS|TRADD|RASGRP2|CACNG8|CACNG6,-0.25,hits
GO Biological Processes,19,GO:0036503,ERAD pathway,19_GO:0050896 response to stimulus,-2.1,3.4,3.2,30238,98,543,6,1.1,0.45,9709|29979|55432|57134|84447|127733,HERPUD1|UBQLN1|YOD1|MAN1C1|SYVN1|UBXN10,-0.25,hits
GO Biological Processes,19,GO:0045454,cell redox homeostasis,19_GO:0042592 homeostatic process,-2.1,4.9,3.6,30238,45,543,4,0.74,0.37,4779|4843|30001|388962,NFE2L1|NOS2|ERO1A|BOLA3,-0.25,hits
GO Biological Processes,19,GO:0042168,heme metabolic process,19_GO:0009987 cellular process,-2.1,4.9,3.6,30238,45,543,4,0.74,0.37,3145|4779|23456|81853,HMBS|NFE2L1|ABCB10|TMEM14B,-0.25,hits
GO Biological Processes,19,GO:0045494,photoreceptor cell maintenance,19_GO:0042592 homeostatic process,-2.1,4.9,3.6,30238,45,543,4,0.74,0.37,682|8195|128338|166379,BSG|MKKS|DRAM2|BBS12,-0.25,hits
GO Biological Processes,19,GO:0061620,glycolytic process through glucose-6-phosphate,19_GO:0009987 cellular process,-2.1,7,4,30238,24,543,3,0.55,0.32,2026|5230|5315,ENO2|PGK1|PKM,-0.24,hits
GO Biological Processes,19,GO:0003177,pulmonary valve development,19_GO:0032502 developmental process,-2.1,7,4,30238,24,543,3,0.55,0.32,182|4091|11096,JAG1|SMAD6|ADAMTS5,-0.24,hits
GO Biological Processes,19,GO:0015867,ATP transport,19_GO:0051179 localization,-2.1,7,4,30238,24,543,3,0.55,0.32,292|29957|114789,SLC25A5|SLC25A24|SLC25A25,-0.24,hits
GO Biological Processes,19,GO:0032367,intracellular cholesterol transport,19_GO:0051179 localization,-2.1,7,4,30238,24,543,3,0.55,0.32,738|6770|134429,VPS51|STAR|STARD4,-0.24,hits
GO Biological Processes,19,GO:0061615,glycolytic process through fructose-6-phosphate,19_GO:0009987 cellular process,-2.1,7,4,30238,24,543,3,0.55,0.32,2026|5230|5315,ENO2|PGK1|PKM,-0.24,hits
GO Cellular Components,20,GO:0034706,sodium channel complex,,-2.1,7,4,30238,24,543,3,0.55,0.32,6327|6334|54795,SCN2B|SCN8A|TRPM4,-0.24,hits
GO Biological Processes,19,GO:0051494,negative regulation of cytoskeleton organization,19_GO:0048519 negative regulation of biological process,-2.1,2.8,3,30238,161,543,8,1.5,0.52,4591|6709|8195|25802|26586|27124|50848|440193,TRIM37|SPTAN1|MKKS|LMOD1|CKAP2|INPP5J|F11R|CCDC88C,-0.24,hits
KEGG Pathway,24,hsa05161,Hepatitis B,,-2,2.7,3,30238,163,543,8,1.5,0.52,468|637|898|5603|5605|8772|114609|148022,ATF4|BID|CCNE1|MAPK13|MAP2K2|FADD|TIRAP|TICAM1,-0.22,hits
GO Biological Processes,19,GO:0008285,negative regulation of cell population proliferation,19_GO:0048519 negative regulation of biological process,-2,1.7,2.7,30238,792,543,24,4.4,0.88,104|384|498|1029|1033|1264|2615|3489|3611|4091|4163|4880|5797|8379|8440|8493|9093|25817|26277|27153|54997|55840|149428|282679,ADARB1|ARG2|ATP5F1A|CDKN2A|CDKN3|CNN1|LRRC32|IGFBP6|ILK|SMAD6|MCC|NPPC|PTPRM|MAD1L1|NCK2|PPM1D|DNAJA3|TAFA5|TINF2|ZNF777|TESC|EAF2|BNIPL|AQP11,-0.22,hits
GO Biological Processes,19,GO:0007033,vacuole organization,19_GO:0009987 cellular process,-2,2.4,2.9,30238,232,543,10,1.8,0.58,488|3074|5538|7030|10670|11200|23341|29979|55353|64601,ATP2A2|HEXB|PPT1|TFE3|RRAGA|CHEK2|DNAJC16|UBQLN1|LAPTM4B|VPS16,-0.21,hits
GO Biological Processes,19,GO:0046856,phosphatidylinositol dephosphorylation,19_GO:0009987 cellular process,-2,6.7,3.8,30238,25,543,3,0.55,0.32,8898|9110|27124,MTMR2|MTMR4|INPP5J,-0.21,hits
GO Biological Processes,19,GO:0099188,postsynaptic cytoskeleton organization,19_GO:0009987 cellular process,-2,6.7,3.8,30238,25,543,3,0.55,0.32,4744|4747|9118,NEFH|NEFL|INA,-0.21,hits
GO Biological Processes,19,GO:0009066,aspartate family amino acid metabolic process,19_GO:0009987 cellular process,-2,4.7,3.5,30238,47,543,4,0.74,0.37,468|2805|2806|339983,ATF4|GOT1|GOT2|NAT8L,-0.21,hits
GO Biological Processes,19,GO:0006862,nucleotide transport,19_GO:0051179 localization,-2,4.7,3.5,30238,47,543,4,0.74,0.37,292|29957|81034|114789,SLC25A5|SLC25A24|SLC25A32|SLC25A25,-0.21,hits
KEGG Pathway,24,hsa00620,Pyruvate metabolism,,-2,4.7,3.5,30238,47,543,4,0.74,0.37,219|3945|4190|5315,ALDH1B1|LDHB|MDH1|PKM,-0.21,hits
GO Biological Processes,19,GO:1903322,positive regulation of protein modification by small protein conjugation or removal,19_GO:0048518 positive regulation of biological process,-2,3,3,30238,132,543,7,1.3,0.48,1029|8877|9093|29979|139285|148022|254170,CDKN2A|SPHK1|DNAJA3|UBQLN1|AMER1|TICAM1|FBXO33,-0.21,hits
GO Biological Processes,19,GO:0030512,negative regulation of transforming growth factor beta receptor signaling pathway,19_GO:0048519 negative regulation of biological process,-2,3,3,30238,132,543,7,1.3,0.48,1149|2615|4091|5494|9110|23625|79685,CIDEA|LRRC32|SMAD6|PPM1A|MTMR4|FAM89B|SAP30L,-0.21,hits
GO Biological Processes,19,GO:0034614,cellular response to reactive oxygen species,19_GO:0050896 response to stimulus,-2,3,3,30238,132,543,7,1.3,0.48,1029|5195|5603|8877|10276|11315|59338,CDKN2A|PEX14|MAPK13|SPHK1|NET1|PARK7|PLEKHA1,-0.21,hits
