_MEMBER_hits,_LogP_hits,GO,Description,_PATTERN_,_RANK_,GiniIndex
1,-3.9,hsa04218,Cellular senescence,M1,1,0
1,-2.3,GO:0086004,regulation of cardiac muscle cell contraction,M1,1,0
1,-2.2,GO:0006937,regulation of muscle contraction,M1,1,0
1,-9.5,hsa05022,Pathways of neurodegeneration - multiple diseases,M1,1,0
1,-2.3,GO:0000209,protein polyubiquitination,M1,1,0
1,-2.6,hsa05133,Pertussis,M1,1,0
1,-8.5,GO:0006119,oxidative phosphorylation,M1,1,0
1,-9,hsa05014,Amyotrophic lateral sclerosis,M1,1,0
1,-2.7,GO:0044391,ribosomal subunit,M1,1,0
1,-10,GO:0070069,cytochrome complex,M1,1,0
1,-2.8,GO:0006605,protein targeting,M1,1,0
1,-3.4,GO:0009144,purine nucleoside triphosphate metabolic process,M1,1,0
1,-2.1,GO:0045494,photoreceptor cell maintenance,M1,1,0
1,-2.5,GO:0006513,protein monoubiquitination,M1,1,0
1,-2.4,GO:0005911,cell-cell junction,M1,1,0
1,-4.9,GO:0036462,TRAIL-activated apoptotic signaling pathway,M1,1,0
1,-2.7,GO:0098734,macromolecule depalmitoylation,M1,1,0
1,-2.8,GO:0006783,heme biosynthetic process,M1,1,0
1,-2.7,GO:0001886,endothelial cell morphogenesis,M1,1,0
1,-3,GO:1903115,regulation of actin filament-based movement,M1,1,0
1,-3.7,GO:0072524,pyridine-containing compound metabolic process,M1,1,0
1,-2.3,hsa01200,Carbon metabolism,M1,1,0
1,-3.2,GO:0098799,outer mitochondrial membrane protein complex,M1,1,0
1,-3.4,GO:0031252,cell leading edge,M1,1,0
1,-2.1,GO:0045123,cellular extravasation,M1,1,0
1,-2,GO:0099188,postsynaptic cytoskeleton organization,M1,1,0
1,-2,GO:0009066,aspartate family amino acid metabolic process,M1,1,0
1,-7.4,hsa05020,Prion disease,M1,1,0
1,-3.2,hsa04148,Efferocytosis,M1,1,0
1,-2.1,GO:0061620,glycolytic process through glucose-6-phosphate,M1,1,0
1,-3.8,GO:0034976,response to endoplasmic reticulum stress,M1,1,0
1,-3.7,GO:0072657,protein localization to membrane,M1,1,0
1,-3.6,GO:0006979,response to oxidative stress,M1,1,0
1,-3.6,GO:0009295,nucleoid,M1,1,0
1,-2.2,GO:1903844,regulation of cellular response to transforming growth factor beta stimulus,M1,1,0
1,-2.8,GO:0046034,ATP metabolic process,M1,1,0
1,-7.5,GO:0098655,monoatomic cation transmembrane transport,M1,1,0
1,-2.1,GO:0016072,rRNA metabolic process,M1,1,0
1,-2.7,GO:0098916,anterograde trans-synaptic signaling,M1,1,0
1,-2.1,GO:0007032,endosome organization,M1,1,0
1,-2.7,GO:0099571,postsynaptic cytoskeleton,M1,1,0
1,-2.3,GO:0006817,phosphate ion transport,M1,1,0
1,-3.6,hsa00330,Arginine and proline metabolism,M1,1,0
1,-2.8,GO:1905897,regulation of response to endoplasmic reticulum stress,M1,1,0
1,-3.7,GO:0005758,mitochondrial intermembrane space,M1,1,0
1,-6,GO:0072521,purine-containing compound metabolic process,M1,1,0
1,-2.1,GO:0032367,intracellular cholesterol transport,M1,1,0
1,-2.4,GO:0007031,peroxisome organization,M1,1,0
1,-3.9,GO:0046496,nicotinamide nucleotide metabolic process,M1,1,0
1,-4.2,GO:0045275,respiratory chain complex III,M1,1,0
1,-11,GO:0005759,mitochondrial matrix,M1,1,0
1,-3.7,GO:0009141,nucleoside triphosphate metabolic process,M1,1,0
1,-3,GO:0046434,organophosphate catabolic process,M1,1,0
1,-2.5,hsa04270,Vascular smooth muscle contraction,M1,1,0
1,-2.3,GO:0043268,positive regulation of potassium ion transport,M1,1,0
1,-3.2,GO:0060052,neurofilament cytoskeleton organization,M1,1,0
1,-2.1,GO:0009065,glutamine family amino acid catabolic process,M1,1,0
1,-4.2,GO:0006412,translation,M1,1,0
1,-2.5,GO:0031396,regulation of protein ubiquitination,M1,1,0
1,-2.1,GO:0061615,glycolytic process through fructose-6-phosphate,M1,1,0
1,-2.4,GO:0099537,trans-synaptic signaling,M1,1,0
1,-2.1,GO:0099023,vesicle tethering complex,M1,1,0
1,-2.9,hsa00010,Glycolysis / Gluconeogenesis,M1,1,0
1,-2.5,GO:0016311,dephosphorylation,M1,1,0
1,-2.1,GO:0042177,negative regulation of protein catabolic process,M1,1,0
1,-11,GO:1902495,transmembrane transporter complex,M1,1,0
1,-2.2,GO:0000151,ubiquitin ligase complex,M1,1,0
1,-2.7,GO:0097049,motor neuron apoptotic process,M1,1,0
1,-2.1,GO:0006457,protein folding,M1,1,0
1,-12,GO:1990351,transporter complex,M1,1,0
1,-2.8,GO:0043266,regulation of potassium ion transport,M1,1,0
1,-2.4,GO:0042339,keratan sulfate proteoglycan metabolic process,M1,1,0
1,-4,GO:0006122,"mitochondrial electron transport, ubiquinol to cytochrome c",M1,1,0
1,-2.1,GO:0045259,proton-transporting ATP synthase complex,M1,1,0
1,-2.9,GO:0070585,protein localization to mitochondrion,M1,1,0
1,-7.9,GO:0042773,ATP synthesis coupled electron transport,M1,1,0
1,-2,hsa00620,Pyruvate metabolism,M1,1,0
1,-2.1,hsa04010,MAPK signaling pathway,M1,1,0
1,-2.6,GO:0032944,regulation of mononuclear cell proliferation,M1,1,0
1,-3.4,GO:0051604,protein maturation,M1,1,0
1,-18,GO:0005743,mitochondrial inner membrane,M1,1,0
1,-2.5,GO:0097190,apoptotic signaling pathway,M1,1,0
1,-7.6,GO:0098798,mitochondrial protein-containing complex,M1,1,0
1,-2.8,GO:0045838,positive regulation of membrane potential,M1,1,0
1,-2.1,GO:0006809,nitric oxide biosynthetic process,M1,1,0
1,-9.8,GO:0015980,energy derivation by oxidation of organic compounds,M1,1,0
1,-2.3,GO:0006520,amino acid metabolic process,M1,1,0
1,-3,GO:0000313,organellar ribosome,M1,1,0
1,-2.3,GO:1901873,regulation of post-translational protein modification,M1,1,0
1,-2.3,GO:0030001,metal ion transport,M1,1,0
1,-2.2,hsa04261,Adrenergic signaling in cardiomyocytes,M1,1,0
1,-3.5,GO:0009205,purine ribonucleoside triphosphate metabolic process,M1,1,0
1,-2.2,GO:0010256,endomembrane system organization,M1,1,0
1,-4.3,GO:0007006,mitochondrial membrane organization,M1,1,0
1,-4.5,GO:0030425,dendrite,M1,1,0
1,-3,GO:0005761,mitochondrial ribosome,M1,1,0
1,-2.2,GO:0007263,nitric oxide mediated signal transduction,M1,1,0
1,-2.4,GO:1902235,regulation of endoplasmic reticulum stress-induced intrinsic apoptotic signaling pathway,M1,1,0
1,-5.8,GO:0007005,mitochondrion organization,M1,1,0
1,-2.2,GO:0017015,regulation of transforming growth factor beta receptor signaling pathway,M1,1,0
1,-2.1,GO:0036503,ERAD pathway,M1,1,0
1,-7.7,GO:0098662,inorganic cation transmembrane transport,M1,1,0
1,-3.3,GO:0031970,organelle envelope lumen,M1,1,0
1,-2.9,GO:1901293,nucleoside phosphate biosynthetic process,M1,1,0
1,-3.1,GO:0005883,neurofilament,M1,1,0
1,-2.3,GO:0098562,cytoplasmic side of membrane,M1,1,0
1,-3.6,GO:0009259,ribonucleotide metabolic process,M1,1,0
1,-2.3,GO:0005840,ribosome,M1,1,0
1,-2.1,GO:0016051,carbohydrate biosynthetic process,M1,1,0
1,-2.1,GO:0006813,potassium ion transport,M1,1,0
1,-3.1,GO:0009895,negative regulation of catabolic process,M1,1,0
1,-7.2,GO:0019646,aerobic electron transport chain,M1,1,0
1,-2.6,GO:0043603,amide metabolic process,M1,1,0
1,-2.5,GO:0032543,mitochondrial translation,M1,1,0
1,-2.1,GO:0032409,regulation of transporter activity,M1,1,0
1,-5.8,GO:1902600,proton transmembrane transport,M1,1,0
1,-2.7,hsa00604,Glycosphingolipid biosynthesis - ganglio series,M1,1,0
1,-3.4,hsa04115,p53 signaling pathway,M1,1,0
1,-2.9,GO:0046930,pore complex,M1,1,0
1,-2.6,GO:0042129,regulation of T cell proliferation,M1,1,0
1,-2.7,GO:1903573,negative regulation of response to endoplasmic reticulum stress,M1,1,0
1,-2.3,GO:0022411,cellular component disassembly,M1,1,0
1,-3.5,GO:0006626,protein targeting to mitochondrion,M1,1,0
1,-2.7,GO:0030315,T-tubule,M1,1,0
1,-3.7,hsa04022,cGMP-PKG signaling pathway,M1,1,0
1,-2.1,GO:0099536,synaptic signaling,M1,1,0
1,-2.5,hsa04210,Apoptosis,M1,1,0
1,-2,GO:0046856,phosphatidylinositol dephosphorylation,M1,1,0
1,-2.3,GO:0010876,lipid localization,M1,1,0
1,-2,GO:1903322,positive regulation of protein modification by small protein conjugation or removal,M1,1,0
1,-4.8,GO:0051668,localization within membrane,M1,1,0
1,-2.2,GO:0031256,leading edge membrane,M1,1,0
1,-6.9,GO:0055086,nucleobase-containing small molecule metabolic process,M1,1,0
1,-2.7,GO:0019674,NAD+ metabolic process,M1,1,0
1,-2.9,GO:0008076,voltage-gated potassium channel complex,M1,1,0
1,-3.4,GO:0061617,MICOS complex,M1,1,0
1,-3.2,GO:0005742,mitochondrial outer membrane translocase complex,M1,1,0
1,-17,GO:0031966,mitochondrial membrane,M1,1,0
1,-4.7,GO:0042391,regulation of membrane potential,M1,1,0
1,-2.8,GO:0097060,synaptic membrane,M1,1,0
1,-3.6,GO:0032446,protein modification by small protein conjugation,M1,1,0
1,-17,GO:0019866,organelle inner membrane,M1,1,0
1,-4.1,GO:0005975,carbohydrate metabolic process,M1,1,0
1,-2.3,GO:0046364,monosaccharide biosynthetic process,M1,1,0
1,-2.6,GO:0090559,regulation of membrane permeability,M1,1,0
1,-2.2,GO:1904062,regulation of monoatomic cation transmembrane transport,M1,1,0
1,-2.6,GO:0099170,postsynaptic modulation of chemical synaptic transmission,M1,1,0
1,-4,GO:0062197,cellular response to chemical stress,M1,1,0
1,-2.6,hsa01230,Biosynthesis of amino acids,M1,1,0
1,-7.5,GO:0022900,electron transport chain,M1,1,0
1,-5.7,GO:0034703,cation channel complex,M1,1,0
1,-2.9,GO:0046148,pigment biosynthetic process,M1,1,0
1,-10,GO:0006091,generation of precursor metabolites and energy,M1,1,0
1,-2.9,GO:0008037,cell recognition,M1,1,0
1,-2.4,GO:0071805,potassium ion transmembrane transport,M1,1,0
1,-2.6,GO:0033014,tetrapyrrole biosynthetic process,M1,1,0
1,-9.3,hsa04260,Cardiac muscle contraction,M1,1,0
1,-4.1,GO:0030424,axon,M1,1,0
1,-3.1,GO:0006107,oxaloacetate metabolic process,M1,1,0
1,-2.1,GO:0034330,cell junction organization,M1,1,0
1,-2.8,GO:0070301,cellular response to hydrogen peroxide,M1,1,0
1,-2.7,GO:0007268,chemical synaptic transmission,M1,1,0
1,-2.9,GO:0140053,mitochondrial gene expression,M1,1,0
1,-3,GO:0007007,inner mitochondrial membrane organization,M1,1,0
1,-2.7,GO:0045947,negative regulation of translational initiation,M1,1,0
1,-2.1,GO:0009134,nucleoside diphosphate catabolic process,M1,1,0
1,-7,GO:0006123,"mitochondrial electron transport, cytochrome c to oxygen",M1,1,0
1,-2.1,hsa04217,Necroptosis,M1,1,0
1,-8.6,GO:0098803,respiratory chain complex,M1,1,0
1,-2.8,GO:0042579,microbody,M1,1,0
1,-5.4,hsa05016,Huntington disease,M1,1,0
1,-2.9,GO:0019752,carboxylic acid metabolic process,M1,1,0
1,-4.2,GO:0006839,mitochondrial transport,M1,1,0
1,-2.3,GO:0046839,phospholipid dephosphorylation,M1,1,0
1,-2.1,GO:0006914,autophagy,M1,1,0
1,-2.2,hsa04072,Phospholipase D signaling pathway,M1,1,0
1,-2.1,GO:0034706,sodium channel complex,M1,1,0
1,-2.2,GO:0003382,epithelial cell morphogenesis,M1,1,0
1,-6.3,GO:0006753,nucleoside phosphate metabolic process,M1,1,0
1,-2.2,GO:0006491,N-glycan processing,M1,1,0
1,-2.1,GO:0051494,negative regulation of cytoskeleton organization,M1,1,0
1,-3.8,GO:0008625,extrinsic apoptotic signaling pathway via death domain receptors,M1,1,0
1,-3.3,GO:0072655,establishment of protein localization to mitochondrion,M1,1,0
1,-4.1,GO:1904862,inhibitory synapse assembly,M1,1,0
1,-3.4,GO:0009199,ribonucleoside triphosphate metabolic process,M1,1,0
1,-2.7,GO:0150034,distal axon,M1,1,0
1,-7.6,hsa05012,Parkinson disease,M1,1,0
1,-2.2,GO:1902236,negative regulation of endoplasmic reticulum stress-induced intrinsic apoptotic signaling pathway,M1,1,0
1,-2.2,GO:0006575,modified amino acid metabolic process,M1,1,0
1,-2.3,GO:0070663,regulation of leukocyte proliferation,M1,1,0
1,-2.2,GO:1901137,carbohydrate derivative biosynthetic process,M1,1,0
1,-5.9,GO:0034702,monoatomic ion channel complex,M1,1,0
1,-8,GO:0042775,mitochondrial ATP synthesis coupled electron transport,M1,1,0
1,-3.9,GO:0009150,purine ribonucleotide metabolic process,M1,1,0
1,-2.6,GO:0050670,regulation of lymphocyte proliferation,M1,1,0
1,-2.6,hsa00360,Phenylalanine metabolism,M1,1,0
1,-2.3,GO:0006869,lipid transport,M1,1,0
1,-2.8,GO:0031163,metallo-sulfur cluster assembly,M1,1,0
1,-2.2,GO:0002691,regulation of cellular extravasation,M1,1,0
1,-2.1,GO:0034655,nucleobase-containing compound catabolic process,M1,1,0
1,-2.1,GO:0045454,cell redox homeostasis,M1,1,0
1,-2.1,GO:0042168,heme metabolic process,M1,1,0
1,-2,GO:0034614,cellular response to reactive oxygen species,M1,1,0
1,-4.5,GO:0097447,dendritic tree,M1,1,0
1,-3.9,GO:0019362,pyridine nucleotide metabolic process,M1,1,0
1,-2.8,GO:0016226,iron-sulfur cluster assembly,M1,1,0
1,-2.9,GO:0015866,ADP transport,M1,1,0
1,-2.6,GO:0098800,inner mitochondrial membrane protein complex,M1,1,0
1,-2,GO:0008285,negative regulation of cell population proliferation,M1,1,0
1,-5.7,GO:0006163,purine nucleotide metabolic process,M1,1,0
1,-2.7,GO:0048471,perinuclear region of cytoplasm,M1,1,0
1,-5.2,GO:0034599,cellular response to oxidative stress,M1,1,0
1,-2.5,GO:0071806,protein transmembrane transport,M1,1,0
1,-2,GO:0006862,nucleotide transport,M1,1,0
1,-2.6,GO:0030017,sarcomere,M1,1,0
1,-2.2,GO:0043254,regulation of protein-containing complex assembly,M1,1,0
1,-2.2,GO:0061718,glucose catabolic process to pyruvate,M1,1,0
1,-2.2,GO:0030149,sphingolipid catabolic process,M1,1,0
1,-5.9,hsa04714,Thermogenesis,M1,1,0
1,-2.3,GO:0097191,extrinsic apoptotic signaling pathway,M1,1,0
1,-6.5,GO:0045277,respiratory chain complex IV,M1,1,0
1,-2.4,hsa00250,"Alanine, aspartate and glutamate metabolism",M1,1,0
1,-2.1,GO:0003177,pulmonary valve development,M1,1,0
1,-3,GO:0006446,regulation of translational initiation,M1,1,0
1,-2.2,GO:0032589,neuron projection membrane,M1,1,0
1,-7.5,hsa05208,Chemical carcinogenesis - reactive oxygen species,M1,1,0
1,-2,GO:0030512,negative regulation of transforming growth factor beta receptor signaling pathway,M1,1,0
1,-8,GO:0022904,respiratory electron transport chain,M1,1,0
1,-2.3,GO:0032412,regulation of monoatomic ion transmembrane transporter activity,M1,1,0
1,-3.5,GO:0019693,ribose phosphate metabolic process,M1,1,0
1,-3.6,GO:0042645,mitochondrial nucleoid,M1,1,0
1,-2.1,hsa04921,Oxytocin signaling pathway,M1,1,0
1,-10,GO:0045333,cellular respiration,M1,1,0
1,-2.4,GO:0006886,intracellular protein transport,M1,1,0
1,-3,GO:0032590,dendrite membrane,M1,1,0
1,-2.2,GO:0017158,regulation of calcium ion-dependent exocytosis,M1,1,0
1,-5.2,GO:0099185,postsynaptic intermediate filament cytoskeleton organization,M1,1,0
1,-2.4,GO:0090150,establishment of protein localization to membrane,M1,1,0
1,-2.1,GO:0043414,macromolecule methylation,M1,1,0
1,-2.1,GO:0061919,process utilizing autophagic mechanism,M1,1,0
1,-2.3,GO:0003184,pulmonary valve morphogenesis,M1,1,0
1,-2.7,hsa04934,Cushing syndrome,M1,1,0
1,-2.6,GO:0006779,porphyrin-containing compound biosynthetic process,M1,1,0
1,-5.2,GO:0009117,nucleotide metabolic process,M1,1,0
1,-2.3,GO:0072522,purine-containing compound biosynthetic process,M1,1,0
1,-7.3,GO:0098660,inorganic ion transmembrane transport,M1,1,0
1,-3.1,GO:0090407,organophosphate biosynthetic process,M1,1,0
1,-2.3,GO:1990229,iron-sulfur cluster assembly complex,M1,1,0
1,-2,GO:0007033,vacuole organization,M1,1,0
1,-3.3,GO:0034705,potassium channel complex,M1,1,0
1,-2,hsa05161,Hepatitis B,M1,1,0
1,-6.8,hsa04932,Non-alcoholic fatty liver disease,M1,1,0
1,-8.4,hsa00190,Oxidative phosphorylation,M1,1,0
1,-2.8,GO:0005777,peroxisome,M1,1,0
1,-2.1,GO:0015867,ATP transport,M1,1,0
1,-2.3,GO:0022898,regulation of transmembrane transporter activity,M1,1,0
1,-3.4,GO:0043490,malate-aspartate shuttle,M1,1,0
1,-4.6,GO:0099160,postsynaptic intermediate filament cytoskeleton,M1,1,0
1,-2.3,GO:1903320,regulation of protein modification by small protein conjugation or removal,M1,1,0
1,-3.2,hsa00220,Arginine biosynthesis,M1,1,0
1,-2.1,GO:0042440,pigment metabolic process,M1,1,0
1,-2.2,GO:0061621,canonical glycolysis,M1,1,0
1,-3,hsa04371,Apelin signaling pathway,M1,1,0
1,-2.7,GO:0043292,contractile muscle fiber,M1,1,0
1,-2.3,GO:0032386,regulation of intracellular transport,M1,1,0
1,-2.7,GO:1901381,positive regulation of potassium ion transmembrane transport,M1,1,0
1,-8.8,GO:0009060,aerobic respiration,M1,1,0
1,-2.2,GO:0006687,glycosphingolipid metabolic process,M1,1,0
1,-2.3,hsa04936,Alcoholic liver disease,M1,1,0
1,-2.7,GO:1901379,regulation of potassium ion transmembrane transport,M1,1,0
1,-2.6,GO:0016234,inclusion body,M1,1,0
1,-2.4,GO:0006399,tRNA metabolic process,M1,1,0
1,-7.3,hsa05010,Alzheimer disease,M1,1,0
1,-2.3,GO:0030016,myofibril,M1,1,0
1,-9,hsa05415,Diabetic cardiomyopathy,M1,1,0
1,-3.7,GO:0016567,protein ubiquitination,M1,1,0
