_MEMBER_hits,_LogP_hits,GO,Description,_PATTERN_,_RANK_,CHILD_GO_hits
1,-10.134814793217517,GO:0009987,cellular process,M1,1,GO:0045333 cellular respiration
1,-7.705458315754106,GO:0051179,localization,M1,1,GO:0098662 inorganic cation transmembrane transport
1,-5.1820004998432605,GO:0050896,response to stimulus,M1,1,GO:0034599 cellular response to oxidative stress
1,-4.712821018492177,GO:0065007,biological regulation,M1,1,GO:0042391 regulation of membrane potential
1,-4.14056371974681,GO:0032502,developmental process,M1,1,GO:1904862 inhibitory synapse assembly
1,-3.1223876069327092,GO:0048519,negative regulation of biological process,M1,1,GO:0009895 negative regulation of catabolic process
1,-3.0455417436469463,GO:0050789,regulation of biological process,M1,1,GO:0006446 regulation of translational initiation
1,-2.638200306228581,GO:0002376,immune system process,M1,1,GO:0050670 regulation of lymphocyte proliferation
1,-2.3295994302683094,GO:0032501,multicellular organismal process,M1,1,GO:0086004 regulation of cardiac muscle cell contraction
1,-2.2490586210976224,GO:0040011,locomotion,M1,1,GO:0002691 regulation of cellular extravasation
1,-2.067247522733866,GO:0042592,homeostatic process,M1,1,GO:0045454 cell redox homeostasis
1,-2.000898920164176,GO:0048518,positive regulation of biological process,M1,1,GO:1903322 positive regulation of protein modification by small protein conjugation or removal
