Category,CategoryID,GO,Description,PARENT_GO,LogP,Enrichment,Z-score,#TotalGeneInLibrary,#GeneInGO,#GeneInHitList,#GeneInGOAndHitList,%InGO,STDV %InGO,GeneID,Hits,Log(q-value),GeneList
GO Molecular Functions,21,GO:1901981,phosphatidylinositol phosphate binding,,-5.6,16,9.1,30238,186,62,6,9.7,3.8,50853|55353|79685|90203|114609|139285,VILL|LAPTM4B|SAP30L|SNX21|TIRAP|AMER1,-1.4,hits
GO Molecular Functions,21,GO:1902936,phosphatidylinositol bisphosphate binding,,-5.5,22,10,30238,111,62,5,8.1,3.5,50853|55353|90203|114609|139285,VILL|LAPTM4B|SNX21|TIRAP|AMER1,-1.4,hits
GO Molecular Functions,21,GO:0005543,phospholipid binding,,-5.1,7.7,6.9,30238,505,62,8,13,4.3,1149|50853|55040|55353|79685|90203|114609|139285,CIDEA|VILL|EPN3|LAPTM4B|SAP30L|SNX21|TIRAP|AMER1,-1.2,hits
GO Molecular Functions,21,GO:0035091,phosphatidylinositol binding,,-4.6,10,7.1,30238,287,62,6,9.7,3.8,50853|55353|79685|90203|114609|139285,VILL|LAPTM4B|SAP30L|SNX21|TIRAP|AMER1,-0.89,hits
GO Molecular Functions,21,GO:0005546,"phosphatidylinositol-4,5-bisphosphate binding",,-4.5,23,9.2,30238,85,62,4,6.5,3.1,50853|90203|114609|139285,VILL|SNX21|TIRAP|AMER1,-0.89,hits
GO Biological Processes,19,GO:0009895,negative regulation of catabolic process,19_GO:0048519 negative regulation of biological process,-3.8,7.5,5.9,30238,389,62,6,9.7,3.8,1149|8898|10785|55353|83547|114609,CIDEA|MTMR2|WDR4|LAPTM4B|RILP|TIRAP,-0.27,hits
GO Molecular Functions,21,GO:0099106,ion channel regulator activity,,-3.4,11,6.1,30238,173,62,4,6.5,3.1,2745|3790|66004|126755,GLRX|KCNS3|LYNX1|LRRC38,0,hits
GO Molecular Functions,21,GO:0016247,channel regulator activity,,-3.3,11,6,30238,182,62,4,6.5,3.1,2745|3790|66004|126755,GLRX|KCNS3|LYNX1|LRRC38,0,hits
GO Cellular Components,20,GO:0005905,clathrin-coated pit,,-3.3,19,7.1,30238,78,62,3,4.8,2.7,8877|8905|55040,SPHK1|AP1S2|EPN3,0,hits
GO Cellular Components,20,GO:0001726,ruffle,,-3.2,10,5.8,30238,189,62,4,6.5,3.1,10235|54997|114609|126432,RASGRP2|TESC|TIRAP|RINL,0,hits
GO Molecular Functions,21,GO:0141108,transporter regulator activity,,-3.1,10,5.7,30238,196,62,4,6.5,3.1,2745|3790|66004|126755,GLRX|KCNS3|LYNX1|LRRC38,0,hits
GO Biological Processes,19,GO:0007032,endosome organization,19_GO:0009987 cellular process,-3,15,6.3,30238,96,62,3,4.8,2.7,55353|79102|83547,LAPTM4B|RNF26|RILP,0,hits
GO Cellular Components,20,GO:0032587,ruffle membrane,,-2.9,15,6.2,30238,100,62,3,4.8,2.7,10235|54997|114609,RASGRP2|TESC|TIRAP,0,hits
GO Biological Processes,19,GO:0010256,endomembrane system organization,19_GO:0009987 cellular process,-2.8,4.9,4.3,30238,602,62,6,9.7,3.8,6253|8905|55353|79102|83547|163590,RTN2|AP1S2|LAPTM4B|RNF26|RILP|TOR1AIP2,0,hits
GO Cellular Components,20,GO:0005769,early endosome,,-2.6,5.4,4.3,30238,448,62,5,8.1,3.5,8877|8898|8905|55353|90203,SPHK1|MTMR2|AP1S2|LAPTM4B|SNX21,0,hits
KEGG Pathway,24,hsa04142,Lysosome,,-2.6,11,5.2,30238,133,62,3,4.8,2.7,3074|8905|55353,HEXB|AP1S2|LAPTM4B,0,hits
GO Biological Processes,19,GO:0032479,regulation of type I interferon production,19_GO:0032501 multicellular organismal process,-2.6,11,5.2,30238,136,62,3,4.8,2.7,64771|79102|114609,ILRUN|RNF26|TIRAP,0,hits
GO Biological Processes,19,GO:0002832,negative regulation of response to biotic stimulus,19_GO:0048519 negative regulation of biological process,-2.5,10,5,30238,144,62,3,4.8,2.7,9470|64771|79102,EIF4E2|ILRUN|RNF26,0,hits
GO Biological Processes,19,GO:0044093,positive regulation of molecular function,19_GO:0065007 biological regulation,-2.4,4.8,3.9,30238,510,62,5,8.1,3.5,8877|10235|54997|126755|163590,SPHK1|RASGRP2|TESC|LRRC38|TOR1AIP2,0,hits
GO Molecular Functions,21,GO:0016746,acyltransferase activity,,-2.4,4,3.7,30238,738,62,6,9.7,3.8,4591|8877|51304|79102|246330|339983,TRIM37|SPHK1|ZDHHC3|RNF26|PELI3|NAT8L,0,hits
GO Molecular Functions,21,GO:0044389,ubiquitin-like protein ligase binding,,-2.4,6,4.1,30238,324,62,4,6.5,3.1,891|4591|9470|55353,CCNB1|TRIM37|EIF4E2|LAPTM4B,0,hits
GO Molecular Functions,21,GO:0019900,kinase binding,,-2.3,3.8,3.5,30238,776,62,6,9.7,3.8,891|4744|8153|55353|84922|114609,CCNB1|NEFH|RND2|LAPTM4B|FIZ1|TIRAP,0,hits
GO Biological Processes,19,GO:0170039,proteinogenic amino acid metabolic process,19_GO:0009987 cellular process,-2.3,8.6,4.5,30238,170,62,3,4.8,2.7,113675|284716|339983,SDSL|RIMKLA|NAT8L,0,hits
GO Biological Processes,19,GO:0170033,L-amino acid metabolic process,19_GO:0009987 cellular process,-2.3,8.6,4.5,30238,171,62,3,4.8,2.7,113675|284716|339983,SDSL|RIMKLA|NAT8L,0,hits
GO Cellular Components,20,GO:0030139,endocytic vesicle,,-2.2,5.4,3.8,30238,361,62,4,6.5,3.1,8877|83547|114609|126432,SPHK1|RILP|TIRAP|RINL,0,hits
GO Biological Processes,19,GO:0016050,vesicle organization,19_GO:0009987 cellular process,-2.2,5.4,3.8,30238,361,62,4,6.5,3.1,8905|55353|79102|83547,AP1S2|LAPTM4B|RNF26|RILP,0,hits
GO Cellular Components,20,GO:0031256,leading edge membrane,,-2.2,7.9,4.3,30238,185,62,3,4.8,2.7,10235|54997|114609,RASGRP2|TESC|TIRAP,0,hits
GO Cellular Components,20,GO:0010008,endosome membrane,,-2.1,4.1,3.5,30238,591,62,5,8.1,3.5,8877|8898|55353|83547|90203,SPHK1|MTMR2|LAPTM4B|RILP|SNX21,0,hits
GO Biological Processes,19,GO:0032680,regulation of tumor necrosis factor production,19_GO:0032501 multicellular organismal process,-2.1,7.5,4.1,30238,196,62,3,4.8,2.7,1149|64771|114609,CIDEA|ILRUN|TIRAP,0,hits
GO Biological Processes,19,GO:0001959,regulation of cytokine-mediated signaling pathway,19_GO:0050896 response to stimulus,-2.1,7.4,4.1,30238,198,62,3,4.8,2.7,8877|9470|246330,SPHK1|EIF4E2|PELI3,0,hits
GO Biological Processes,19,GO:1901605,alpha-amino acid metabolic process,19_GO:0009987 cellular process,-2.1,7.4,4.1,30238,199,62,3,4.8,2.7,113675|284716|339983,SDSL|RIMKLA|NAT8L,0,hits
GO Biological Processes,19,GO:1903555,regulation of tumor necrosis factor superfamily cytokine production,19_GO:0032501 multicellular organismal process,-2.1,7.3,4,30238,201,62,3,4.8,2.7,1149|64771|114609,CIDEA|ILRUN|TIRAP,0,hits
GO Biological Processes,19,GO:0002831,regulation of response to biotic stimulus,19_GO:0050896 response to stimulus,-2.1,4,3.4,30238,616,62,5,8.1,3.5,9470|51304|64771|79102|114609,EIF4E2|ZDHHC3|ILRUN|RNF26|TIRAP,0,hits
GO Biological Processes,19,GO:0040008,regulation of growth,19_GO:0040007 growth,-2.1,3.9,3.3,30238,621,62,5,8.1,3.5,891|8153|8877|10235|81621,CCNB1|RND2|SPHK1|RASGRP2|KAZALD1,0,hits
GO Cellular Components,20,GO:0031901,early endosome membrane,,-2,7,3.9,30238,209,62,3,4.8,2.7,8877|8898|90203,SPHK1|MTMR2|SNX21,0,hits
GO Biological Processes,19,GO:0060759,regulation of response to cytokine stimulus,19_GO:0050896 response to stimulus,-2,7,3.9,30238,210,62,3,4.8,2.7,8877|9470|246330,SPHK1|EIF4E2|PELI3,0,hits
