_MEMBER_hits,_LogP_hits,GO,Description,_PATTERN_,_RANK_,GiniIndex
1,-2.1,GO:0032680,regulation of tumor necrosis factor production,M1,1,0
1,-2.4,GO:0044389,ubiquitin-like protein ligase binding,M1,1,0
1,-3.8,GO:0009895,negative regulation of catabolic process,M1,1,0
1,-2.2,GO:0031256,leading edge membrane,M1,1,0
1,-2.1,GO:0001959,regulation of cytokine-mediated signaling pathway,M1,1,0
1,-2.8,GO:0010256,endomembrane system organization,M1,1,0
1,-2.3,GO:0019900,kinase binding,M1,1,0
1,-2.1,GO:1903555,regulation of tumor necrosis factor superfamily cytokine production,M1,1,0
1,-2.6,hsa04142,Lysosome,M1,1,0
1,-2.1,GO:0040008,regulation of growth,M1,1,0
1,-2.1,GO:0002831,regulation of response to biotic stimulus,M1,1,0
1,-2.6,GO:0005769,early endosome,M1,1,0
1,-3.4,GO:0099106,ion channel regulator activity,M1,1,0
1,-2.2,GO:0030139,endocytic vesicle,M1,1,0
1,-3.2,GO:0001726,ruffle,M1,1,0
1,-5.1,GO:0005543,phospholipid binding,M1,1,0
1,-2.3,GO:0170039,proteinogenic amino acid metabolic process,M1,1,0
1,-2,GO:0031901,early endosome membrane,M1,1,0
1,-2.3,GO:0170033,L-amino acid metabolic process,M1,1,0
1,-2.6,GO:0032479,regulation of type I interferon production,M1,1,0
1,-2.1,GO:1901605,alpha-amino acid metabolic process,M1,1,0
1,-4.6,GO:0035091,phosphatidylinositol binding,M1,1,0
1,-2.5,GO:0002832,negative regulation of response to biotic stimulus,M1,1,0
1,-3,GO:0007032,endosome organization,M1,1,0
1,-2.4,GO:0016746,acyltransferase activity,M1,1,0
1,-2,GO:0060759,regulation of response to cytokine stimulus,M1,1,0
1,-2.9,GO:0032587,ruffle membrane,M1,1,0
1,-5.5,GO:1902936,phosphatidylinositol bisphosphate binding,M1,1,0
1,-3.3,GO:0005905,clathrin-coated pit,M1,1,0
1,-4.5,GO:0005546,"phosphatidylinositol-4,5-bisphosphate binding",M1,1,0
1,-3.3,GO:0016247,channel regulator activity,M1,1,0
1,-3.1,GO:0141108,transporter regulator activity,M1,1,0
1,-2.4,GO:0044093,positive regulation of molecular function,M1,1,0
1,-2.1,GO:0010008,endosome membrane,M1,1,0
1,-5.6,GO:1901981,phosphatidylinositol phosphate binding,M1,1,0
1,-2.2,GO:0016050,vesicle organization,M1,1,0
