_MEMBER_hits,_LogP_hits,GO,Description,_PATTERN_,_RANK_,CHILD_GO_hits
1,-3.83553922197614,GO:0048519,negative regulation of biological process,M1,1,GO:0009895 negative regulation of catabolic process
1,-2.989728835334722,GO:0009987,cellular process,M1,1,GO:0007032 endosome organization
1,-2.557105722883329,GO:0032501,multicellular organismal process,M1,1,GO:0032479 regulation of type I interferon production
1,-2.4054487678793017,GO:0065007,biological regulation,M1,1,GO:0044093 positive regulation of molecular function
1,-2.1036490549525464,GO:0050896,response to stimulus,M1,1,GO:0001959 regulation of cytokine-mediated signaling pathway
1,-2.0511563836280917,GO:0040007,growth,M1,1,GO:0040008 regulation of growth
