_MEMBER_hits,_LogP_hits,GO,_PATTERN_,_RANK_,GiniIndex,Category,CategoryID,Description,PARENT_GO,LogP,Enrichment,Z-score,#TotalGeneInLibrary,#GeneInGO,#GeneInHitList,#GeneInGOAndHitList,%InGO,STDV %InGO,GeneID,Hits,Log(q-value),EvidenceCutoff,GROUP_ID,FirstInGroupByEnrichment,FirstInGroupByLogP,BestLogPInGroup,BestEnrichmentInGroup,URL
1,-5.42464424528326,GO:0009127,M1,1,0,GO Biological Processes,19,purine nucleoside monophosphate biosynthetic process,19_GO:0009987 cellular process,-5.42464424528326,20.392500674399784,9.659799530879189,30238,22,337,5,1.4836795252225519,0.6585809931933361,159|318|1633|1716|5471,ADSS2|NUDT2|DCK|DGUOK|PPAT,-1.0751724460688745,0,1,1,1,-5.42464424528326,20.706231454005938,
1,-5.043119941240171,GO:0009124,M1,1,0,GO Biological Processes,19,nucleoside monophosphate biosynthetic process,19_GO:0009987 cellular process,-5.043119941240171,12.235500404639872,7.917715206740723,30238,44,337,6,1.7804154302670623,0.7203520074286243,159|318|1633|1716|5471|221823,ADSS2|NUDT2|DCK|DGUOK|PPAT|PRPS1L1,-1.0580999198769108,0,1,0,0,-5.42464424528326,20.706231454005938,
1,-4.324406212650062,GO:0009156,M1,1,0,GO Biological Processes,19,ribonucleoside monophosphate biosynthetic process,19_GO:0009987 cellular process,-4.324406212650062,12.462083745466535,7.305306131114023,30238,36,337,5,1.4836795252225519,0.6585809931933361,159|318|1633|5471|221823,ADSS2|NUDT2|DCK|PPAT|PRPS1L1,-0.8780244004276196,0,1,0,0,-5.42464424528326,20.706231454005938,
1,-3.849376945503274,GO:0009126,M1,1,0,GO Biological Processes,19,purine nucleoside monophosphate metabolic process,19_GO:0009987 cellular process,-3.849376945503274,9.969666996373228,6.392502215609245,30238,45,337,5,1.4836795252225519,0.6585809931933361,159|318|1633|1716|5471,ADSS2|NUDT2|DCK|DGUOK|PPAT,-0.5412978314471132,0,1,0,0,-5.42464424528326,20.706231454005938,
1,-3.589781801861932,GO:0009123,M1,1,0,GO Biological Processes,19,nucleoside monophosphate metabolic process,19_GO:0009987 cellular process,-3.589781801861932,6.814709086128536,5.4938210931759555,30238,79,337,6,1.7804154302670623,0.7203520074286243,159|318|1633|1716|5471|221823,ADSS2|NUDT2|DCK|DGUOK|PPAT|PRPS1L1,-0.41640126170322733,0,1,0,0,-5.42464424528326,20.706231454005938,
1,-3.442280593123054,GO:0006167,M1,1,0,GO Biological Processes,19,AMP biosynthetic process,19_GO:0009987 cellular process,-3.442280593123054,20.706231454005938,7.544553536534926,30238,13,337,3,0.8902077151335311,0.5116688867475617,159|318|5471,ADSS2|NUDT2|PPAT,-0.34930546657286626,0,1,0,0,-5.42464424528326,20.706231454005938,
1,-3.2250326725422527,GO:0009161,M1,1,0,GO Biological Processes,19,ribonucleoside monophosphate metabolic process,19_GO:0009987 cellular process,-3.2250326725422527,7.354672374373692,5.274259510619865,30238,61,337,5,1.4836795252225519,0.6585809931933361,159|318|1633|5471|221823,ADSS2|NUDT2|DCK|PPAT|PRPS1L1,-0.25577211503947295,0,1,0,0,-5.42464424528326,20.706231454005938,
1,-2.866856494168884,GO:0009168,M1,1,0,GO Biological Processes,19,purine ribonucleoside monophosphate biosynthetic process,19_GO:0009987 cellular process,-2.866856494168884,13.459050445103859,5.917094802931275,30238,20,337,3,0.8902077151335311,0.5116688867475617,159|318|5471,ADSS2|NUDT2|PPAT,-0.03651771244547409,0,1,0,0,-5.42464424528326,20.706231454005938,
1,-2.686276480964276,GO:0046033,M1,1,0,GO Biological Processes,19,AMP metabolic process,19_GO:0009987 cellular process,-2.686276480964276,11.703522126177267,5.451559717400192,30238,23,337,3,0.8902077151335311,0.5116688867475617,159|318|5471,ADSS2|NUDT2|PPAT,0.0,0,1,0,0,-5.42464424528326,20.706231454005938,
1,-2.4964551346628014,hsa00230,M1,1,0,KEGG Pathway,24,Purine metabolism,,-2.4964551346628014,4.205953264094956,3.8587641759214257,30238,128,337,6,1.7804154302670623,0.7203520074286243,159|318|1633|1716|5471|221823,ADSS2|NUDT2|DCK|DGUOK|PPAT|PRPS1L1,0.0,0,1,0,0,-5.42464424528326,20.706231454005938,
1,-2.337596611400927,GO:0006164,M1,1,0,GO Biological Processes,19,purine nucleotide biosynthetic process,19_GO:0009987 cellular process,-2.337596611400927,3.4321804413743906,3.503518494048636,30238,183,337,7,2.077151335311573,0.7768928752717353,159|318|1633|1716|4878|5471|221823,ADSS2|NUDT2|DCK|DGUOK|NPPA|PPAT|PRPS1L1,0.0,0,1,0,0,-5.42464424528326,20.706231454005938,
1,-4.930450464371634,GO:0099536,M1,1,0,GO Biological Processes,19,synaptic signaling,19_GO:0050789 regulation of biological process,-4.930450464371634,3.2960939865560466,5.44001702273026,30238,490,337,18,5.341246290801187,1.2248608194913368,784|794|1129|1813|1960|2564|3358|4878|4885|8927|9177|9607|9873|22953|26059|27445|51738|124925,CACNB3|CALB2|CHRM2|DRD2|EGR3|GABRE|HTR2C|NPPA|NPTX2|BSN|HTR3B|CARTPT|FCHSD2|P2RX2|ERC2|PCLO|GHRL|SEZ6,-1.0580999198769108,0,2,1,1,-4.930450464371634,7.9170884971199165,
1,-4.524657157257755,GO:0007268,M1,1,0,GO Biological Processes,19,chemical synaptic transmission,19_GO:0050789 regulation of biological process,-4.524657157257755,3.346461649132272,5.196487021167718,30238,429,337,16,4.747774480712166,1.158424292476273,784|1129|1813|1960|2564|3358|4885|8927|9177|9607|9873|22953|26059|27445|51738|124925,CACNB3|CHRM2|DRD2|EGR3|GABRE|HTR2C|NPTX2|BSN|HTR3B|CARTPT|FCHSD2|P2RX2|ERC2|PCLO|GHRL|SEZ6,-0.8780244004276196,0,2,0,0,-4.930450464371634,7.9170884971199165,
1,-4.524657157257755,GO:0098916,M1,1,0,GO Biological Processes,19,anterograde trans-synaptic signaling,19_GO:0050789 regulation of biological process,-4.524657157257755,3.346461649132272,5.196487021167718,30238,429,337,16,4.747774480712166,1.158424292476273,784|1129|1813|1960|2564|3358|4885|8927|9177|9607|9873|22953|26059|27445|51738|124925,CACNB3|CHRM2|DRD2|EGR3|GABRE|HTR2C|NPTX2|BSN|HTR3B|CARTPT|FCHSD2|P2RX2|ERC2|PCLO|GHRL|SEZ6,-0.8780244004276196,0,2,0,0,-4.930450464371634,7.9170884971199165,
1,-4.266493009727377,GO:0099537,M1,1,0,GO Biological Processes,19,trans-synaptic signaling,19_GO:0050789 regulation of biological process,-4.266493009727377,3.183219617467283,4.9592243665172075,30238,451,337,16,4.747774480712166,1.158424292476273,784|1129|1813|1960|2564|3358|4885|8927|9177|9607|9873|22953|26059|27445|51738|124925,CACNB3|CHRM2|DRD2|EGR3|GABRE|HTR2C|NPTX2|BSN|HTR3B|CARTPT|FCHSD2|P2RX2|ERC2|PCLO|GHRL|SEZ6,-0.8712637199523159,0,2,0,0,-4.930450464371634,7.9170884971199165,
1,-2.9519822973992023,GO:0060079,M1,1,0,GO Biological Processes,19,excitatory postsynaptic potential,19_GO:0032501 multicellular organismal process,-2.9519822973992023,6.409071640525646,4.8099430874494615,30238,70,337,5,1.4836795252225519,0.6585809931933361,1813|9177|22953|51738|124925,DRD2|HTR3B|P2RX2|GHRL|SEZ6,-0.08953386535014086,0,2,0,0,-4.930450464371634,7.9170884971199165,
1,-2.74174776505285,GO:0099565,M1,1,0,GO Biological Processes,19,"chemical synaptic transmission, postsynaptic",19_GO:0032501 multicellular organismal process,-2.74174776505285,5.751730959446093,4.460924980828074,30238,78,337,5,1.4836795252225519,0.6585809931933361,1813|9177|22953|51738|124925,DRD2|HTR3B|P2RX2|GHRL|SEZ6,0.0,0,2,0,0,-4.930450464371634,7.9170884971199165,
1,-2.414617930421924,GO:0007416,M1,1,0,GO Biological Processes,19,synapse assembly,19_GO:0032502 developmental process,-2.414617930421924,4.047834720331988,3.739722357741284,30238,133,337,6,1.7804154302670623,0.7203520074286243,1813|2564|8927|27445|51738|84623,DRD2|GABRE|BSN|PCLO|GHRL|KIRREL3,0.0,0,2,0,0,-4.930450464371634,7.9170884971199165,
1,-2.3313102837410273,GO:0030594,M1,1,0,GO Molecular Functions,21,neurotransmitter receptor activity,,-2.3313102837410273,4.625103245740157,3.796372883424174,30238,97,337,5,1.4836795252225519,0.6585809931933361,1129|1813|2564|3358|9177,CHRM2|DRD2|GABRE|HTR2C|HTR3B,0.0,0,2,0,0,-4.930450464371634,7.9170884971199165,
1,-2.196705446747831,GO:0040018,M1,1,0,GO Biological Processes,19,positive regulation of multicellular organism growth,19_GO:0040007 growth,-2.196705446747831,7.9170884971199165,4.284222361714785,30238,34,337,3,0.8902077151335311,0.5116688867475617,1813|5830|51738,DRD2|PEX5|GHRL,0.0,0,2,0,0,-4.930450464371634,7.9170884971199165,
1,-2.1535426110880005,GO:0098794,M1,1,0,GO Cellular Components,20,postsynapse,,-2.1535426110880005,1.9555885262116712,2.870503249592712,30238,780,337,17,5.044510385756676,1.1922150463514405,1129|1813|2564|3739|3927|8927|9177|22953|23229|27445|51738|54583|55450|57554|58498|124925|146395,CHRM2|DRD2|GABRE|KCNA4|LASP1|BSN|HTR3B|P2RX2|ARHGEF9|PCLO|GHRL|EGLN1|CAMK2N1|LRRC7|MYL7|SEZ6|GSG1L,0.0,0,2,0,0,-4.930450464371634,7.9170884971199165,
1,-2.143504445152431,hsa04082,M1,1,0,KEGG Pathway,24,Neuroactive ligand signaling,,-2.143504445152431,3.156226235032731,3.239810230795845,30238,199,337,7,2.077151335311573,0.7768928752717353,1129|1813|2564|2918|3358|9177|22953,CHRM2|DRD2|GABRE|GRM8|HTR2C|HTR3B|P2RX2,0.0,0,2,0,0,-4.930450464371634,7.9170884971199165,
1,-2.1077513105237076,GO:0046888,M1,1,0,GO Biological Processes,19,negative regulation of hormone secretion,19_GO:0051179 localization,-2.1077513105237076,5.127257312420516,3.6701072012559126,30238,70,337,4,1.1869436201780414,0.5899392084064266,1813|3553|9607|51738,DRD2|IL1B|CARTPT|GHRL,0.0,0,2,0,0,-4.930450464371634,7.9170884971199165,
1,-2.1033180852129156,GO:0060078,M1,1,0,GO Biological Processes,19,regulation of postsynaptic membrane potential,19_GO:0065007 biological regulation,-2.1033180852129156,4.078500134879957,3.4339329587583007,30238,110,337,5,1.4836795252225519,0.6585809931933361,1813|9177|22953|51738|124925,DRD2|HTR3B|P2RX2|GHRL|SEZ6,0.0,0,2,0,0,-4.930450464371634,7.9170884971199165,
1,-2.036060149462312,GO:0050808,M1,1,0,GO Biological Processes,19,synapse organization,19_GO:0009987 cellular process,-2.036060149462312,2.418517600198357,2.9185512663565114,30238,371,337,10,2.9673590504451037,0.9243342063108111,1813|2564|8927|22953|26059|27445|51738|84623|124925|146395,DRD2|GABRE|BSN|P2RX2|ERC2|PCLO|GHRL|KIRREL3|SEZ6|GSG1L,0.0,0,2,0,0,-4.930450464371634,7.9170884971199165,
1,-4.396437401397821,GO:0006281,M1,1,0,GO Biological Processes,19,DNA repair,19_GO:0050896 response to stimulus,-4.396437401397821,3.0020186866402656,4.974191303767443,30238,538,337,18,5.341246290801187,1.2248608194913368,641|2968|3978|7468|8208|9149|9643|10293|10459|23049|25988|51347|55120|55693|56916|79621|84250|116028,BLM|GTF2H4|LIG1|NSD2|CHAF1B|DYRK1B|MORF4L2|TRAIP|MAD2L2|SMG1|HINFP|TAOK3|FANCL|KDM4D|SMARCAD1|RNASEH2B|SLF1|RMI2,-0.8780244004276196,0,3,1,1,-4.396437401397821,9.28210375524404,
1,-3.6132918008568953,GO:0000018,M1,1,0,GO Biological Processes,19,regulation of DNA recombination,19_GO:0050789 regulation of biological process,-3.6132918008568953,4.916548107800495,5.03611699427135,30238,146,337,8,2.373887240356083,0.8292740799760518,641|7468|9643|10459|56916|64110|116028|373861,BLM|NSD2|MORF4L2|MAD2L2|SMARCAD1|MAGEF1|RMI2|H1-9P,-0.41640126170322733,0,3,0,0,-4.396437401397821,9.28210375524404,
1,-3.5142326245297304,GO:2000779,M1,1,0,GO Biological Processes,19,regulation of double-strand break repair,19_GO:0050896 response to stimulus,-3.5142326245297304,4.753748501581936,4.909142586232062,30238,151,337,8,2.373887240356083,0.8292740799760518,7468|9643|10459|29117|55693|64110|84250|116028,NSD2|MORF4L2|MAD2L2|BRD7|KDM4D|MAGEF1|SLF1|RMI2,-0.3911013441391431,0,3,0,0,-4.396437401397821,9.28210375524404,
1,-3.3977472701232707,GO:0045910,M1,1,0,GO Biological Processes,19,negative regulation of DNA recombination,19_GO:0048519 negative regulation of biological process,-3.3977472701232707,8.011339550657057,5.575225655394359,30238,56,337,5,1.4836795252225519,0.6585809931933361,641|10459|64110|116028|373861,BLM|MAD2L2|MAGEF1|RMI2|H1-9P,-0.34930546657286626,0,3,0,0,-4.396437401397821,9.28210375524404,
1,-3.276945484215429,GO:0051052,M1,1,0,GO Biological Processes,19,regulation of DNA metabolic process,19_GO:0050789 regulation of biological process,-3.276945484215429,2.702620571305995,4.067274739742682,30238,498,337,15,4.451038575667655,1.123385241616672,641|7468|8550|9643|10459|23049|29117|55693|56252|56916|64110|84250|116028|150275|373861,BLM|NSD2|MAPKAPK5|MORF4L2|MAD2L2|SMG1|BRD7|KDM4D|YLPM1|SMARCAD1|MAGEF1|SLF1|RMI2|CCDC117|H1-9P,-0.2892015210186363,0,3,0,0,-4.396437401397821,9.28210375524404,
1,-2.993624499796978,GO:0006259,M1,1,0,GO Biological Processes,19,DNA metabolic process,19_GO:0009987 cellular process,-2.993624499796978,2.2372874755640706,3.672444764172481,30238,762,337,19,5.637982195845697,1.2564508635572733,641|1773|2968|3978|7468|8208|9149|9643|10293|10459|23049|25988|51347|55120|55693|56916|79621|84250|116028,BLM|DNASE1|GTF2H4|LIG1|NSD2|CHAF1B|DYRK1B|MORF4L2|TRAIP|MAD2L2|SMG1|HINFP|TAOK3|FANCL|KDM4D|SMARCAD1|RNASEH2B|SLF1|RMI2,-0.10333355946996517,0,3,0,0,-4.396437401397821,9.28210375524404,
1,-2.838903264395574,GO:0006282,M1,1,0,GO Biological Processes,19,regulation of DNA repair,19_GO:0050896 response to stimulus,-2.838903264395574,3.4073545430642675,3.949915519996968,30238,237,337,9,2.6706231454005933,0.8782402261470822,7468|9643|10459|29117|55693|64110|84250|116028|150275,NSD2|MORF4L2|MAD2L2|BRD7|KDM4D|MAGEF1|SLF1|RMI2|CCDC117,-0.03651771244547409,0,3,0,0,-4.396437401397821,9.28210375524404,
1,-2.8296870108925725,GO:0080135,M1,1,0,GO Biological Processes,19,regulation of cellular response to stress,19_GO:0050896 response to stimulus,-2.8296870108925725,2.43823377628693,3.6204672639165856,30238,552,337,15,4.451038575667655,1.123385241616672,1813|5716|7468|9643|10459|10516|29117|51347|54583|55693|64110|79621|84250|116028|150275,DRD2|PSMD10|NSD2|MORF4L2|MAD2L2|FBLN5|BRD7|TAOK3|EGLN1|KDM4D|MAGEF1|RNASEH2B|SLF1|RMI2|CCDC117,-0.03651771244547409,0,3,0,0,-4.396437401397821,9.28210375524404,
1,-2.3931397578090454,GO:2001032,M1,1,0,GO Biological Processes,19,regulation of double-strand break repair via nonhomologous end joining,19_GO:0050896 response to stimulus,-2.3931397578090454,9.28210375524404,4.737104170909007,30238,29,337,3,0.8902077151335311,0.5116688867475617,7468|10459|55693,NSD2|MAD2L2|KDM4D,0.0,0,3,0,0,-4.396437401397821,9.28210375524404,
1,-2.3509440794798344,GO:2000042,M1,1,0,GO Biological Processes,19,negative regulation of double-strand break repair via homologous recombination,19_GO:0048519 negative regulation of biological process,-2.3509440794798344,8.972700296735905,4.638168517534608,30238,30,337,3,0.8902077151335311,0.5116688867475617,10459|64110|116028,MAD2L2|MAGEF1|RMI2,0.0,0,3,0,0,-4.396437401397821,9.28210375524404,
1,-2.275469253271356,GO:2000781,M1,1,0,GO Biological Processes,19,positive regulation of double-strand break repair,19_GO:0048518 positive regulation of biological process,-2.275469253271356,4.486350148367952,3.7072786709555006,30238,100,337,5,1.4836795252225519,0.6585809931933361,9643|10459|29117|55693|84250,MORF4L2|MAD2L2|BRD7|KDM4D|SLF1,0.0,0,3,0,0,-4.396437401397821,9.28210375524404,
1,-2.262087239823089,GO:0045739,M1,1,0,GO Biological Processes,19,positive regulation of DNA repair,19_GO:0048518 positive regulation of biological process,-2.262087239823089,3.7647693552738066,3.518205440925389,30238,143,337,6,1.7804154302670623,0.7203520074286243,9643|10459|29117|55693|84250|150275,MORF4L2|MAD2L2|BRD7|KDM4D|SLF1|CCDC117,0.0,0,3,0,0,-4.396437401397821,9.28210375524404,
1,-2.1994493083421682,GO:0033044,M1,1,0,GO Biological Processes,19,regulation of chromosome organization,19_GO:0050789 regulation of biological process,-2.1994493083421682,2.9418689497494768,3.233248471863695,30238,244,337,8,2.373887240356083,0.8292740799760518,8550|10459|11130|23049|29117|56252|84250|116028,MAPKAPK5|MAD2L2|ZWINT|SMG1|BRD7|YLPM1|SLF1|RMI2,0.0,0,3,0,0,-4.396437401397821,9.28210375524404,
1,-4.332975150390935,GO:0098882,M1,1,0,GO Molecular Functions,21,structural constituent of presynaptic active zone,,-4.332975150390935,38.45442984315388,10.521251391057948,30238,7,337,3,0.8902077151335311,0.5116688867475617,8927|26059|27445,BSN|ERC2|PCLO,-0.8780244004276196,0,4,1,1,-4.332975150390935,38.45442984315388,
1,-4.132460605391412,GO:0048790,M1,1,0,GO Biological Processes,19,maintenance of presynaptic active zone structure,19_GO:0009987 cellular process,-4.132460605391412,33.647626112759646,9.804353735910349,30238,8,337,3,0.8902077151335311,0.5116688867475617,8927|26059|27445,BSN|ERC2|PCLO,-0.782988806177026,0,4,0,0,-4.332975150390935,38.45442984315388,
1,-3.8086724347818017,GO:1990709,M1,1,0,GO Biological Processes,19,presynaptic active zone organization,19_GO:0009987 cellular process,-3.8086724347818017,26.918100890207718,8.702417468216096,30238,10,337,3,0.8902077151335311,0.5116688867475617,8927|26059|27445,BSN|ERC2|PCLO,-0.538381881615041,0,4,0,0,-4.332975150390935,38.45442984315388,
1,-3.341138974526802,GO:0098831,M1,1,0,GO Cellular Components,20,presynaptic active zone cytoplasmic component,,-3.341138974526802,19.22721492157694,7.241854683644158,30238,14,337,3,0.8902077151335311,0.5116688867475617,8927|26059|27445,BSN|ERC2|PCLO,-0.3340898561346224,0,4,0,0,-4.332975150390935,38.45442984315388,
1,-2.3931397578090454,GO:0098918,M1,1,0,GO Molecular Functions,21,structural constituent of synapse,,-2.3931397578090454,9.28210375524404,4.737104170909007,30238,29,337,3,0.8902077151335311,0.5116688867475617,8927|26059|27445,BSN|ERC2|PCLO,0.0,0,4,0,0,-4.332975150390935,38.45442984315388,
1,-2.3931397578090454,GO:0099738,M1,1,0,GO Cellular Components,20,cell cortex region,,-2.3931397578090454,9.28210375524404,4.737104170909007,30238,29,337,3,0.8902077151335311,0.5116688867475617,8927|26059|27445,BSN|ERC2|PCLO,0.0,0,4,0,0,-4.332975150390935,38.45442984315388,
1,-2.3103002001801665,GO:0099558,M1,1,0,GO Biological Processes,19,maintenance of synapse structure,19_GO:0009987 cellular process,-2.3103002001801665,8.683258351679909,4.543744784902083,30238,31,337,3,0.8902077151335311,0.5116688867475617,8927|26059|27445,BSN|ERC2|PCLO,0.0,0,4,0,0,-4.332975150390935,38.45442984315388,
1,-2.087182230144063,GO:0030863,M1,1,0,GO Cellular Components,20,cortical cytoskeleton,,-2.087182230144063,4.041756890421579,3.408391629674866,30238,111,337,5,1.4836795252225519,0.6585809931933361,794|3927|8927|27445|55915,CALB2|LASP1|BSN|PCLO|LANCL2,0.0,0,4,0,0,-4.332975150390935,38.45442984315388,
1,-2.0091632586883117,GO:0098982,M1,1,0,GO Cellular Components,20,GABA-ergic synapse,,-2.0091632586883117,3.867543231351683,3.2850237254389687,30238,116,337,5,1.4836795252225519,0.6585809931933361,1813|8927|23229|26059|27445,DRD2|BSN|ARHGEF9|ERC2|PCLO,0.0,0,4,0,0,-4.332975150390935,38.45442984315388,
1,-3.718375519554201,GO:0030424,M1,1,0,GO Cellular Components,20,axon,,-3.718375519554201,2.5674895427406956,4.33585850869453,30238,664,337,19,5.637982195845697,1.2564508635572733,794|1813|1861|2044|3508|3739|4345|7781|8927|9256|9637|10439|23394|26059|27445|51738|57554|79784|84623,CALB2|DRD2|TOR1A|EPHA5|IGHMBP2|KCNA4|CD200|SLC30A3|BSN|TSPOAP1|FEZ2|OLFM1|ADNP|ERC2|PCLO|GHRL|LRRC7|MYH14|KIRREL3,-0.48284707264665205,0,5,1,1,-3.718375519554201,2.5674895427406956,
1,-2.3116281569453685,GO:0030425,M1,1,0,GO Cellular Components,20,dendrite,,-2.3116281569453685,2.1465790183578717,3.0800138356011093,30238,627,337,15,4.451038575667655,1.123385241616672,794|1129|1813|2044|2046|2564|3358|3739|8927|11130|23394|55450|58498|84623|124925,CALB2|CHRM2|DRD2|EPHA5|EPHA8|GABRE|HTR2C|KCNA4|BSN|ZWINT|ADNP|CAMK2N1|MYL7|KIRREL3|SEZ6,0.0,0,5,0,0,-3.718375519554201,2.5674895427406956,
1,-2.2992132353959294,GO:0097447,M1,1,0,GO Cellular Components,20,dendritic tree,,-2.2992132353959294,2.1397536478702475,3.0666618288566605,30238,629,337,15,4.451038575667655,1.123385241616672,794|1129|1813|2044|2046|2564|3358|3739|8927|11130|23394|55450|58498|84623|124925,CALB2|CHRM2|DRD2|EPHA5|EPHA8|GABRE|HTR2C|KCNA4|BSN|ZWINT|ADNP|CAMK2N1|MYL7|KIRREL3|SEZ6,0.0,0,5,0,0,-3.718375519554201,2.5674895427406956,
1,-3.510124221975255,GO:0016925,M1,1,0,GO Biological Processes,19,protein sumoylation,19_GO:0009987 cellular process,-3.510124221975255,8.464811600694249,5.77434382756652,30238,53,337,5,1.4836795252225519,0.6585809931933361,10054|83637|84250|115426|391257,UBA2|ZMIZ2|SLF1|UHRF2|SUMO1P1,-0.3911013441391431,0,6,1,1,-3.510124221975255,8.464811600694249,
1,-2.1879763623384654,GO:0032446,M1,1,0,GO Biological Processes,19,protein modification by small protein conjugation,19_GO:0009987 cellular process,-2.1879763623384654,2.0220169682785136,2.925578181938239,30238,710,337,16,4.747774480712166,1.158424292476273,5830|8507|9636|10054|10293|10920|55120|64110|64326|79872|81559|83637|84250|115426|143678|391257,PEX5|ENC1|ISG15|UBA2|TRAIP|COPS8|FANCL|MAGEF1|COP1|CBLL1|TRIM11|ZMIZ2|SLF1|UHRF2|FREY1|SUMO1P1,0.0,0,6,0,0,-3.510124221975255,8.464811600694249,
1,-2.0712280594013692,GO:0018205,M1,1,0,GO Biological Processes,19,peptidyl-lysine modification,19_GO:0009987 cellular process,-2.0712280594013692,4.005669775328529,3.383147895149522,30238,112,337,5,1.4836795252225519,0.6585809931933361,10054|83637|84250|115426|391257,UBA2|ZMIZ2|SLF1|UHRF2|SUMO1P1,0.0,0,6,0,0,-3.510124221975255,8.464811600694249,
1,-3.412403645787201,GO:0071900,M1,1,0,GO Biological Processes,19,regulation of protein serine/threonine kinase activity,19_GO:0050789 regulation of biological process,-3.412403645787201,5.278058998079945,4.964110267922836,30238,119,337,7,2.077151335311573,0.7768928752717353,641|4878|5716|23533|29108|51347|388324,BLM|NPPA|PSMD10|PIK3R5|PYCARD|TAOK3|INCA1,-0.34930546657286626,0,7,1,1,-3.412403645787201,8.157000269759914,
1,-2.9904073607853947,GO:0031399,M1,1,0,GO Biological Processes,19,regulation of protein modification process,19_GO:0050789 regulation of biological process,-2.9904073607853947,2.3648977526280675,3.7198628066430954,30238,645,337,17,5.044510385756676,1.1922150463514405,641|3642|4878|5716|9636|10054|10459|10920|23533|29108|51347|51378|55693|57817|374969|388324|553115,BLM|INSM1|NPPA|PSMD10|ISG15|UBA2|MAD2L2|COPS8|PIK3R5|PYCARD|TAOK3|ANGPT4|KDM4D|HAMP|SVBP|INCA1|PEF1,-0.10333355946996517,0,7,0,0,-3.412403645787201,8.157000269759914,
1,-2.8347950959385773,GO:0001932,M1,1,0,GO Biological Processes,19,regulation of protein phosphorylation,19_GO:0050789 regulation of biological process,-2.8347950959385773,2.7822326501506685,3.746121679478505,30238,387,337,12,3.5608308605341246,1.009456135904269,641|3642|4878|5716|10459|10920|23533|29108|51347|51378|55693|388324,BLM|INSM1|NPPA|PSMD10|MAD2L2|COPS8|PIK3R5|PYCARD|TAOK3|ANGPT4|KDM4D|INCA1,-0.03651771244547409,0,7,0,0,-3.412403645787201,8.157000269759914,
1,-2.5815246801235645,GO:0019220,M1,1,0,GO Biological Processes,19,regulation of phosphate metabolic process,19_GO:0050789 regulation of biological process,-2.5815246801235645,2.2967662875603847,3.3653091605780343,30238,586,337,15,4.451038575667655,1.123385241616672,341|641|1813|3358|3642|4878|5716|10459|10920|23533|29108|51347|51378|55693|388324,APOC1|BLM|DRD2|HTR2C|INSM1|NPPA|PSMD10|MAD2L2|COPS8|PIK3R5|PYCARD|TAOK3|ANGPT4|KDM4D|INCA1,0.0,0,7,0,0,-3.412403645787201,8.157000269759914,
1,-2.574575605422563,GO:0051174,M1,1,0,GO Biological Processes,19,regulation of phosphorus metabolic process,19_GO:0050789 regulation of biological process,-2.574575605422563,2.292853568160793,3.3580732135521876,30238,587,337,15,4.451038575667655,1.123385241616672,341|641|1813|3358|3642|4878|5716|10459|10920|23533|29108|51347|51378|55693|388324,APOC1|BLM|DRD2|HTR2C|INSM1|NPPA|PSMD10|MAD2L2|COPS8|PIK3R5|PYCARD|TAOK3|ANGPT4|KDM4D|INCA1,0.0,0,7,0,0,-3.412403645787201,8.157000269759914,
1,-2.4527512361102346,GO:0042325,M1,1,0,GO Biological Processes,19,regulation of phosphorylation,19_GO:0050789 regulation of biological process,-2.4527512361102346,2.4981996185807627,3.3257578692911833,30238,431,337,12,3.5608308605341246,1.009456135904269,641|3642|4878|5716|10459|10920|23533|29108|51347|51378|55693|388324,BLM|INSM1|NPPA|PSMD10|MAD2L2|COPS8|PIK3R5|PYCARD|TAOK3|ANGPT4|KDM4D|INCA1,0.0,0,7,0,0,-3.412403645787201,8.157000269759914,
1,-2.305970590562553,GO:0045859,M1,1,0,GO Biological Processes,19,regulation of protein kinase activity,19_GO:0050789 regulation of biological process,-2.305970590562553,3.067589845037916,3.3707316946065733,30238,234,337,8,2.373887240356083,0.8292740799760518,641|4878|5716|10920|23533|29108|51347|388324,BLM|NPPA|PSMD10|COPS8|PIK3R5|PYCARD|TAOK3|INCA1,0.0,0,7,0,0,-3.412403645787201,8.157000269759914,
1,-2.233268997868346,GO:0000079,M1,1,0,GO Biological Processes,19,regulation of cyclin-dependent protein serine/threonine kinase activity,19_GO:0050789 regulation of biological process,-2.233268997868346,8.157000269759914,4.367068733895901,30238,33,337,3,0.8902077151335311,0.5116688867475617,641|5716|388324,BLM|PSMD10|INCA1,0.0,0,7,0,0,-3.412403645787201,8.157000269759914,
1,-2.161339007689836,GO:0071901,M1,1,0,GO Biological Processes,19,negative regulation of protein serine/threonine kinase activity,19_GO:0048519 negative regulation of biological process,-2.161339007689836,7.690885968630776,4.204690688448489,30238,35,337,3,0.8902077151335311,0.5116688867475617,4878|29108|388324,NPPA|PYCARD|INCA1,0.0,0,7,0,0,-3.412403645787201,8.157000269759914,
1,-2.1294125159882116,GO:0051338,M1,1,0,GO Biological Processes,19,regulation of transferase activity,19_GO:0065007 biological regulation,-2.1294125159882116,2.6563915352178666,3.0814765065347482,30238,304,337,9,2.6706231454005933,0.8782402261470822,641|4878|5716|10459|10920|23533|29108|51347|388324,BLM|NPPA|PSMD10|MAD2L2|COPS8|PIK3R5|PYCARD|TAOK3|INCA1,0.0,0,7,0,0,-3.412403645787201,8.157000269759914,
1,-2.0794335452052204,GO:0043549,M1,1,0,GO Biological Processes,19,regulation of kinase activity,19_GO:0050789 regulation of biological process,-2.0794335452052204,2.80396884272997,3.0772314260599227,30238,256,337,8,2.373887240356083,0.8292740799760518,641|4878|5716|10920|23533|29108|51347|388324,BLM|NPPA|PSMD10|COPS8|PIK3R5|PYCARD|TAOK3|INCA1,0.0,0,7,0,0,-3.412403645787201,8.157000269759914,
1,-3.341138974526802,GO:0099509,M1,1,0,GO Biological Processes,19,regulation of presynaptic cytosolic calcium ion concentration,19_GO:0042592 homeostatic process,-3.341138974526802,19.22721492157694,7.241854683644158,30238,14,337,3,0.8902077151335311,0.5116688867475617,794|9256|26059,CALB2|TSPOAP1|ERC2,-0.3340898561346224,0,8,1,1,-3.341138974526802,19.22721492157694,
1,-2.436789303444539,GO:0030003,M1,1,0,GO Biological Processes,19,intracellular monoatomic cation homeostasis,19_GO:0042592 homeostatic process,-2.436789303444539,2.4866605903194197,3.307902177300511,30238,433,337,12,3.5608308605341246,1.009456135904269,93|794|1813|3358|8804|9256|9772|26059|26504|54583|55630|57817,ACVR2B|CALB2|DRD2|HTR2C|CREG1|TSPOAP1|TMEM94|ERC2|CNNM4|EGLN1|SLC39A4|HAMP,0.0,0,8,0,0,-3.341138974526802,19.22721492157694,
1,-2.3663402508860405,GO:0006873,M1,1,0,GO Biological Processes,19,intracellular monoatomic ion homeostasis,19_GO:0042592 homeostatic process,-2.3663402508860405,2.4360272298830514,3.2287637661055566,30238,442,337,12,3.5608308605341246,1.009456135904269,93|794|1813|3358|8804|9256|9772|26059|26504|54583|55630|57817,ACVR2B|CALB2|DRD2|HTR2C|CREG1|TSPOAP1|TMEM94|ERC2|CNNM4|EGLN1|SLC39A4|HAMP,0.0,0,8,0,0,-3.341138974526802,19.22721492157694,
1,-2.335737369821818,GO:0098771,M1,1,0,GO Biological Processes,19,inorganic ion homeostasis,19_GO:0042592 homeostatic process,-2.335737369821818,2.4141794520365667,3.194210745116103,30238,446,337,12,3.5608308605341246,1.009456135904269,93|794|1813|3358|7380|9256|9772|26059|26504|54583|55630|57817,ACVR2B|CALB2|DRD2|HTR2C|UPK3A|TSPOAP1|TMEM94|ERC2|CNNM4|EGLN1|SLC39A4|HAMP,0.0,0,8,0,0,-3.341138974526802,19.22721492157694,
1,-2.2577766114643216,GO:0055080,M1,1,0,GO Biological Processes,19,monoatomic cation homeostasis,19_GO:0042592 homeostatic process,-2.2577766114643216,2.2649534729624614,3.0737836022889278,30238,515,337,13,3.857566765578635,1.0490575892390086,93|794|1813|3358|7380|8804|9256|9772|26059|26504|54583|55630|57817,ACVR2B|CALB2|DRD2|HTR2C|UPK3A|CREG1|TSPOAP1|TMEM94|ERC2|CNNM4|EGLN1|SLC39A4|HAMP,0.0,0,8,0,0,-3.341138974526802,19.22721492157694,
1,-2.183790491452759,GO:0050801,M1,1,0,GO Biological Processes,19,monoatomic ion homeostasis,19_GO:0042592 homeostatic process,-2.183790491452759,2.217587525809254,2.990670472666376,30238,526,337,13,3.857566765578635,1.0490575892390086,93|794|1813|3358|7380|8804|9256|9772|26059|26504|54583|55630|57817,ACVR2B|CALB2|DRD2|HTR2C|UPK3A|CREG1|TSPOAP1|TMEM94|ERC2|CNNM4|EGLN1|SLC39A4|HAMP,0.0,0,8,0,0,-3.341138974526802,19.22721492157694,
1,-2.149892493168876,GO:0055082,M1,1,0,GO Biological Processes,19,intracellular chemical homeostasis,19_GO:0042592 homeostatic process,-2.149892493168876,2.121922367471329,2.9267259053430026,30238,592,337,14,4.154302670623146,1.0869771827392471,93|794|1813|3358|8804|9256|9607|9772|23394|26059|26504|54583|55630|57817,ACVR2B|CALB2|DRD2|HTR2C|CREG1|TSPOAP1|CARTPT|TMEM94|ADNP|ERC2|CNNM4|EGLN1|SLC39A4|HAMP,0.0,0,8,0,0,-3.341138974526802,19.22721492157694,
1,-3.2039599118659456,GO:0098660,M1,1,0,GO Biological Processes,19,inorganic ion transmembrane transport,19_GO:0051179 localization,-3.2039599118659456,2.2715696953761784,3.8447424820582796,30238,790,337,20,5.9347181008902075,1.287062917255118,778|784|1364|1813|2542|2564|3358|3739|4878|7781|9033|9177|9424|9772|10089|22953|24145|26504|55630|57817,CACNA1F|CACNB3|CLDN4|DRD2|SLC37A4|GABRE|HTR2C|KCNA4|NPPA|SLC30A3|PKD2L1|HTR3B|KCNK6|TMEM94|KCNK7|P2RX2|PANX1|CNNM4|SLC39A4|HAMP,-0.2524281213235976,0,9,1,1,-3.2039599118659456,14.167421521161955,
1,-2.9338556862446206,GO:0022840,M1,1,0,GO Molecular Functions,21,leak channel activity,,-2.9338556862446206,14.167421521161955,6.095073381384806,30238,19,337,3,0.8902077151335311,0.5116688867475617,9424|10089|24145,KCNK6|KCNK7|PANX1,-0.08953386535014086,0,9,0,0,-3.2039599118659456,14.167421521161955,
1,-2.9338556862446206,GO:0022842,M1,1,0,GO Molecular Functions,21,narrow pore channel activity,,-2.9338556862446206,14.167421521161955,6.095073381384806,30238,19,337,3,0.8902077151335311,0.5116688867475617,9424|10089|24145,KCNK6|KCNK7|PANX1,-0.08953386535014086,0,9,0,0,-3.2039599118659456,14.167421521161955,
1,-2.629311643558037,GO:0098662,M1,1,0,GO Biological Processes,19,inorganic cation transmembrane transport,19_GO:0051179 localization,-2.629311643558037,2.1853281525001482,3.3635857902466237,30238,698,337,17,5.044510385756676,1.1922150463514405,778|784|1813|3358|3739|4878|7781|9033|9177|9424|9772|10089|22953|24145|26504|55630|57817,CACNA1F|CACNB3|DRD2|HTR2C|KCNA4|NPPA|SLC30A3|PKD2L1|HTR3B|KCNK6|TMEM94|KCNK7|P2RX2|PANX1|CNNM4|SLC39A4|HAMP,0.0,0,9,0,0,-3.2039599118659456,14.167421521161955,
1,-2.5123792349214122,GO:0022836,M1,1,0,GO Molecular Functions,21,gated channel activity,,-2.5123792349214122,2.8394621192202227,3.4896391820959325,30238,316,337,10,2.9673590504451037,0.9243342063108111,778|784|2564|3739|9033|9177|9256|9424|10089|22953,CACNA1F|CACNB3|GABRE|KCNA4|PKD2L1|HTR3B|TSPOAP1|KCNK6|KCNK7|P2RX2,0.0,0,9,0,0,-3.2039599118659456,14.167421521161955,
1,-2.442178836135805,GO:0030001,M1,1,0,GO Biological Processes,19,metal ion transport,19_GO:0051179 localization,-2.442178836135805,2.15237188527398,3.1949495835821917,30238,667,337,16,4.747774480712166,1.158424292476273,778|784|1813|3358|3739|4878|7781|9033|9424|9772|10089|22953|24145|26504|55630|57817,CACNA1F|CACNB3|DRD2|HTR2C|KCNA4|NPPA|SLC30A3|PKD2L1|KCNK6|TMEM94|KCNK7|P2RX2|PANX1|CNNM4|SLC39A4|HAMP,0.0,0,9,0,0,-3.2039599118659456,14.167421521161955,
1,-2.3586493303723772,GO:0005216,M1,1,0,GO Molecular Functions,21,monoatomic ion channel activity,,-2.3586493303723772,2.4305282970842184,3.220090406994567,30238,443,337,12,3.5608308605341246,1.009456135904269,778|784|1364|2564|3739|9033|9177|9256|9424|10089|22953|24145,CACNA1F|CACNB3|CLDN4|GABRE|KCNA4|PKD2L1|HTR3B|TSPOAP1|KCNK6|KCNK7|P2RX2|PANX1,0.0,0,9,0,0,-3.2039599118659456,14.167421521161955,
1,-2.3281532367066182,GO:0046873,M1,1,0,GO Molecular Functions,21,metal ion transmembrane transporter activity,,-2.3281532367066182,2.4087786031505787,3.1856305793876483,30238,447,337,12,3.5608308605341246,1.009456135904269,778|784|3739|7781|9033|9256|9424|9772|10089|24145|26504|55630,CACNA1F|CACNB3|KCNA4|SLC30A3|PKD2L1|TSPOAP1|KCNK6|TMEM94|KCNK7|PANX1|CNNM4|SLC39A4,0.0,0,9,0,0,-3.2039599118659456,14.167421521161955,
1,-2.3169648477701617,GO:0005261,M1,1,0,GO Molecular Functions,21,monoatomic cation channel activity,,-2.3169648477701617,2.6625223432450755,3.258224676337763,30238,337,337,10,2.9673590504451037,0.9243342063108111,778|784|3739|9033|9177|9256|9424|10089|22953|24145,CACNA1F|CACNB3|KCNA4|PKD2L1|HTR3B|TSPOAP1|KCNK6|KCNK7|P2RX2|PANX1,0.0,0,9,0,0,-3.2039599118659456,14.167421521161955,
1,-2.276717376153262,GO:0022843,M1,1,0,GO Molecular Functions,21,voltage-gated monoatomic cation channel activity,,-2.276717376153262,3.7912818155222134,3.5394429227716517,30238,142,337,6,1.7804154302670623,0.7203520074286243,778|784|3739|9256|9424|10089,CACNA1F|CACNB3|KCNA4|TSPOAP1|KCNK6|KCNK7,0.0,0,9,0,0,-3.2039599118659456,14.167421521161955,
1,-2.2448008277816043,GO:0015075,M1,1,0,GO Molecular Functions,21,monoatomic ion transmembrane transporter activity,,-2.2448008277816043,1.99915996126488,2.9676441840668626,30238,763,337,17,5.044510385756676,1.1922150463514405,778|784|1364|2564|3739|3927|7781|9033|9177|9256|9424|9772|10089|22953|24145|26504|55630,CACNA1F|CACNB3|CLDN4|GABRE|KCNA4|LASP1|SLC30A3|PKD2L1|HTR3B|TSPOAP1|KCNK6|TMEM94|KCNK7|P2RX2|PANX1|CNNM4|SLC39A4,0.0,0,9,0,0,-3.2039599118659456,14.167421521161955,
1,-2.171236342384742,GO:0098655,M1,1,0,GO Biological Processes,19,monoatomic cation transmembrane transport,19_GO:0051179 localization,-2.171236342384742,2.013509182998239,2.907494780116198,30238,713,337,16,4.747774480712166,1.158424292476273,778|784|1813|3358|3739|4878|7781|9033|9424|9772|10089|22953|24145|26504|55630|57817,CACNA1F|CACNB3|DRD2|HTR2C|KCNA4|NPPA|SLC30A3|PKD2L1|KCNK6|TMEM94|KCNK7|P2RX2|PANX1|CNNM4|SLC39A4|HAMP,0.0,0,9,0,0,-3.2039599118659456,14.167421521161955,
1,-3.1061645510581264,GO:0005882,M1,1,0,GO Cellular Components,20,intermediate filament,,-3.1061645510581264,3.7213964364342464,4.271206269572148,30238,217,337,9,2.6706231454005933,0.8782402261470822,631|337963|337977|337979|386681|386682|386684|387266|440023,BFSP1|KRTAP23-1|KRTAP21-1|KRTAP22-1|KRTAP10-8|KRTAP10-3|KRTAP12-4|KRTAP5-3|KRTAP5-6,-0.17166609981455866,0,10,1,1,-3.1061645510581264,3.7213964364342464,
1,-2.6808835929414383,GO:0045111,M1,1,0,GO Cellular Components,20,intermediate filament cytoskeleton,,-2.6808835929414383,3.230172106824926,3.759032467938333,30238,250,337,9,2.6706231454005933,0.8782402261470822,631|337963|337977|337979|386681|386682|386684|387266|440023,BFSP1|KRTAP23-1|KRTAP21-1|KRTAP22-1|KRTAP10-8|KRTAP10-3|KRTAP12-4|KRTAP5-3|KRTAP5-6,0.0,0,10,0,0,-3.1061645510581264,3.7213964364342464,
1,-3.0049054374313977,GO:0030575,M1,1,0,GO Biological Processes,19,nuclear body organization,19_GO:0009987 cellular process,-3.0049054374313977,14.954500494559843,6.287018841156005,30238,18,337,3,0.8902077151335311,0.5116688867475617,11189|26135|391257,CELF3|SERBP1|SUMO1P1,-0.10333355946996517,0,11,1,1,-3.0049054374313977,14.954500494559843,
1,-2.7963627425853215,GO:0071214,M1,1,0,GO Biological Processes,19,cellular response to abiotic stimulus,19_GO:0050896 response to stimulus,-2.7963627425853215,2.9114956715072253,3.7573900444470447,30238,339,337,11,3.264094955489614,0.9679664199341853,159|641|838|3553|4878|9033|29108|55693|92241|94241|126006,ADSS2|BLM|CASP5|IL1B|NPPA|PKD2L1|PYCARD|KDM4D|RCSD1|TP53INP1|PCP2,-0.03343148013270935,0,12,1,1,-2.7963627425853215,2.9114956715072253,
1,-2.7963627425853215,GO:0104004,M1,1,0,GO Biological Processes,19,cellular response to environmental stimulus,19_GO:0050896 response to stimulus,-2.7963627425853215,2.9114956715072253,3.7573900444470447,30238,339,337,11,3.264094955489614,0.9679664199341853,159|641|838|3553|4878|9033|29108|55693|92241|94241|126006,ADSS2|BLM|CASP5|IL1B|NPPA|PKD2L1|PYCARD|KDM4D|RCSD1|TP53INP1|PCP2,-0.03343148013270935,0,12,0,0,-2.7963627425853215,2.9114956715072253,
1,-2.791838672320596,GO:0030072,M1,1,0,GO Biological Processes,19,peptide hormone secretion,19_GO:0051179 localization,-2.791838672320596,5.903092300484148,4.54347602946221,30238,76,337,5,1.4836795252225519,0.6585809931933361,93|6927|9607|27445|51738,ACVR2B|HNF1A|CARTPT|PCLO|GHRL,-0.03343148013270935,0,13,1,1,-2.791838672320596,10.767240356083086,
1,-2.669402546008915,GO:0002790,M1,1,0,GO Biological Processes,19,peptide secretion,19_GO:0051179 localization,-2.669402546008915,5.538703886874015,4.342319099799543,30238,81,337,5,1.4836795252225519,0.6585809931933361,93|6927|9607|27445|51738,ACVR2B|HNF1A|CARTPT|PCLO|GHRL,0.0,0,13,0,0,-2.791838672320596,10.767240356083086,
1,-2.579913005689584,GO:0032098,M1,1,0,GO Biological Processes,19,regulation of appetite,19_GO:0050896 response to stimulus,-2.579913005689584,10.767240356083086,5.186643499041435,30238,25,337,3,0.8902077151335311,0.5116688867475617,3358|9607|51738,HTR2C|CARTPT|GHRL,0.0,0,13,0,0,-2.791838672320596,10.767240356083086,
1,-2.3313102837410273,GO:0046879,M1,1,0,GO Biological Processes,19,hormone secretion,19_GO:0051179 localization,-2.3313102837410273,4.625103245740157,3.796372883424174,30238,97,337,5,1.4836795252225519,0.6585809931933361,93|6927|9607|27445|51738,ACVR2B|HNF1A|CARTPT|PCLO|GHRL,0.0,0,13,0,0,-2.791838672320596,10.767240356083086,
1,-2.16974794031602,GO:0015833,M1,1,0,GO Biological Processes,19,peptide transport,19_GO:0051179 localization,-2.16974794031602,4.2324058003471245,3.5392095288226404,30238,106,337,5,1.4836795252225519,0.6585809931933361,93|6927|9607|27445|51738,ACVR2B|HNF1A|CARTPT|PCLO|GHRL,0.0,0,13,0,0,-2.791838672320596,10.767240356083086,
1,-2.1196390311722593,GO:0009914,M1,1,0,GO Biological Processes,19,hormone transport,19_GO:0051179 localization,-2.1196390311722593,4.115917567310048,3.4597784871390984,30238,109,337,5,1.4836795252225519,0.6585809931933361,93|6927|9607|27445|51738,ACVR2B|HNF1A|CARTPT|PCLO|GHRL,0.0,0,13,0,0,-2.791838672320596,10.767240356083086,
1,-2.1094193779713786,GO:0042886,M1,1,0,GO Biological Processes,19,amide transport,19_GO:0051179 localization,-2.1094193779713786,3.4958572584685346,3.2965051467986553,30238,154,337,6,1.7804154302670623,0.7203520074286243,93|6927|7380|9607|27445|51738,ACVR2B|HNF1A|UPK3A|CARTPT|PCLO|GHRL,0.0,0,13,0,0,-2.791838672320596,10.767240356083086,
1,-2.004067907855639,GO:0031016,M1,1,0,GO Biological Processes,19,pancreas development,19_GO:0032502 developmental process,-2.004067907855639,4.785440158259149,3.484586049727934,30238,75,337,4,1.1869436201780414,0.5899392084064266,93|1990|3642|6927,ACVR2B|CELA1|INSM1|HNF1A,0.0,0,13,0,0,-2.791838672320596,10.767240356083086,
1,-2.6318584362655515,GO:0050431,M1,1,0,GO Molecular Functions,21,transforming growth factor beta binding,,-2.6318584362655515,11.215875370919882,5.315186875777857,30238,24,337,3,0.8902077151335311,0.5116688867475617,114990|375387|100507588,VASN|NRROS|TGFBR3L,0.0,0,14,1,1,-2.6318584362655515,11.215875370919882,
1,-2.595213090888641,GO:0045177,M1,1,0,GO Cellular Components,20,apical part of cell,,-2.595213090888641,2.3881711816407356,3.409662530157785,30238,526,337,14,4.154302670623146,1.0869771827392471,684|762|1364|4878|7380|22953|23539|54566|55630|79784|92359|114569|151056|374969,BST2|CA4|CLDN4|NPPA|UPK3A|P2RX2|SLC16A8|EPB41L4B|SLC39A4|MYH14|CRB3|MAL2|PLB1|SVBP,0.0,0,15,1,1,-2.595213090888641,2.3881711816407356,
1,-2.465605147080818,GO:0043025,M1,1,0,GO Cellular Components,20,neuronal cell body,,-2.465605147080818,2.4001050176454064,3.3034071760648875,30238,486,337,13,3.857566765578635,1.0490575892390086,778|1813|2044|4345|4878|8507|10439|22953|23394|29108|55110|65109|124925,CACNA1F|DRD2|EPHA5|CD200|NPPA|ENC1|OLFM1|P2RX2|ADNP|PYCARD|MAGOHB|UPF3B|SEZ6,0.0,0,16,1,1,-2.465605147080818,2.4001050176454064,
1,-2.018617250748427,GO:0044297,M1,1,0,GO Cellular Components,20,cell body,,-2.018617250748427,2.1131359394486733,2.8020981675644836,30238,552,337,13,3.857566765578635,1.0490575892390086,778|1813|2044|4345|4878|8507|10439|22953|23394|29108|55110|65109|124925,CACNA1F|DRD2|EPHA5|CD200|NPPA|ENC1|OLFM1|P2RX2|ADNP|PYCARD|MAGOHB|UPF3B|SEZ6,0.0,0,16,0,0,-2.465605147080818,2.4001050176454064,
1,-2.407366691546391,GO:0141188,M1,1,0,GO Biological Processes,19,nucleic acid catabolic process,19_GO:0009987 cellular process,-2.407366691546391,3.1902934388394324,3.5009047990628095,30238,225,337,8,2.373887240356083,0.8292740799760518,1773|9567|11340|23049|23658|55110|65109|79621,DNASE1|GTPBP1|EXOSC8|SMG1|LSM5|MAGOHB|UPF3B|RNASEH2B,0.0,0,17,1,1,-2.407366691546391,7.083710760580978,
1,-2.120726296126225,GO:0006401,M1,1,0,GO Biological Processes,19,RNA catabolic process,19_GO:0009987 cellular process,-2.120726296126225,3.124820998863251,3.2087327359192375,30238,201,337,7,2.077151335311573,0.7768928752717353,9567|11340|23049|23658|55110|65109|79621,GTPBP1|EXOSC8|SMG1|LSM5|MAGOHB|UPF3B|RNASEH2B,0.0,0,17,0,0,-2.407366691546391,7.083710760580978,
1,-2.061754657978532,GO:0000184,M1,1,0,GO Biological Processes,19,"nuclear-transcribed mRNA catabolic process, nonsense-mediated decay",19_GO:0048519 negative regulation of biological process,-2.061754657978532,7.083710760580978,3.983807352761477,30238,38,337,3,0.8902077151335311,0.5116688867475617,23049|55110|65109,SMG1|MAGOHB|UPF3B,0.0,0,17,0,0,-2.407366691546391,7.083710760580978,
1,-2.3509440794798344,GO:0007274,M1,1,0,GO Biological Processes,19,neuromuscular synaptic transmission,19_GO:0050789 regulation of biological process,-2.3509440794798344,8.972700296735905,4.638168517534608,30238,30,337,3,0.8902077151335311,0.5116688867475617,1960|9873|22953,EGR3|FCHSD2|P2RX2,0.0,0,18,1,1,-2.3509440794798344,8.972700296735905,
1,-2.233268997868346,GO:0033198,M1,1,0,GO Biological Processes,19,response to ATP,19_GO:0050896 response to stimulus,-2.233268997868346,8.157000269759914,4.367068733895901,30238,33,337,3,0.8902077151335311,0.5116688867475617,3553|22953|24145,IL1B|P2RX2|PANX1,0.0,0,18,0,0,-2.3509440794798344,8.972700296735905,
1,-2.3509440794798344,GO:0019934,M1,1,0,GO Biological Processes,19,cGMP-mediated signaling,19_GO:0050896 response to stimulus,-2.3509440794798344,8.972700296735905,4.638168517534608,30238,30,337,3,0.8902077151335311,0.5116688867475617,3358|4878|23394,HTR2C|NPPA|ADNP,0.0,0,19,1,1,-2.3509440794798344,8.972700296735905,
1,-2.161339007689836,GO:0003300,M1,1,0,GO Biological Processes,19,cardiac muscle hypertrophy,19_GO:0032501 multicellular organismal process,-2.161339007689836,7.690885968630776,4.204690688448489,30238,35,337,3,0.8902077151335311,0.5116688867475617,4211|4878|8557,MEIS1|NPPA|TCAP,0.0,0,19,0,0,-2.3509440794798344,8.972700296735905,
1,-2.127100024714751,GO:0014897,M1,1,0,GO Biological Processes,19,striated muscle hypertrophy,19_GO:0032501 multicellular organismal process,-2.127100024714751,7.477250247279922,4.128245526292641,30238,36,337,3,0.8902077151335311,0.5116688867475617,4211|4878|8557,MEIS1|NPPA|TCAP,0.0,0,19,0,0,-2.3509440794798344,8.972700296735905,
1,-2.127100024714751,GO:0043500,M1,1,0,GO Biological Processes,19,muscle adaptation,19_GO:0032501 multicellular organismal process,-2.127100024714751,7.477250247279922,4.128245526292641,30238,36,337,3,0.8902077151335311,0.5116688867475617,3553|4878|8557,IL1B|NPPA|TCAP,0.0,0,19,0,0,-2.3509440794798344,8.972700296735905,
1,-2.061754657978532,GO:0014896,M1,1,0,GO Biological Processes,19,muscle hypertrophy,19_GO:0032501 multicellular organismal process,-2.061754657978532,7.083710760580978,3.983807352761477,30238,38,337,3,0.8902077151335311,0.5116688867475617,4211|4878|8557,MEIS1|NPPA|TCAP,0.0,0,19,0,0,-2.3509440794798344,8.972700296735905,
1,-2.2995094895121215,GO:0030178,M1,1,0,GO Biological Processes,19,negative regulation of Wnt signaling pathway,19_GO:0048519 negative regulation of biological process,-2.2995094895121215,3.3768226923199647,3.451898451615926,30238,186,337,7,2.077151335311573,0.7768928752717353,4878|7088|10459|27120|51339|56033|374946,NPPA|TLE1|MAD2L2|DKKL1|DACT1|BARX1|DRAXIN,0.0,0,20,1,1,-2.2995094895121215,7.083710760580978,
1,-2.1632464394578563,GO:0090090,M1,1,0,GO Biological Processes,19,negative regulation of canonical Wnt signaling pathway,19_GO:0048519 negative regulation of biological process,-2.1632464394578563,3.5890801186943624,3.3747056845377243,30238,150,337,6,1.7804154302670623,0.7203520074286243,4878|7088|10459|27120|51339|374946,NPPA|TLE1|MAD2L2|DKKL1|DACT1|DRAXIN,0.0,0,20,0,0,-2.2995094895121215,7.083710760580978,
1,-2.061754657978532,GO:0046329,M1,1,0,GO Biological Processes,19,negative regulation of JNK cascade,19_GO:0048519 negative regulation of biological process,-2.061754657978532,7.083710760580978,3.983807352761477,30238,38,337,3,0.8902077151335311,0.5116688867475617,4878|51339|51347,NPPA|DACT1|TAOK3,0.0,0,20,0,0,-2.2995094895121215,7.083710760580978,
1,-2.237819220672021,GO:0045766,M1,1,0,GO Biological Processes,19,positive regulation of angiogenesis,19_GO:0032502 developmental process,-2.237819220672021,3.288424192521013,3.368170745057791,30238,191,337,7,2.077151335311573,0.7768928752717353,1545|1990|3553|10298|51378|51738|126259,CYP1B1|CELA1|IL1B|PAK4|ANGPT4|GHRL|TMIGD2,0.0,0,21,1,1,-2.237819220672021,3.288424192521013,
1,-2.1900079291552896,GO:1904018,M1,1,0,GO Biological Processes,19,positive regulation of vasculature development,19_GO:0032502 developmental process,-2.1900079291552896,3.2209693372898127,3.3031604004790935,30238,195,337,7,2.077151335311573,0.7768928752717353,1545|1990|3553|10298|51378|51738|126259,CYP1B1|CELA1|IL1B|PAK4|ANGPT4|GHRL|TMIGD2,0.0,0,21,0,0,-2.237819220672021,3.288424192521013,
1,-2.2202615124112786,GO:1903320,M1,1,0,GO Biological Processes,19,regulation of protein modification by small protein conjugation or removal,19_GO:0050789 regulation of biological process,-2.2202615124112786,2.966181916276332,3.2601767944999516,30238,242,337,8,2.373887240356083,0.8292740799760518,5716|9636|10054|10459|10920|57817|374969|553115,PSMD10|ISG15|UBA2|MAD2L2|COPS8|HAMP|SVBP|PEF1,0.0,0,22,1,1,-2.2202615124112786,2.966181916276332,
1,-2.1686755417955714,GO:1901873,M1,1,0,GO Biological Processes,19,regulation of post-translational protein modification,19_GO:0050789 regulation of biological process,-2.1686755417955714,2.906137747930657,3.1933662355652377,30238,247,337,8,2.373887240356083,0.8292740799760518,5716|9636|10054|10459|10920|57817|374969|553115,PSMD10|ISG15|UBA2|MAD2L2|COPS8|HAMP|SVBP|PEF1,0.0,0,22,0,0,-2.2202615124112786,2.966181916276332,
1,-2.165323489594026,hsa04010,M1,1,0,KEGG Pathway,24,MAPK signaling pathway,,-2.165323489594026,2.6918100890207715,3.1263837863665933,30238,300,337,9,2.6706231454005933,0.8782402261470822,778|784|3553|3925|5623|5801|8550|51347|51378,CACNA1F|CACNB3|IL1B|STMN1|PSPN|PTPRR|MAPKAPK5|TAOK3|ANGPT4,0.0,0,23,1,1,-2.165323489594026,2.6918100890207715,
1,-2.127100024714751,GO:0043534,M1,1,0,GO Biological Processes,19,blood vessel endothelial cell migration,19_GO:0009987 cellular process,-2.127100024714751,7.477250247279922,4.128245526292641,30238,36,337,3,0.8902077151335311,0.5116688867475617,1545|1960|54345,CYP1B1|EGR3|SOX18,0.0,0,24,1,1,-2.127100024714751,7.477250247279922,
1,-2.120726296126225,hsa05202,M1,1,0,KEGG Pathway,24,Transcriptional misregulation in cancer,,-2.120726296126225,3.124820998863251,3.2087327359192375,30238,201,337,7,2.077151335311573,0.7768928752717353,862|3195|4211|7102|7468|8352|30012,RUNX1T1|TLX1|MEIS1|TSPAN7|NSD2|H3C3|TLX3,0.0,0,25,1,1,-2.120726296126225,3.124820998863251,
1,-2.061754657978532,GO:0003009,M1,1,0,GO Biological Processes,19,skeletal muscle contraction,19_GO:0032501 multicellular organismal process,-2.061754657978532,7.083710760580978,3.983807352761477,30238,38,337,3,0.8902077151335311,0.5116688867475617,8557|79784|92241,TCAP|MYH14|RCSD1,0.0,0,26,1,1,-2.061754657978532,7.083710760580978,
1,-2.0244229560734057,GO:1903900,M1,1,0,GO Biological Processes,19,regulation of viral life cycle,19_GO:0016032 viral process,-2.0244229560734057,3.901174042059089,3.3091391993005477,30238,115,337,5,1.4836795252225519,0.6585809931933361,684|9636|10465|81559|282617,BST2|ISG15|PPIH|TRIM11|IFNL3,0.0,0,27,1,1,-2.0244229560734057,3.901174042059089,
1,-2.0113217942406645,GO:0044706,M1,1,0,GO Biological Processes,19,multi-multicellular organism process,19_GO:0032501 multicellular organismal process,-2.0113217942406645,2.976725216926604,3.0589543940249406,30238,211,337,7,2.077151335311573,0.7768928752717353,93|1364|3553|4878|10661|27120|51738,ACVR2B|CLDN4|IL1B|NPPA|KLF1|DKKL1|GHRL,0.0,0,28,1,1,-2.0113217942406645,2.976725216926604,
1,-2.004067907855639,hsa04115,M1,1,0,KEGG Pathway,24,p53 signaling pathway,,-2.004067907855639,4.785440158259149,3.484586049727934,30238,75,337,4,1.1869436201780414,0.5899392084064266,901|56475|64326|143686,CCNG2|RPRM|COP1|SESN3,0.0,0,29,1,1,-2.004067907855639,4.785440158259149,
