Category,CategoryID,GO,Description,PARENT_GO,LogP,Enrichment,Z-score,#TotalGeneInLibrary,#GeneInGO,#GeneInHitList,#GeneInGOAndHitList,%InGO,STDV %InGO,GeneID,Hits,Log(q-value),GeneList
GO Biological Processes,19,GO:0009127,purine nucleoside monophosphate biosynthetic process,19_GO:0009987 cellular process,-5.4,20,9.7,30238,22,337,5,1.5,0.66,159|318|1633|1716|5471,ADSS2|NUDT2|DCK|DGUOK|PPAT,-1.1,hits
GO Biological Processes,19,GO:0009124,nucleoside monophosphate biosynthetic process,19_GO:0009987 cellular process,-5,12,7.9,30238,44,337,6,1.8,0.72,159|318|1633|1716|5471|221823,ADSS2|NUDT2|DCK|DGUOK|PPAT|PRPS1L1,-1.1,hits
GO Biological Processes,19,GO:0099536,synaptic signaling,19_GO:0050789 regulation of biological process,-4.9,3.3,5.4,30238,490,337,18,5.3,1.2,784|794|1129|1813|1960|2564|3358|4878|4885|8927|9177|9607|9873|22953|26059|27445|51738|124925,CACNB3|CALB2|CHRM2|DRD2|EGR3|GABRE|HTR2C|NPPA|NPTX2|BSN|HTR3B|CARTPT|FCHSD2|P2RX2|ERC2|PCLO|GHRL|SEZ6,-1.1,hits
GO Biological Processes,19,GO:0098916,anterograde trans-synaptic signaling,19_GO:0050789 regulation of biological process,-4.5,3.3,5.2,30238,429,337,16,4.7,1.2,784|1129|1813|1960|2564|3358|4885|8927|9177|9607|9873|22953|26059|27445|51738|124925,CACNB3|CHRM2|DRD2|EGR3|GABRE|HTR2C|NPTX2|BSN|HTR3B|CARTPT|FCHSD2|P2RX2|ERC2|PCLO|GHRL|SEZ6,-0.88,hits
GO Biological Processes,19,GO:0007268,chemical synaptic transmission,19_GO:0050789 regulation of biological process,-4.5,3.3,5.2,30238,429,337,16,4.7,1.2,784|1129|1813|1960|2564|3358|4885|8927|9177|9607|9873|22953|26059|27445|51738|124925,CACNB3|CHRM2|DRD2|EGR3|GABRE|HTR2C|NPTX2|BSN|HTR3B|CARTPT|FCHSD2|P2RX2|ERC2|PCLO|GHRL|SEZ6,-0.88,hits
GO Biological Processes,19,GO:0006281,DNA repair,19_GO:0050896 response to stimulus,-4.4,3,5,30238,538,337,18,5.3,1.2,641|2968|3978|7468|8208|9149|9643|10293|10459|23049|25988|51347|55120|55693|56916|79621|84250|116028,BLM|GTF2H4|LIG1|NSD2|CHAF1B|DYRK1B|MORF4L2|TRAIP|MAD2L2|SMG1|HINFP|TAOK3|FANCL|KDM4D|SMARCAD1|RNASEH2B|SLF1|RMI2,-0.88,hits
GO Molecular Functions,21,GO:0098882,structural constituent of presynaptic active zone,,-4.3,38,11,30238,7,337,3,0.89,0.51,8927|26059|27445,BSN|ERC2|PCLO,-0.88,hits
GO Biological Processes,19,GO:0009156,ribonucleoside monophosphate biosynthetic process,19_GO:0009987 cellular process,-4.3,12,7.3,30238,36,337,5,1.5,0.66,159|318|1633|5471|221823,ADSS2|NUDT2|DCK|PPAT|PRPS1L1,-0.88,hits
GO Biological Processes,19,GO:0099537,trans-synaptic signaling,19_GO:0050789 regulation of biological process,-4.3,3.2,5,30238,451,337,16,4.7,1.2,784|1129|1813|1960|2564|3358|4885|8927|9177|9607|9873|22953|26059|27445|51738|124925,CACNB3|CHRM2|DRD2|EGR3|GABRE|HTR2C|NPTX2|BSN|HTR3B|CARTPT|FCHSD2|P2RX2|ERC2|PCLO|GHRL|SEZ6,-0.87,hits
GO Biological Processes,19,GO:0048790,maintenance of presynaptic active zone structure,19_GO:0009987 cellular process,-4.1,34,9.8,30238,8,337,3,0.89,0.51,8927|26059|27445,BSN|ERC2|PCLO,-0.78,hits
GO Biological Processes,19,GO:0009126,purine nucleoside monophosphate metabolic process,19_GO:0009987 cellular process,-3.8,10,6.4,30238,45,337,5,1.5,0.66,159|318|1633|1716|5471,ADSS2|NUDT2|DCK|DGUOK|PPAT,-0.54,hits
GO Biological Processes,19,GO:1990709,presynaptic active zone organization,19_GO:0009987 cellular process,-3.8,27,8.7,30238,10,337,3,0.89,0.51,8927|26059|27445,BSN|ERC2|PCLO,-0.54,hits
GO Cellular Components,20,GO:0030424,axon,,-3.7,2.6,4.3,30238,664,337,19,5.6,1.3,794|1813|1861|2044|3508|3739|4345|7781|8927|9256|9637|10439|23394|26059|27445|51738|57554|79784|84623,CALB2|DRD2|TOR1A|EPHA5|IGHMBP2|KCNA4|CD200|SLC30A3|BSN|TSPOAP1|FEZ2|OLFM1|ADNP|ERC2|PCLO|GHRL|LRRC7|MYH14|KIRREL3,-0.48,hits
GO Biological Processes,19,GO:0000018,regulation of DNA recombination,19_GO:0050789 regulation of biological process,-3.6,4.9,5,30238,146,337,8,2.4,0.83,641|7468|9643|10459|56916|64110|116028|373861,BLM|NSD2|MORF4L2|MAD2L2|SMARCAD1|MAGEF1|RMI2|H1-9P,-0.42,hits
GO Biological Processes,19,GO:0009123,nucleoside monophosphate metabolic process,19_GO:0009987 cellular process,-3.6,6.8,5.5,30238,79,337,6,1.8,0.72,159|318|1633|1716|5471|221823,ADSS2|NUDT2|DCK|DGUOK|PPAT|PRPS1L1,-0.42,hits
GO Biological Processes,19,GO:2000779,regulation of double-strand break repair,19_GO:0050896 response to stimulus,-3.5,4.8,4.9,30238,151,337,8,2.4,0.83,7468|9643|10459|29117|55693|64110|84250|116028,NSD2|MORF4L2|MAD2L2|BRD7|KDM4D|MAGEF1|SLF1|RMI2,-0.39,hits
GO Biological Processes,19,GO:0016925,protein sumoylation,19_GO:0009987 cellular process,-3.5,8.5,5.8,30238,53,337,5,1.5,0.66,10054|83637|84250|115426|391257,UBA2|ZMIZ2|SLF1|UHRF2|SUMO1P1,-0.39,hits
GO Biological Processes,19,GO:0006167,AMP biosynthetic process,19_GO:0009987 cellular process,-3.4,21,7.5,30238,13,337,3,0.89,0.51,159|318|5471,ADSS2|NUDT2|PPAT,-0.35,hits
GO Biological Processes,19,GO:0071900,regulation of protein serine/threonine kinase activity,19_GO:0050789 regulation of biological process,-3.4,5.3,5,30238,119,337,7,2.1,0.78,641|4878|5716|23533|29108|51347|388324,BLM|NPPA|PSMD10|PIK3R5|PYCARD|TAOK3|INCA1,-0.35,hits
GO Biological Processes,19,GO:0045910,negative regulation of DNA recombination,19_GO:0048519 negative regulation of biological process,-3.4,8,5.6,30238,56,337,5,1.5,0.66,641|10459|64110|116028|373861,BLM|MAD2L2|MAGEF1|RMI2|H1-9P,-0.35,hits
GO Cellular Components,20,GO:0098831,presynaptic active zone cytoplasmic component,,-3.3,19,7.2,30238,14,337,3,0.89,0.51,8927|26059|27445,BSN|ERC2|PCLO,-0.33,hits
GO Biological Processes,19,GO:0099509,regulation of presynaptic cytosolic calcium ion concentration,19_GO:0042592 homeostatic process,-3.3,19,7.2,30238,14,337,3,0.89,0.51,794|9256|26059,CALB2|TSPOAP1|ERC2,-0.33,hits
GO Biological Processes,19,GO:0051052,regulation of DNA metabolic process,19_GO:0050789 regulation of biological process,-3.3,2.7,4.1,30238,498,337,15,4.5,1.1,641|7468|8550|9643|10459|23049|29117|55693|56252|56916|64110|84250|116028|150275|373861,BLM|NSD2|MAPKAPK5|MORF4L2|MAD2L2|SMG1|BRD7|KDM4D|YLPM1|SMARCAD1|MAGEF1|SLF1|RMI2|CCDC117|H1-9P,-0.29,hits
GO Biological Processes,19,GO:0009161,ribonucleoside monophosphate metabolic process,19_GO:0009987 cellular process,-3.2,7.4,5.3,30238,61,337,5,1.5,0.66,159|318|1633|5471|221823,ADSS2|NUDT2|DCK|PPAT|PRPS1L1,-0.26,hits
GO Biological Processes,19,GO:0098660,inorganic ion transmembrane transport,19_GO:0051179 localization,-3.2,2.3,3.8,30238,790,337,20,5.9,1.3,778|784|1364|1813|2542|2564|3358|3739|4878|7781|9033|9177|9424|9772|10089|22953|24145|26504|55630|57817,CACNA1F|CACNB3|CLDN4|DRD2|SLC37A4|GABRE|HTR2C|KCNA4|NPPA|SLC30A3|PKD2L1|HTR3B|KCNK6|TMEM94|KCNK7|P2RX2|PANX1|CNNM4|SLC39A4|HAMP,-0.25,hits
GO Cellular Components,20,GO:0005882,intermediate filament,,-3.1,3.7,4.3,30238,217,337,9,2.7,0.88,631|337963|337977|337979|386681|386682|386684|387266|440023,BFSP1|KRTAP23-1|KRTAP21-1|KRTAP22-1|KRTAP10-8|KRTAP10-3|KRTAP12-4|KRTAP5-3|KRTAP5-6,-0.17,hits
GO Biological Processes,19,GO:0030575,nuclear body organization,19_GO:0009987 cellular process,-3,15,6.3,30238,18,337,3,0.89,0.51,11189|26135|391257,CELF3|SERBP1|SUMO1P1,-0.1,hits
GO Biological Processes,19,GO:0006259,DNA metabolic process,19_GO:0009987 cellular process,-3,2.2,3.7,30238,762,337,19,5.6,1.3,641|1773|2968|3978|7468|8208|9149|9643|10293|10459|23049|25988|51347|55120|55693|56916|79621|84250|116028,BLM|DNASE1|GTF2H4|LIG1|NSD2|CHAF1B|DYRK1B|MORF4L2|TRAIP|MAD2L2|SMG1|HINFP|TAOK3|FANCL|KDM4D|SMARCAD1|RNASEH2B|SLF1|RMI2,-0.1,hits
GO Biological Processes,19,GO:0031399,regulation of protein modification process,19_GO:0050789 regulation of biological process,-3,2.4,3.7,30238,645,337,17,5,1.2,641|3642|4878|5716|9636|10054|10459|10920|23533|29108|51347|51378|55693|57817|374969|388324|553115,BLM|INSM1|NPPA|PSMD10|ISG15|UBA2|MAD2L2|COPS8|PIK3R5|PYCARD|TAOK3|ANGPT4|KDM4D|HAMP|SVBP|INCA1|PEF1,-0.1,hits
GO Biological Processes,19,GO:0060079,excitatory postsynaptic potential,19_GO:0032501 multicellular organismal process,-3,6.4,4.8,30238,70,337,5,1.5,0.66,1813|9177|22953|51738|124925,DRD2|HTR3B|P2RX2|GHRL|SEZ6,-0.09,hits
GO Molecular Functions,21,GO:0022842,narrow pore channel activity,,-2.9,14,6.1,30238,19,337,3,0.89,0.51,9424|10089|24145,KCNK6|KCNK7|PANX1,-0.09,hits
GO Molecular Functions,21,GO:0022840,leak channel activity,,-2.9,14,6.1,30238,19,337,3,0.89,0.51,9424|10089|24145,KCNK6|KCNK7|PANX1,-0.09,hits
GO Biological Processes,19,GO:0009168,purine ribonucleoside monophosphate biosynthetic process,19_GO:0009987 cellular process,-2.9,13,5.9,30238,20,337,3,0.89,0.51,159|318|5471,ADSS2|NUDT2|PPAT,-0.037,hits
GO Biological Processes,19,GO:0006282,regulation of DNA repair,19_GO:0050896 response to stimulus,-2.8,3.4,3.9,30238,237,337,9,2.7,0.88,7468|9643|10459|29117|55693|64110|84250|116028|150275,NSD2|MORF4L2|MAD2L2|BRD7|KDM4D|MAGEF1|SLF1|RMI2|CCDC117,-0.037,hits
GO Biological Processes,19,GO:0001932,regulation of protein phosphorylation,19_GO:0050789 regulation of biological process,-2.8,2.8,3.7,30238,387,337,12,3.6,1,641|3642|4878|5716|10459|10920|23533|29108|51347|51378|55693|388324,BLM|INSM1|NPPA|PSMD10|MAD2L2|COPS8|PIK3R5|PYCARD|TAOK3|ANGPT4|KDM4D|INCA1,-0.037,hits
GO Biological Processes,19,GO:0080135,regulation of cellular response to stress,19_GO:0050896 response to stimulus,-2.8,2.4,3.6,30238,552,337,15,4.5,1.1,1813|5716|7468|9643|10459|10516|29117|51347|54583|55693|64110|79621|84250|116028|150275,DRD2|PSMD10|NSD2|MORF4L2|MAD2L2|FBLN5|BRD7|TAOK3|EGLN1|KDM4D|MAGEF1|RNASEH2B|SLF1|RMI2|CCDC117,-0.037,hits
GO Biological Processes,19,GO:0104004,cellular response to environmental stimulus,19_GO:0050896 response to stimulus,-2.8,2.9,3.8,30238,339,337,11,3.3,0.97,159|641|838|3553|4878|9033|29108|55693|92241|94241|126006,ADSS2|BLM|CASP5|IL1B|NPPA|PKD2L1|PYCARD|KDM4D|RCSD1|TP53INP1|PCP2,-0.033,hits
GO Biological Processes,19,GO:0071214,cellular response to abiotic stimulus,19_GO:0050896 response to stimulus,-2.8,2.9,3.8,30238,339,337,11,3.3,0.97,159|641|838|3553|4878|9033|29108|55693|92241|94241|126006,ADSS2|BLM|CASP5|IL1B|NPPA|PKD2L1|PYCARD|KDM4D|RCSD1|TP53INP1|PCP2,-0.033,hits
GO Biological Processes,19,GO:0030072,peptide hormone secretion,19_GO:0051179 localization,-2.8,5.9,4.5,30238,76,337,5,1.5,0.66,93|6927|9607|27445|51738,ACVR2B|HNF1A|CARTPT|PCLO|GHRL,-0.033,hits
GO Biological Processes,19,GO:0099565,"chemical synaptic transmission, postsynaptic",19_GO:0032501 multicellular organismal process,-2.7,5.8,4.5,30238,78,337,5,1.5,0.66,1813|9177|22953|51738|124925,DRD2|HTR3B|P2RX2|GHRL|SEZ6,0,hits
GO Biological Processes,19,GO:0046033,AMP metabolic process,19_GO:0009987 cellular process,-2.7,12,5.5,30238,23,337,3,0.89,0.51,159|318|5471,ADSS2|NUDT2|PPAT,0,hits
GO Cellular Components,20,GO:0045111,intermediate filament cytoskeleton,,-2.7,3.2,3.8,30238,250,337,9,2.7,0.88,631|337963|337977|337979|386681|386682|386684|387266|440023,BFSP1|KRTAP23-1|KRTAP21-1|KRTAP22-1|KRTAP10-8|KRTAP10-3|KRTAP12-4|KRTAP5-3|KRTAP5-6,0,hits
GO Biological Processes,19,GO:0002790,peptide secretion,19_GO:0051179 localization,-2.7,5.5,4.3,30238,81,337,5,1.5,0.66,93|6927|9607|27445|51738,ACVR2B|HNF1A|CARTPT|PCLO|GHRL,0,hits
GO Molecular Functions,21,GO:0050431,transforming growth factor beta binding,,-2.6,11,5.3,30238,24,337,3,0.89,0.51,114990|375387|100507588,VASN|NRROS|TGFBR3L,0,hits
GO Biological Processes,19,GO:0098662,inorganic cation transmembrane transport,19_GO:0051179 localization,-2.6,2.2,3.4,30238,698,337,17,5,1.2,778|784|1813|3358|3739|4878|7781|9033|9177|9424|9772|10089|22953|24145|26504|55630|57817,CACNA1F|CACNB3|DRD2|HTR2C|KCNA4|NPPA|SLC30A3|PKD2L1|HTR3B|KCNK6|TMEM94|KCNK7|P2RX2|PANX1|CNNM4|SLC39A4|HAMP,0,hits
GO Cellular Components,20,GO:0045177,apical part of cell,,-2.6,2.4,3.4,30238,526,337,14,4.2,1.1,684|762|1364|4878|7380|22953|23539|54566|55630|79784|92359|114569|151056|374969,BST2|CA4|CLDN4|NPPA|UPK3A|P2RX2|SLC16A8|EPB41L4B|SLC39A4|MYH14|CRB3|MAL2|PLB1|SVBP,0,hits
GO Biological Processes,19,GO:0019220,regulation of phosphate metabolic process,19_GO:0050789 regulation of biological process,-2.6,2.3,3.4,30238,586,337,15,4.5,1.1,341|641|1813|3358|3642|4878|5716|10459|10920|23533|29108|51347|51378|55693|388324,APOC1|BLM|DRD2|HTR2C|INSM1|NPPA|PSMD10|MAD2L2|COPS8|PIK3R5|PYCARD|TAOK3|ANGPT4|KDM4D|INCA1,0,hits
GO Biological Processes,19,GO:0032098,regulation of appetite,19_GO:0050896 response to stimulus,-2.6,11,5.2,30238,25,337,3,0.89,0.51,3358|9607|51738,HTR2C|CARTPT|GHRL,0,hits
GO Biological Processes,19,GO:0051174,regulation of phosphorus metabolic process,19_GO:0050789 regulation of biological process,-2.6,2.3,3.4,30238,587,337,15,4.5,1.1,341|641|1813|3358|3642|4878|5716|10459|10920|23533|29108|51347|51378|55693|388324,APOC1|BLM|DRD2|HTR2C|INSM1|NPPA|PSMD10|MAD2L2|COPS8|PIK3R5|PYCARD|TAOK3|ANGPT4|KDM4D|INCA1,0,hits
GO Molecular Functions,21,GO:0022836,gated channel activity,,-2.5,2.8,3.5,30238,316,337,10,3,0.92,778|784|2564|3739|9033|9177|9256|9424|10089|22953,CACNA1F|CACNB3|GABRE|KCNA4|PKD2L1|HTR3B|TSPOAP1|KCNK6|KCNK7|P2RX2,0,hits
KEGG Pathway,24,hsa00230,Purine metabolism,,-2.5,4.2,3.9,30238,128,337,6,1.8,0.72,159|318|1633|1716|5471|221823,ADSS2|NUDT2|DCK|DGUOK|PPAT|PRPS1L1,0,hits
GO Cellular Components,20,GO:0043025,neuronal cell body,,-2.5,2.4,3.3,30238,486,337,13,3.9,1,778|1813|2044|4345|4878|8507|10439|22953|23394|29108|55110|65109|124925,CACNA1F|DRD2|EPHA5|CD200|NPPA|ENC1|OLFM1|P2RX2|ADNP|PYCARD|MAGOHB|UPF3B|SEZ6,0,hits
GO Biological Processes,19,GO:0042325,regulation of phosphorylation,19_GO:0050789 regulation of biological process,-2.5,2.5,3.3,30238,431,337,12,3.6,1,641|3642|4878|5716|10459|10920|23533|29108|51347|51378|55693|388324,BLM|INSM1|NPPA|PSMD10|MAD2L2|COPS8|PIK3R5|PYCARD|TAOK3|ANGPT4|KDM4D|INCA1,0,hits
GO Biological Processes,19,GO:0030001,metal ion transport,19_GO:0051179 localization,-2.4,2.2,3.2,30238,667,337,16,4.7,1.2,778|784|1813|3358|3739|4878|7781|9033|9424|9772|10089|22953|24145|26504|55630|57817,CACNA1F|CACNB3|DRD2|HTR2C|KCNA4|NPPA|SLC30A3|PKD2L1|KCNK6|TMEM94|KCNK7|P2RX2|PANX1|CNNM4|SLC39A4|HAMP,0,hits
GO Biological Processes,19,GO:0030003,intracellular monoatomic cation homeostasis,19_GO:0042592 homeostatic process,-2.4,2.5,3.3,30238,433,337,12,3.6,1,93|794|1813|3358|8804|9256|9772|26059|26504|54583|55630|57817,ACVR2B|CALB2|DRD2|HTR2C|CREG1|TSPOAP1|TMEM94|ERC2|CNNM4|EGLN1|SLC39A4|HAMP,0,hits
GO Biological Processes,19,GO:0007416,synapse assembly,19_GO:0032502 developmental process,-2.4,4,3.7,30238,133,337,6,1.8,0.72,1813|2564|8927|27445|51738|84623,DRD2|GABRE|BSN|PCLO|GHRL|KIRREL3,0,hits
GO Biological Processes,19,GO:0141188,nucleic acid catabolic process,19_GO:0009987 cellular process,-2.4,3.2,3.5,30238,225,337,8,2.4,0.83,1773|9567|11340|23049|23658|55110|65109|79621,DNASE1|GTPBP1|EXOSC8|SMG1|LSM5|MAGOHB|UPF3B|RNASEH2B,0,hits
GO Biological Processes,19,GO:2001032,regulation of double-strand break repair via nonhomologous end joining,19_GO:0050896 response to stimulus,-2.4,9.3,4.7,30238,29,337,3,0.89,0.51,7468|10459|55693,NSD2|MAD2L2|KDM4D,0,hits
GO Molecular Functions,21,GO:0098918,structural constituent of synapse,,-2.4,9.3,4.7,30238,29,337,3,0.89,0.51,8927|26059|27445,BSN|ERC2|PCLO,0,hits
GO Cellular Components,20,GO:0099738,cell cortex region,,-2.4,9.3,4.7,30238,29,337,3,0.89,0.51,8927|26059|27445,BSN|ERC2|PCLO,0,hits
GO Biological Processes,19,GO:0006873,intracellular monoatomic ion homeostasis,19_GO:0042592 homeostatic process,-2.4,2.4,3.2,30238,442,337,12,3.6,1,93|794|1813|3358|8804|9256|9772|26059|26504|54583|55630|57817,ACVR2B|CALB2|DRD2|HTR2C|CREG1|TSPOAP1|TMEM94|ERC2|CNNM4|EGLN1|SLC39A4|HAMP,0,hits
GO Molecular Functions,21,GO:0005216,monoatomic ion channel activity,,-2.4,2.4,3.2,30238,443,337,12,3.6,1,778|784|1364|2564|3739|9033|9177|9256|9424|10089|22953|24145,CACNA1F|CACNB3|CLDN4|GABRE|KCNA4|PKD2L1|HTR3B|TSPOAP1|KCNK6|KCNK7|P2RX2|PANX1,0,hits
GO Biological Processes,19,GO:2000042,negative regulation of double-strand break repair via homologous recombination,19_GO:0048519 negative regulation of biological process,-2.4,9,4.6,30238,30,337,3,0.89,0.51,10459|64110|116028,MAD2L2|MAGEF1|RMI2,0,hits
GO Biological Processes,19,GO:0007274,neuromuscular synaptic transmission,19_GO:0050789 regulation of biological process,-2.4,9,4.6,30238,30,337,3,0.89,0.51,1960|9873|22953,EGR3|FCHSD2|P2RX2,0,hits
GO Biological Processes,19,GO:0019934,cGMP-mediated signaling,19_GO:0050896 response to stimulus,-2.4,9,4.6,30238,30,337,3,0.89,0.51,3358|4878|23394,HTR2C|NPPA|ADNP,0,hits
GO Biological Processes,19,GO:0006164,purine nucleotide biosynthetic process,19_GO:0009987 cellular process,-2.3,3.4,3.5,30238,183,337,7,2.1,0.78,159|318|1633|1716|4878|5471|221823,ADSS2|NUDT2|DCK|DGUOK|NPPA|PPAT|PRPS1L1,0,hits
GO Biological Processes,19,GO:0098771,inorganic ion homeostasis,19_GO:0042592 homeostatic process,-2.3,2.4,3.2,30238,446,337,12,3.6,1,93|794|1813|3358|7380|9256|9772|26059|26504|54583|55630|57817,ACVR2B|CALB2|DRD2|HTR2C|UPK3A|TSPOAP1|TMEM94|ERC2|CNNM4|EGLN1|SLC39A4|HAMP,0,hits
GO Molecular Functions,21,GO:0030594,neurotransmitter receptor activity,,-2.3,4.6,3.8,30238,97,337,5,1.5,0.66,1129|1813|2564|3358|9177,CHRM2|DRD2|GABRE|HTR2C|HTR3B,0,hits
GO Biological Processes,19,GO:0046879,hormone secretion,19_GO:0051179 localization,-2.3,4.6,3.8,30238,97,337,5,1.5,0.66,93|6927|9607|27445|51738,ACVR2B|HNF1A|CARTPT|PCLO|GHRL,0,hits
GO Molecular Functions,21,GO:0046873,metal ion transmembrane transporter activity,,-2.3,2.4,3.2,30238,447,337,12,3.6,1,778|784|3739|7781|9033|9256|9424|9772|10089|24145|26504|55630,CACNA1F|CACNB3|KCNA4|SLC30A3|PKD2L1|TSPOAP1|KCNK6|TMEM94|KCNK7|PANX1|CNNM4|SLC39A4,0,hits
GO Molecular Functions,21,GO:0005261,monoatomic cation channel activity,,-2.3,2.7,3.3,30238,337,337,10,3,0.92,778|784|3739|9033|9177|9256|9424|10089|22953|24145,CACNA1F|CACNB3|KCNA4|PKD2L1|HTR3B|TSPOAP1|KCNK6|KCNK7|P2RX2|PANX1,0,hits
GO Cellular Components,20,GO:0030425,dendrite,,-2.3,2.1,3.1,30238,627,337,15,4.5,1.1,794|1129|1813|2044|2046|2564|3358|3739|8927|11130|23394|55450|58498|84623|124925,CALB2|CHRM2|DRD2|EPHA5|EPHA8|GABRE|HTR2C|KCNA4|BSN|ZWINT|ADNP|CAMK2N1|MYL7|KIRREL3|SEZ6,0,hits
GO Biological Processes,19,GO:0099558,maintenance of synapse structure,19_GO:0009987 cellular process,-2.3,8.7,4.5,30238,31,337,3,0.89,0.51,8927|26059|27445,BSN|ERC2|PCLO,0,hits
GO Biological Processes,19,GO:0045859,regulation of protein kinase activity,19_GO:0050789 regulation of biological process,-2.3,3.1,3.4,30238,234,337,8,2.4,0.83,641|4878|5716|10920|23533|29108|51347|388324,BLM|NPPA|PSMD10|COPS8|PIK3R5|PYCARD|TAOK3|INCA1,0,hits
GO Biological Processes,19,GO:0030178,negative regulation of Wnt signaling pathway,19_GO:0048519 negative regulation of biological process,-2.3,3.4,3.5,30238,186,337,7,2.1,0.78,4878|7088|10459|27120|51339|56033|374946,NPPA|TLE1|MAD2L2|DKKL1|DACT1|BARX1|DRAXIN,0,hits
GO Cellular Components,20,GO:0097447,dendritic tree,,-2.3,2.1,3.1,30238,629,337,15,4.5,1.1,794|1129|1813|2044|2046|2564|3358|3739|8927|11130|23394|55450|58498|84623|124925,CALB2|CHRM2|DRD2|EPHA5|EPHA8|GABRE|HTR2C|KCNA4|BSN|ZWINT|ADNP|CAMK2N1|MYL7|KIRREL3|SEZ6,0,hits
GO Molecular Functions,21,GO:0022843,voltage-gated monoatomic cation channel activity,,-2.3,3.8,3.5,30238,142,337,6,1.8,0.72,778|784|3739|9256|9424|10089,CACNA1F|CACNB3|KCNA4|TSPOAP1|KCNK6|KCNK7,0,hits
GO Biological Processes,19,GO:2000781,positive regulation of double-strand break repair,19_GO:0048518 positive regulation of biological process,-2.3,4.5,3.7,30238,100,337,5,1.5,0.66,9643|10459|29117|55693|84250,MORF4L2|MAD2L2|BRD7|KDM4D|SLF1,0,hits
GO Biological Processes,19,GO:0045739,positive regulation of DNA repair,19_GO:0048518 positive regulation of biological process,-2.3,3.8,3.5,30238,143,337,6,1.8,0.72,9643|10459|29117|55693|84250|150275,MORF4L2|MAD2L2|BRD7|KDM4D|SLF1|CCDC117,0,hits
GO Biological Processes,19,GO:0055080,monoatomic cation homeostasis,19_GO:0042592 homeostatic process,-2.3,2.3,3.1,30238,515,337,13,3.9,1,93|794|1813|3358|7380|8804|9256|9772|26059|26504|54583|55630|57817,ACVR2B|CALB2|DRD2|HTR2C|UPK3A|CREG1|TSPOAP1|TMEM94|ERC2|CNNM4|EGLN1|SLC39A4|HAMP,0,hits
GO Molecular Functions,21,GO:0015075,monoatomic ion transmembrane transporter activity,,-2.2,2,3,30238,763,337,17,5,1.2,778|784|1364|2564|3739|3927|7781|9033|9177|9256|9424|9772|10089|22953|24145|26504|55630,CACNA1F|CACNB3|CLDN4|GABRE|KCNA4|LASP1|SLC30A3|PKD2L1|HTR3B|TSPOAP1|KCNK6|TMEM94|KCNK7|P2RX2|PANX1|CNNM4|SLC39A4,0,hits
GO Biological Processes,19,GO:0045766,positive regulation of angiogenesis,19_GO:0032502 developmental process,-2.2,3.3,3.4,30238,191,337,7,2.1,0.78,1545|1990|3553|10298|51378|51738|126259,CYP1B1|CELA1|IL1B|PAK4|ANGPT4|GHRL|TMIGD2,0,hits
GO Biological Processes,19,GO:0000079,regulation of cyclin-dependent protein serine/threonine kinase activity,19_GO:0050789 regulation of biological process,-2.2,8.2,4.4,30238,33,337,3,0.89,0.51,641|5716|388324,BLM|PSMD10|INCA1,0,hits
GO Biological Processes,19,GO:0033198,response to ATP,19_GO:0050896 response to stimulus,-2.2,8.2,4.4,30238,33,337,3,0.89,0.51,3553|22953|24145,IL1B|P2RX2|PANX1,0,hits
GO Biological Processes,19,GO:1903320,regulation of protein modification by small protein conjugation or removal,19_GO:0050789 regulation of biological process,-2.2,3,3.3,30238,242,337,8,2.4,0.83,5716|9636|10054|10459|10920|57817|374969|553115,PSMD10|ISG15|UBA2|MAD2L2|COPS8|HAMP|SVBP|PEF1,0,hits
GO Biological Processes,19,GO:0033044,regulation of chromosome organization,19_GO:0050789 regulation of biological process,-2.2,2.9,3.2,30238,244,337,8,2.4,0.83,8550|10459|11130|23049|29117|56252|84250|116028,MAPKAPK5|MAD2L2|ZWINT|SMG1|BRD7|YLPM1|SLF1|RMI2,0,hits
GO Biological Processes,19,GO:0040018,positive regulation of multicellular organism growth,19_GO:0040007 growth,-2.2,7.9,4.3,30238,34,337,3,0.89,0.51,1813|5830|51738,DRD2|PEX5|GHRL,0,hits
GO Biological Processes,19,GO:1904018,positive regulation of vasculature development,19_GO:0032502 developmental process,-2.2,3.2,3.3,30238,195,337,7,2.1,0.78,1545|1990|3553|10298|51378|51738|126259,CYP1B1|CELA1|IL1B|PAK4|ANGPT4|GHRL|TMIGD2,0,hits
GO Biological Processes,19,GO:0032446,protein modification by small protein conjugation,19_GO:0009987 cellular process,-2.2,2,2.9,30238,710,337,16,4.7,1.2,5830|8507|9636|10054|10293|10920|55120|64110|64326|79872|81559|83637|84250|115426|143678|391257,PEX5|ENC1|ISG15|UBA2|TRAIP|COPS8|FANCL|MAGEF1|COP1|CBLL1|TRIM11|ZMIZ2|SLF1|UHRF2|FREY1|SUMO1P1,0,hits
GO Biological Processes,19,GO:0050801,monoatomic ion homeostasis,19_GO:0042592 homeostatic process,-2.2,2.2,3,30238,526,337,13,3.9,1,93|794|1813|3358|7380|8804|9256|9772|26059|26504|54583|55630|57817,ACVR2B|CALB2|DRD2|HTR2C|UPK3A|CREG1|TSPOAP1|TMEM94|ERC2|CNNM4|EGLN1|SLC39A4|HAMP,0,hits
GO Biological Processes,19,GO:0098655,monoatomic cation transmembrane transport,19_GO:0051179 localization,-2.2,2,2.9,30238,713,337,16,4.7,1.2,778|784|1813|3358|3739|4878|7781|9033|9424|9772|10089|22953|24145|26504|55630|57817,CACNA1F|CACNB3|DRD2|HTR2C|KCNA4|NPPA|SLC30A3|PKD2L1|KCNK6|TMEM94|KCNK7|P2RX2|PANX1|CNNM4|SLC39A4|HAMP,0,hits
GO Biological Processes,19,GO:0015833,peptide transport,19_GO:0051179 localization,-2.2,4.2,3.5,30238,106,337,5,1.5,0.66,93|6927|9607|27445|51738,ACVR2B|HNF1A|CARTPT|PCLO|GHRL,0,hits
GO Biological Processes,19,GO:1901873,regulation of post-translational protein modification,19_GO:0050789 regulation of biological process,-2.2,2.9,3.2,30238,247,337,8,2.4,0.83,5716|9636|10054|10459|10920|57817|374969|553115,PSMD10|ISG15|UBA2|MAD2L2|COPS8|HAMP|SVBP|PEF1,0,hits
KEGG Pathway,24,hsa04010,MAPK signaling pathway,,-2.2,2.7,3.1,30238,300,337,9,2.7,0.88,778|784|3553|3925|5623|5801|8550|51347|51378,CACNA1F|CACNB3|IL1B|STMN1|PSPN|PTPRR|MAPKAPK5|TAOK3|ANGPT4,0,hits
GO Biological Processes,19,GO:0090090,negative regulation of canonical Wnt signaling pathway,19_GO:0048519 negative regulation of biological process,-2.2,3.6,3.4,30238,150,337,6,1.8,0.72,4878|7088|10459|27120|51339|374946,NPPA|TLE1|MAD2L2|DKKL1|DACT1|DRAXIN,0,hits
GO Biological Processes,19,GO:0003300,cardiac muscle hypertrophy,19_GO:0032501 multicellular organismal process,-2.2,7.7,4.2,30238,35,337,3,0.89,0.51,4211|4878|8557,MEIS1|NPPA|TCAP,0,hits
GO Biological Processes,19,GO:0071901,negative regulation of protein serine/threonine kinase activity,19_GO:0048519 negative regulation of biological process,-2.2,7.7,4.2,30238,35,337,3,0.89,0.51,4878|29108|388324,NPPA|PYCARD|INCA1,0,hits
GO Cellular Components,20,GO:0098794,postsynapse,,-2.2,2,2.9,30238,780,337,17,5,1.2,1129|1813|2564|3739|3927|8927|9177|22953|23229|27445|51738|54583|55450|57554|58498|124925|146395,CHRM2|DRD2|GABRE|KCNA4|LASP1|BSN|HTR3B|P2RX2|ARHGEF9|PCLO|GHRL|EGLN1|CAMK2N1|LRRC7|MYL7|SEZ6|GSG1L,0,hits
GO Biological Processes,19,GO:0055082,intracellular chemical homeostasis,19_GO:0042592 homeostatic process,-2.1,2.1,2.9,30238,592,337,14,4.2,1.1,93|794|1813|3358|8804|9256|9607|9772|23394|26059|26504|54583|55630|57817,ACVR2B|CALB2|DRD2|HTR2C|CREG1|TSPOAP1|CARTPT|TMEM94|ADNP|ERC2|CNNM4|EGLN1|SLC39A4|HAMP,0,hits
KEGG Pathway,24,hsa04082,Neuroactive ligand signaling,,-2.1,3.2,3.2,30238,199,337,7,2.1,0.78,1129|1813|2564|2918|3358|9177|22953,CHRM2|DRD2|GABRE|GRM8|HTR2C|HTR3B|P2RX2,0,hits
GO Biological Processes,19,GO:0051338,regulation of transferase activity,19_GO:0065007 biological regulation,-2.1,2.7,3.1,30238,304,337,9,2.7,0.88,641|4878|5716|10459|10920|23533|29108|51347|388324,BLM|NPPA|PSMD10|MAD2L2|COPS8|PIK3R5|PYCARD|TAOK3|INCA1,0,hits
GO Biological Processes,19,GO:0043500,muscle adaptation,19_GO:0032501 multicellular organismal process,-2.1,7.5,4.1,30238,36,337,3,0.89,0.51,3553|4878|8557,IL1B|NPPA|TCAP,0,hits
GO Biological Processes,19,GO:0014897,striated muscle hypertrophy,19_GO:0032501 multicellular organismal process,-2.1,7.5,4.1,30238,36,337,3,0.89,0.51,4211|4878|8557,MEIS1|NPPA|TCAP,0,hits
GO Biological Processes,19,GO:0043534,blood vessel endothelial cell migration,19_GO:0009987 cellular process,-2.1,7.5,4.1,30238,36,337,3,0.89,0.51,1545|1960|54345,CYP1B1|EGR3|SOX18,0,hits
GO Biological Processes,19,GO:0006401,RNA catabolic process,19_GO:0009987 cellular process,-2.1,3.1,3.2,30238,201,337,7,2.1,0.78,9567|11340|23049|23658|55110|65109|79621,GTPBP1|EXOSC8|SMG1|LSM5|MAGOHB|UPF3B|RNASEH2B,0,hits
KEGG Pathway,24,hsa05202,Transcriptional misregulation in cancer,,-2.1,3.1,3.2,30238,201,337,7,2.1,0.78,862|3195|4211|7102|7468|8352|30012,RUNX1T1|TLX1|MEIS1|TSPAN7|NSD2|H3C3|TLX3,0,hits
GO Biological Processes,19,GO:0009914,hormone transport,19_GO:0051179 localization,-2.1,4.1,3.5,30238,109,337,5,1.5,0.66,93|6927|9607|27445|51738,ACVR2B|HNF1A|CARTPT|PCLO|GHRL,0,hits
GO Biological Processes,19,GO:0042886,amide transport,19_GO:0051179 localization,-2.1,3.5,3.3,30238,154,337,6,1.8,0.72,93|6927|7380|9607|27445|51738,ACVR2B|HNF1A|UPK3A|CARTPT|PCLO|GHRL,0,hits
GO Biological Processes,19,GO:0046888,negative regulation of hormone secretion,19_GO:0051179 localization,-2.1,5.1,3.7,30238,70,337,4,1.2,0.59,1813|3553|9607|51738,DRD2|IL1B|CARTPT|GHRL,0,hits
GO Biological Processes,19,GO:0060078,regulation of postsynaptic membrane potential,19_GO:0065007 biological regulation,-2.1,4.1,3.4,30238,110,337,5,1.5,0.66,1813|9177|22953|51738|124925,DRD2|HTR3B|P2RX2|GHRL|SEZ6,0,hits
GO Cellular Components,20,GO:0030863,cortical cytoskeleton,,-2.1,4,3.4,30238,111,337,5,1.5,0.66,794|3927|8927|27445|55915,CALB2|LASP1|BSN|PCLO|LANCL2,0,hits
GO Biological Processes,19,GO:0043549,regulation of kinase activity,19_GO:0050789 regulation of biological process,-2.1,2.8,3.1,30238,256,337,8,2.4,0.83,641|4878|5716|10920|23533|29108|51347|388324,BLM|NPPA|PSMD10|COPS8|PIK3R5|PYCARD|TAOK3|INCA1,0,hits
GO Biological Processes,19,GO:0018205,peptidyl-lysine modification,19_GO:0009987 cellular process,-2.1,4,3.4,30238,112,337,5,1.5,0.66,10054|83637|84250|115426|391257,UBA2|ZMIZ2|SLF1|UHRF2|SUMO1P1,0,hits
GO Biological Processes,19,GO:0003009,skeletal muscle contraction,19_GO:0032501 multicellular organismal process,-2.1,7.1,4,30238,38,337,3,0.89,0.51,8557|79784|92241,TCAP|MYH14|RCSD1,0,hits
GO Biological Processes,19,GO:0000184,"nuclear-transcribed mRNA catabolic process, nonsense-mediated decay",19_GO:0048519 negative regulation of biological process,-2.1,7.1,4,30238,38,337,3,0.89,0.51,23049|55110|65109,SMG1|MAGOHB|UPF3B,0,hits
GO Biological Processes,19,GO:0046329,negative regulation of JNK cascade,19_GO:0048519 negative regulation of biological process,-2.1,7.1,4,30238,38,337,3,0.89,0.51,4878|51339|51347,NPPA|DACT1|TAOK3,0,hits
GO Biological Processes,19,GO:0014896,muscle hypertrophy,19_GO:0032501 multicellular organismal process,-2.1,7.1,4,30238,38,337,3,0.89,0.51,4211|4878|8557,MEIS1|NPPA|TCAP,0,hits
GO Biological Processes,19,GO:0050808,synapse organization,19_GO:0009987 cellular process,-2,2.4,2.9,30238,371,337,10,3,0.92,1813|2564|8927|22953|26059|27445|51738|84623|124925|146395,DRD2|GABRE|BSN|P2RX2|ERC2|PCLO|GHRL|KIRREL3|SEZ6|GSG1L,0,hits
GO Biological Processes,19,GO:1903900,regulation of viral life cycle,19_GO:0016032 viral process,-2,3.9,3.3,30238,115,337,5,1.5,0.66,684|9636|10465|81559|282617,BST2|ISG15|PPIH|TRIM11|IFNL3,0,hits
GO Cellular Components,20,GO:0044297,cell body,,-2,2.1,2.8,30238,552,337,13,3.9,1,778|1813|2044|4345|4878|8507|10439|22953|23394|29108|55110|65109|124925,CACNA1F|DRD2|EPHA5|CD200|NPPA|ENC1|OLFM1|P2RX2|ADNP|PYCARD|MAGOHB|UPF3B|SEZ6,0,hits
GO Biological Processes,19,GO:0044706,multi-multicellular organism process,19_GO:0032501 multicellular organismal process,-2,3,3.1,30238,211,337,7,2.1,0.78,93|1364|3553|4878|10661|27120|51738,ACVR2B|CLDN4|IL1B|NPPA|KLF1|DKKL1|GHRL,0,hits
GO Cellular Components,20,GO:0098982,GABA-ergic synapse,,-2,3.9,3.3,30238,116,337,5,1.5,0.66,1813|8927|23229|26059|27445,DRD2|BSN|ARHGEF9|ERC2|PCLO,0,hits
GO Biological Processes,19,GO:0031016,pancreas development,19_GO:0032502 developmental process,-2,4.8,3.5,30238,75,337,4,1.2,0.59,93|1990|3642|6927,ACVR2B|CELA1|INSM1|HNF1A,0,hits
KEGG Pathway,24,hsa04115,p53 signaling pathway,,-2,4.8,3.5,30238,75,337,4,1.2,0.59,901|56475|64326|143686,CCNG2|RPRM|COP1|SESN3,0,hits
