_MEMBER_hits,_LogP_hits,GO,Description,_PATTERN_,_RANK_,GiniIndex
1,-4.3,GO:0098882,structural constituent of presynaptic active zone,M1,1,0
1,-2.9,GO:0009168,purine ribonucleoside monophosphate biosynthetic process,M1,1,0
1,-2.4,GO:0099738,cell cortex region,M1,1,0
1,-2.1,hsa04082,Neuroactive ligand signaling,M1,1,0
1,-4.9,GO:0099536,synaptic signaling,M1,1,0
1,-2,hsa04115,p53 signaling pathway,M1,1,0
1,-2.3,GO:0055080,monoatomic cation homeostasis,M1,1,0
1,-3.8,GO:0009126,purine nucleoside monophosphate metabolic process,M1,1,0
1,-3.3,GO:0051052,regulation of DNA metabolic process,M1,1,0
1,-2.9,GO:0022842,narrow pore channel activity,M1,1,0
1,-2,GO:1903900,regulation of viral life cycle,M1,1,0
1,-2.4,GO:0005216,monoatomic ion channel activity,M1,1,0
1,-3.4,GO:0006167,AMP biosynthetic process,M1,1,0
1,-3.3,GO:0099509,regulation of presynaptic cytosolic calcium ion concentration,M1,1,0
1,-2.1,GO:0060078,regulation of postsynaptic membrane potential,M1,1,0
1,-2.4,GO:0007416,synapse assembly,M1,1,0
1,-2.4,GO:0141188,nucleic acid catabolic process,M1,1,0
1,-2.1,GO:0003009,skeletal muscle contraction,M1,1,0
1,-2.3,GO:0045739,positive regulation of DNA repair,M1,1,0
1,-3.6,GO:0000018,regulation of DNA recombination,M1,1,0
1,-2.1,GO:0018205,peptidyl-lysine modification,M1,1,0
1,-2.2,GO:0040018,positive regulation of multicellular organism growth,M1,1,0
1,-2.2,GO:0000079,regulation of cyclin-dependent protein serine/threonine kinase activity,M1,1,0
1,-2.3,GO:0030178,negative regulation of Wnt signaling pathway,M1,1,0
1,-2.2,GO:0098794,postsynapse,M1,1,0
1,-2.2,GO:0015075,monoatomic ion transmembrane transporter activity,M1,1,0
1,-2.8,GO:0030072,peptide hormone secretion,M1,1,0
1,-2.2,GO:0033044,regulation of chromosome organization,M1,1,0
1,-3.5,GO:0016925,protein sumoylation,M1,1,0
1,-4.3,GO:0009156,ribonucleoside monophosphate biosynthetic process,M1,1,0
1,-2.1,GO:0043549,regulation of kinase activity,M1,1,0
1,-3.8,GO:1990709,presynaptic active zone organization,M1,1,0
1,-3.4,GO:0071900,regulation of protein serine/threonine kinase activity,M1,1,0
1,-2.8,GO:0001932,regulation of protein phosphorylation,M1,1,0
1,-2.8,GO:0104004,cellular response to environmental stimulus,M1,1,0
1,-2.1,GO:0014897,striated muscle hypertrophy,M1,1,0
1,-2.6,GO:0098662,inorganic cation transmembrane transport,M1,1,0
1,-3.4,GO:0045910,negative regulation of DNA recombination,M1,1,0
1,-2.1,hsa05202,Transcriptional misregulation in cancer,M1,1,0
1,-2.6,GO:0045177,apical part of cell,M1,1,0
1,-2.3,GO:0030425,dendrite,M1,1,0
1,-2.4,GO:2001032,regulation of double-strand break repair via nonhomologous end joining,M1,1,0
1,-3.5,GO:2000779,regulation of double-strand break repair,M1,1,0
1,-2.2,GO:0003300,cardiac muscle hypertrophy,M1,1,0
1,-2.6,GO:0019220,regulation of phosphate metabolic process,M1,1,0
1,-2.4,GO:0030001,metal ion transport,M1,1,0
1,-2.2,GO:1901873,regulation of post-translational protein modification,M1,1,0
1,-3.6,GO:0009123,nucleoside monophosphate metabolic process,M1,1,0
1,-2.7,GO:0046033,AMP metabolic process,M1,1,0
1,-2.2,GO:0015833,peptide transport,M1,1,0
1,-2.1,GO:0046329,negative regulation of JNK cascade,M1,1,0
1,-3.2,GO:0009161,ribonucleoside monophosphate metabolic process,M1,1,0
1,-2.2,hsa04010,MAPK signaling pathway,M1,1,0
1,-2.7,GO:0045111,intermediate filament cytoskeleton,M1,1,0
1,-2,GO:0044706,multi-multicellular organism process,M1,1,0
1,-2.1,GO:0042886,amide transport,M1,1,0
1,-2.7,GO:0002790,peptide secretion,M1,1,0
1,-2.4,GO:0030003,intracellular monoatomic cation homeostasis,M1,1,0
1,-2.4,GO:0098918,structural constituent of synapse,M1,1,0
1,-2.5,hsa00230,Purine metabolism,M1,1,0
1,-3,GO:0031399,regulation of protein modification process,M1,1,0
1,-2.6,GO:0050431,transforming growth factor beta binding,M1,1,0
1,-2.3,GO:0006164,purine nucleotide biosynthetic process,M1,1,0
1,-2.4,GO:0007274,neuromuscular synaptic transmission,M1,1,0
1,-4.4,GO:0006281,DNA repair,M1,1,0
1,-2.1,GO:0046888,negative regulation of hormone secretion,M1,1,0
1,-2.2,GO:0033198,response to ATP,M1,1,0
1,-3.2,GO:0098660,inorganic ion transmembrane transport,M1,1,0
1,-2.4,GO:2000042,negative regulation of double-strand break repair via homologous recombination,M1,1,0
1,-2.2,GO:1904018,positive regulation of vasculature development,M1,1,0
1,-2.4,GO:0019934,cGMP-mediated signaling,M1,1,0
1,-2.5,GO:0043025,neuronal cell body,M1,1,0
1,-3,GO:0006259,DNA metabolic process,M1,1,0
1,-2.3,GO:2000781,positive regulation of double-strand break repair,M1,1,0
1,-2.1,GO:0014896,muscle hypertrophy,M1,1,0
1,-2.3,GO:0045859,regulation of protein kinase activity,M1,1,0
1,-4.5,GO:0007268,chemical synaptic transmission,M1,1,0
1,-2,GO:0050808,synapse organization,M1,1,0
1,-3.7,GO:0030424,axon,M1,1,0
1,-5.4,GO:0009127,purine nucleoside monophosphate biosynthetic process,M1,1,0
1,-2.8,GO:0006282,regulation of DNA repair,M1,1,0
1,-2.2,GO:0032446,protein modification by small protein conjugation,M1,1,0
1,-2.5,GO:0022836,gated channel activity,M1,1,0
1,-2.3,GO:0030594,neurotransmitter receptor activity,M1,1,0
1,-2,GO:0044297,cell body,M1,1,0
1,-2.3,GO:0097447,dendritic tree,M1,1,0
1,-2.5,GO:0042325,regulation of phosphorylation,M1,1,0
1,-2.3,GO:0046879,hormone secretion,M1,1,0
1,-5,GO:0009124,nucleoside monophosphate biosynthetic process,M1,1,0
1,-2.7,GO:0099565,"chemical synaptic transmission, postsynaptic",M1,1,0
1,-2.1,GO:0043534,blood vessel endothelial cell migration,M1,1,0
1,-2.3,GO:0098771,inorganic ion homeostasis,M1,1,0
1,-3.1,GO:0005882,intermediate filament,M1,1,0
1,-2.2,GO:1903320,regulation of protein modification by small protein conjugation or removal,M1,1,0
1,-2.1,GO:0043500,muscle adaptation,M1,1,0
1,-2.1,GO:0000184,"nuclear-transcribed mRNA catabolic process, nonsense-mediated decay",M1,1,0
1,-2.6,GO:0051174,regulation of phosphorus metabolic process,M1,1,0
1,-4.3,GO:0099537,trans-synaptic signaling,M1,1,0
1,-4.1,GO:0048790,maintenance of presynaptic active zone structure,M1,1,0
1,-2.1,GO:0030863,cortical cytoskeleton,M1,1,0
1,-4.5,GO:0098916,anterograde trans-synaptic signaling,M1,1,0
1,-2.2,GO:0050801,monoatomic ion homeostasis,M1,1,0
1,-2.3,GO:0046873,metal ion transmembrane transporter activity,M1,1,0
1,-2.6,GO:0032098,regulation of appetite,M1,1,0
1,-2.2,GO:0098655,monoatomic cation transmembrane transport,M1,1,0
1,-3.3,GO:0098831,presynaptic active zone cytoplasmic component,M1,1,0
1,-2,GO:0031016,pancreas development,M1,1,0
1,-2.1,GO:0009914,hormone transport,M1,1,0
1,-2.1,GO:0051338,regulation of transferase activity,M1,1,0
1,-3,GO:0030575,nuclear body organization,M1,1,0
1,-3,GO:0060079,excitatory postsynaptic potential,M1,1,0
1,-2.3,GO:0099558,maintenance of synapse structure,M1,1,0
1,-2.2,GO:0045766,positive regulation of angiogenesis,M1,1,0
1,-2.2,GO:0090090,negative regulation of canonical Wnt signaling pathway,M1,1,0
1,-2.2,GO:0071901,negative regulation of protein serine/threonine kinase activity,M1,1,0
1,-2.1,GO:0055082,intracellular chemical homeostasis,M1,1,0
1,-2.4,GO:0006873,intracellular monoatomic ion homeostasis,M1,1,0
1,-2,GO:0098982,GABA-ergic synapse,M1,1,0
1,-2.3,GO:0022843,voltage-gated monoatomic cation channel activity,M1,1,0
1,-2.8,GO:0080135,regulation of cellular response to stress,M1,1,0
1,-2.9,GO:0022840,leak channel activity,M1,1,0
1,-2.8,GO:0071214,cellular response to abiotic stimulus,M1,1,0
1,-2.3,GO:0005261,monoatomic cation channel activity,M1,1,0
1,-2.1,GO:0006401,RNA catabolic process,M1,1,0
