_MEMBER_hits,_LogP_hits,GO,Description,_PATTERN_,_RANK_,CHILD_GO_hits
1,-5.42464424528326,GO:0009987,cellular process,M1,1,GO:0009127 purine nucleoside monophosphate biosynthetic process
1,-4.930450464371634,GO:0050789,regulation of biological process,M1,1,GO:0099536 synaptic signaling
1,-4.396437401397821,GO:0050896,response to stimulus,M1,1,GO:0006281 DNA repair
1,-3.3977472701232707,GO:0048519,negative regulation of biological process,M1,1,GO:0045910 negative regulation of DNA recombination
1,-3.341138974526802,GO:0042592,homeostatic process,M1,1,GO:0099509 regulation of presynaptic cytosolic calcium ion concentration
1,-3.2039599118659456,GO:0051179,localization,M1,1,GO:0098660 inorganic ion transmembrane transport
1,-2.9519822973992023,GO:0032501,multicellular organismal process,M1,1,GO:0060079 excitatory postsynaptic potential
1,-2.414617930421924,GO:0032502,developmental process,M1,1,GO:0007416 synapse assembly
1,-2.275469253271356,GO:0048518,positive regulation of biological process,M1,1,GO:2000781 positive regulation of double-strand break repair
1,-2.196705446747831,GO:0040007,growth,M1,1,GO:0040018 positive regulation of multicellular organism growth
1,-2.1294125159882116,GO:0065007,biological regulation,M1,1,GO:0051338 regulation of transferase activity
1,-2.0244229560734057,GO:0016032,viral process,M1,1,GO:1903900 regulation of viral life cycle
