_MEMBER_hits,_LogP_hits,GO,Description,_PATTERN_,_RANK_,CHILD_GO_hits
1,-18.334230335494052,GO:0009987,cellular process,M1,1,GO:0015980 energy derivation by oxidation of organic compounds
1,-10.255893480440015,GO:0051179,localization,M1,1,GO:0098662 inorganic cation transmembrane transport
1,-6.82384739959768,GO:0065007,biological regulation,M1,1,GO:0042391 regulation of membrane potential
1,-5.70735939250313,GO:0050896,response to stimulus,M1,1,GO:0062197 cellular response to chemical stress
1,-4.071678363565657,GO:0050789,regulation of biological process,M1,1,GO:0006417 regulation of translation
1,-3.692127277240796,GO:0042592,homeostatic process,M1,1,GO:0045454 cell redox homeostasis
1,-3.635984910780946,GO:0032502,developmental process,M1,1,GO:1904862 inhibitory synapse assembly
1,-3.568117099648679,GO:0048518,positive regulation of biological process,M1,1,GO:0010508 positive regulation of autophagy
1,-3.2265186381739546,GO:0048519,negative regulation of biological process,M1,1,GO:0000075 cell cycle checkpoint signaling
1,-2.9767189818954565,GO:0032501,multicellular organismal process,M1,1,GO:0003015 heart process
1,-2.7260672896107594,GO:0043473,pigmentation,M1,1,GO:0032400 melanosome localization
1,-2.440769478685697,GO:0044419,biological process involved in interspecies interaction between organisms,M1,1,GO:0050687 negative regulation of defense response to virus
1,-2.3113167599773945,GO:0002376,immune system process,M1,1,GO:0042129 regulation of T cell proliferation
1,-2.23876255357462,GO:0016032,viral process,M1,1,GO:0050792 regulation of viral process
