_MEMBER_hits,_LogP_hits,GO,Description,_PATTERN_,_RANK_,GiniIndex
1,-2,GO:0006109,regulation of carbohydrate metabolic process,M1,1,0
1,-3.5,GO:0006754,ATP biosynthetic process,M1,1,0
1,-4.5,GO:0030424,axon,M1,1,0
1,-3,GO:0042578,phosphoric ester hydrolase activity,M1,1,0
1,-2.2,GO:0099622,cardiac muscle cell membrane repolarization,M1,1,0
1,-2,GO:2000786,positive regulation of autophagosome assembly,M1,1,0
1,-2.1,GO:0010826,negative regulation of centrosome duplication,M1,1,0
1,-2,GO:0045088,regulation of innate immune response,M1,1,0
1,-3.6,GO:0000082,G1/S transition of mitotic cell cycle,M1,1,0
1,-5.4,GO:0006164,purine nucleotide biosynthetic process,M1,1,0
1,-2,GO:0045259,proton-transporting ATP synthase complex,M1,1,0
1,-2,GO:0015918,sterol transport,M1,1,0
1,-2.9,GO:0000295,adenine nucleotide transmembrane transporter activity,M1,1,0
1,-3.5,GO:0016817,"hydrolase activity, acting on acid anhydrides",M1,1,0
1,-2.6,GO:1901679,nucleotide transmembrane transport,M1,1,0
1,-2.3,GO:0098916,anterograde trans-synaptic signaling,M1,1,0
1,-3.9,GO:0030001,metal ion transport,M1,1,0
1,-2.2,hsa00052,Galactose metabolism,M1,1,0
1,-2.2,GO:1902750,negative regulation of cell cycle G2/M phase transition,M1,1,0
1,-2,GO:0034655,nucleobase-containing compound catabolic process,M1,1,0
1,-3.3,GO:0031163,metallo-sulfur cluster assembly,M1,1,0
1,-3,GO:0046314,phosphocreatine biosynthetic process,M1,1,0
1,-2.1,GO:0005890,sodium:potassium-exchanging ATPase complex,M1,1,0
1,-5.6,GO:0000209,protein polyubiquitination,M1,1,0
1,-2.1,GO:0045069,regulation of viral genome replication,M1,1,0
1,-2.5,GO:0072594,establishment of protein localization to organelle,M1,1,0
1,-8.5,GO:0019646,aerobic electron transport chain,M1,1,0
1,-2.2,GO:0000959,mitochondrial RNA metabolic process,M1,1,0
1,-2,GO:0042579,microbody,M1,1,0
1,-3.9,GO:0051287,NAD binding,M1,1,0
1,-4,GO:0005347,ATP transmembrane transporter activity,M1,1,0
1,-11,hsa05010,Alzheimer disease,M1,1,0
1,-2.8,GO:1901379,regulation of potassium ion transmembrane transport,M1,1,0
1,-4.7,GO:0044042,glucan metabolic process,M1,1,0
1,-4.6,GO:0009201,ribonucleoside triphosphate biosynthetic process,M1,1,0
1,-3.8,GO:0061659,ubiquitin-like protein ligase activity,M1,1,0
1,-2.2,GO:0051059,NF-kappaB binding,M1,1,0
1,-2.2,GO:0120015,sterol transfer activity,M1,1,0
1,-9.4,hsa05012,Parkinson disease,M1,1,0
1,-2.1,GO:0009135,purine nucleoside diphosphate metabolic process,M1,1,0
1,-2.3,GO:0051640,organelle localization,M1,1,0
1,-3.5,GO:0034976,response to endoplasmic reticulum stress,M1,1,0
1,-8.1,GO:0008324,monoatomic cation transmembrane transporter activity,M1,1,0
1,-3.6,GO:0016071,mRNA metabolic process,M1,1,0
1,-9,GO:0042773,ATP synthesis coupled electron transport,M1,1,0
1,-2.1,GO:0015081,sodium ion transmembrane transporter activity,M1,1,0
1,-2.2,GO:0010876,lipid localization,M1,1,0
1,-3.7,GO:0045454,cell redox homeostasis,M1,1,0
1,-2.4,hsa04141,Protein processing in endoplasmic reticulum,M1,1,0
1,-3.3,GO:0016226,iron-sulfur cluster assembly,M1,1,0
1,-5.2,GO:0016773,"phosphotransferase activity, alcohol group as acceptor",M1,1,0
1,-2.4,GO:0006650,glycerophospholipid metabolic process,M1,1,0
1,-2.4,GO:0098927,vesicle-mediated transport between endosomal compartments,M1,1,0
1,-2.7,GO:0002028,regulation of sodium ion transport,M1,1,0
1,-3.7,GO:0005244,voltage-gated monoatomic ion channel activity,M1,1,0
1,-4.3,GO:0099184,structural constituent of postsynaptic intermediate filament cytoskeleton,M1,1,0
1,-2.1,hsa05203,Viral carcinogenesis,M1,1,0
1,-4.4,GO:0016788,"hydrolase activity, acting on ester bonds",M1,1,0
1,-2,GO:0008276,protein methyltransferase activity,M1,1,0
1,-3.8,GO:0120013,lipid transfer activity,M1,1,0
1,-7,GO:0005975,carbohydrate metabolic process,M1,1,0
1,-2.4,GO:0048193,Golgi vesicle transport,M1,1,0
1,-2.7,GO:0051082,unfolded protein binding,M1,1,0
1,-2.8,GO:0045022,early endosome to late endosome transport,M1,1,0
1,-6.2,GO:0016746,acyltransferase activity,M1,1,0
1,-2.3,hsa04371,Apelin signaling pathway,M1,1,0
1,-4.2,GO:0035091,phosphatidylinositol binding,M1,1,0
1,-4.3,GO:0009142,nucleoside triphosphate biosynthetic process,M1,1,0
1,-2.5,GO:0031669,cellular response to nutrient levels,M1,1,0
1,-2.1,GO:0050804,modulation of chemical synaptic transmission,M1,1,0
1,-6,GO:0015399,primary active transmembrane transporter activity,M1,1,0
1,-2.7,GO:0008238,exopeptidase activity,M1,1,0
1,-2.5,GO:0097352,autophagosome maturation,M1,1,0
1,-2.2,GO:0042168,heme metabolic process,M1,1,0
1,-3.8,GO:0006479,protein methylation,M1,1,0
1,-11,hsa05020,Prion disease,M1,1,0
1,-4.6,GO:0009152,purine ribonucleotide biosynthetic process,M1,1,0
1,-3.5,hsa04622,RIG-I-like receptor signaling pathway,M1,1,0
1,-2.1,GO:0008180,COP9 signalosome,M1,1,0
1,-3.7,GO:0004707,MAP kinase activity,M1,1,0
1,-2.6,GO:0016747,"acyltransferase activity, transferring groups other than amino-acyl groups",M1,1,0
1,-4.7,GO:0022804,active transmembrane transporter activity,M1,1,0
1,-2.2,GO:0010660,regulation of muscle cell apoptotic process,M1,1,0
1,-2.1,GO:0032648,regulation of interferon-beta production,M1,1,0
1,-2.3,GO:0070534,protein K63-linked ubiquitination,M1,1,0
1,-2.4,GO:0106310,protein serine kinase activity,M1,1,0
1,-3,GO:0007033,vacuole organization,M1,1,0
1,-2.6,GO:0016791,phosphatase activity,M1,1,0
1,-2.3,GO:0005248,voltage-gated sodium channel activity,M1,1,0
1,-2.4,GO:1905037,autophagosome organization,M1,1,0
1,-2.4,GO:0070873,regulation of glycogen metabolic process,M1,1,0
1,-2.4,GO:0034506,"chromosome, centromeric core domain",M1,1,0
1,-2.1,GO:0035591,signaling adaptor activity,M1,1,0
1,-2.6,GO:0046930,pore complex,M1,1,0
1,-29,GO:0019866,organelle inner membrane,M1,1,0
1,-3.7,GO:0061635,regulation of protein complex stability,M1,1,0
1,-3.2,GO:0007051,spindle organization,M1,1,0
1,-3,GO:0006599,phosphagen metabolic process,M1,1,0
1,-2.6,GO:0051276,chromosome organization,M1,1,0
1,-11,GO:0006412,translation,M1,1,0
1,-4.7,GO:0022411,cellular component disassembly,M1,1,0
1,-4,GO:0005758,mitochondrial intermembrane space,M1,1,0
1,-3.3,GO:0030315,T-tubule,M1,1,0
1,-2.2,GO:0008037,cell recognition,M1,1,0
1,-3.2,GO:0006457,protein folding,M1,1,0
1,-4.1,GO:0006813,potassium ion transport,M1,1,0
1,-3.6,GO:0010765,positive regulation of sodium ion transport,M1,1,0
1,-12,GO:1902495,transmembrane transporter complex,M1,1,0
1,-2.3,GO:0045931,positive regulation of mitotic cell cycle,M1,1,0
1,-2.5,GO:0031396,regulation of protein ubiquitination,M1,1,0
1,-2.1,GO:0000050,urea cycle,M1,1,0
1,-2.2,hsa04136,Autophagy - other,M1,1,0
1,-2.3,GO:0006334,nucleosome assembly,M1,1,0
1,-6.2,GO:0019693,ribose phosphate metabolic process,M1,1,0
1,-12,hsa05022,Pathways of neurodegeneration - multiple diseases,M1,1,0
1,-2.1,GO:0062125,regulation of mitochondrial gene expression,M1,1,0
1,-2,GO:0030695,GTPase regulator activity,M1,1,0
1,-2.6,GO:0019318,hexose metabolic process,M1,1,0
1,-2.3,GO:1902307,positive regulation of sodium ion transmembrane transport,M1,1,0
1,-3.5,GO:0097447,dendritic tree,M1,1,0
1,-3.7,GO:0140318,protein transporter activity,M1,1,0
1,-2,GO:0016917,GABA receptor activity,M1,1,0
1,-2.6,GO:0005813,centrosome,M1,1,0
1,-11,hsa05016,Huntington disease,M1,1,0
1,-3,GO:0045727,positive regulation of translation,M1,1,0
1,-10,GO:0000315,organellar large ribosomal subunit,M1,1,0
1,-16,GO:0045333,cellular respiration,M1,1,0
1,-2.8,GO:0008038,neuron recognition,M1,1,0
1,-2.4,GO:0001727,lipid kinase activity,M1,1,0
1,-4.7,hsa01210,2-Oxocarboxylic acid metabolism,M1,1,0
1,-4.7,GO:0009165,nucleotide biosynthetic process,M1,1,0
1,-2.3,GO:0006817,phosphate ion transport,M1,1,0
1,-2.8,GO:0006605,protein targeting,M1,1,0
1,-4.3,GO:0005261,monoatomic cation channel activity,M1,1,0
1,-2.6,GO:0015216,purine nucleotide transmembrane transporter activity,M1,1,0
1,-2.2,GO:0008380,RNA splicing,M1,1,0
1,-8,hsa01200,Carbon metabolism,M1,1,0
1,-2.9,GO:1901987,regulation of cell cycle phase transition,M1,1,0
1,-4.3,GO:0033693,neurofilament bundle assembly,M1,1,0
1,-2.3,GO:0045653,negative regulation of megakaryocyte differentiation,M1,1,0
1,-3,GO:0099170,postsynaptic modulation of chemical synaptic transmission,M1,1,0
1,-2.1,GO:0031570,DNA integrity checkpoint signaling,M1,1,0
1,-3.8,hsa05131,Shigellosis,M1,1,0
1,-4.4,GO:0006839,mitochondrial transport,M1,1,0
1,-2.6,GO:0051875,pigment granule localization,M1,1,0
1,-2.2,GO:0044282,small molecule catabolic process,M1,1,0
1,-6.5,GO:0072522,purine-containing compound biosynthetic process,M1,1,0
1,-2.4,GO:0097001,ceramide binding,M1,1,0
1,-2.1,GO:0032881,regulation of polysaccharide metabolic process,M1,1,0
1,-2,hsa04964,Proximal tubule bicarbonate reclamation,M1,1,0
1,-2.2,GO:0019433,triglyceride catabolic process,M1,1,0
1,-4,GO:0005976,polysaccharide metabolic process,M1,1,0
1,-3.6,GO:0010508,positive regulation of autophagy,M1,1,0
1,-5.6,GO:0019941,modification-dependent protein catabolic process,M1,1,0
1,-5.2,GO:0001508,action potential,M1,1,0
1,-2.2,GO:1990573,potassium ion import across plasma membrane,M1,1,0
1,-9.9,GO:0098655,monoatomic cation transmembrane transport,M1,1,0
1,-2.6,hsa04936,Alcoholic liver disease,M1,1,0
1,-3.8,GO:0006790,sulfur compound metabolic process,M1,1,0
1,-2.3,GO:0000164,protein phosphatase type 1 complex,M1,1,0
1,-2,GO:0031965,nuclear membrane,M1,1,0
1,-2.7,GO:1901873,regulation of post-translational protein modification,M1,1,0
1,-2.1,GO:0007032,endosome organization,M1,1,0
1,-2.6,GO:0141053,histone H2A ubiquitin ligase activity,M1,1,0
1,-3,GO:0016281,eukaryotic translation initiation factor 4F complex,M1,1,0
1,-2.2,GO:0050792,regulation of viral process,M1,1,0
1,-6.7,GO:0009199,ribonucleoside triphosphate metabolic process,M1,1,0
1,-2,GO:0006637,acyl-CoA metabolic process,M1,1,0
1,-4.9,GO:0005249,voltage-gated potassium channel activity,M1,1,0
1,-3.9,GO:0051540,metal cluster binding,M1,1,0
1,-3,GO:0022613,ribonucleoprotein complex biogenesis,M1,1,0
1,-2.9,GO:0033014,tetrapyrrole biosynthetic process,M1,1,0
1,-2.7,hsa04110,Cell cycle,M1,1,0
1,-2.8,GO:0035973,aggrephagy,M1,1,0
1,-2.6,GO:0003747,translation release factor activity,M1,1,0
1,-2.3,hsa04148,Efferocytosis,M1,1,0
1,-3.4,GO:1901137,carbohydrate derivative biosynthetic process,M1,1,0
1,-2.4,GO:0045211,postsynaptic membrane,M1,1,0
1,-2.3,GO:0046160,heme a metabolic process,M1,1,0
1,-2.2,GO:0051123,RNA polymerase II preinitiation complex assembly,M1,1,0
1,-26,GO:0005759,mitochondrial matrix,M1,1,0
1,-2.7,GO:0005770,late endosome,M1,1,0
1,-2.1,hsa00280,"Valine, leucine and isoleucine degradation",M1,1,0
1,-2.3,GO:0099537,trans-synaptic signaling,M1,1,0
1,-2.5,GO:0048033,heme O metabolic process,M1,1,0
1,-11,hsa05208,Chemical carcinogenesis - reactive oxygen species,M1,1,0
1,-3.6,GO:0016236,macroautophagy,M1,1,0
1,-5,GO:0180051,translation factor activity,M1,1,0
1,-4.4,GO:0016874,ligase activity,M1,1,0
1,-2.5,GO:0044090,positive regulation of vacuole organization,M1,1,0
1,-2.4,GO:0086009,membrane repolarization,M1,1,0
1,-4.3,GO:0019787,ubiquitin-like protein transferase activity,M1,1,0
1,-2.4,GO:0051668,localization within membrane,M1,1,0
1,-5,hsa00020,Citrate cycle (TCA cycle),M1,1,0
1,-5,GO:0015267,channel activity,M1,1,0
1,-4.1,GO:0031970,organelle envelope lumen,M1,1,0
1,-5.9,GO:0042645,mitochondrial nucleoid,M1,1,0
1,-3.1,GO:0015036,disulfide oxidoreductase activity,M1,1,0
1,-2.2,GO:0046461,neutral lipid catabolic process,M1,1,0
1,-5,GO:0043603,amide metabolic process,M1,1,0
1,-3,GO:0006102,isocitrate metabolic process,M1,1,0
1,-2.5,GO:0034518,RNA cap binding complex,M1,1,0
1,-2.4,GO:0016052,carbohydrate catabolic process,M1,1,0
1,-5.5,GO:0006511,ubiquitin-dependent protein catabolic process,M1,1,0
1,-3.3,GO:0016072,rRNA metabolic process,M1,1,0
1,-2,GO:0060589,nucleoside-triphosphatase regulator activity,M1,1,0
1,-3.7,GO:0097322,7SK snRNA binding,M1,1,0
1,-2.8,hsa04910,Insulin signaling pathway,M1,1,0
1,-7.2,GO:0022853,active monoatomic ion transmembrane transporter activity,M1,1,0
1,-2.1,GO:0009132,nucleoside diphosphate metabolic process,M1,1,0
1,-2.2,GO:0005802,trans-Golgi network,M1,1,0
1,-2,GO:0005635,nuclear envelope,M1,1,0
1,-3.3,GO:1990845,adaptive thermogenesis,M1,1,0
1,-4,GO:0098800,inner mitochondrial membrane protein complex,M1,1,0
1,-2.4,GO:0017158,regulation of calcium ion-dependent exocytosis,M1,1,0
1,-5.6,GO:0046034,ATP metabolic process,M1,1,0
1,-2.9,GO:0009266,response to temperature stimulus,M1,1,0
1,-2.2,GO:0008239,dipeptidyl-peptidase activity,M1,1,0
1,-3,GO:0006603,phosphocreatine metabolic process,M1,1,0
1,-6.8,GO:0042391,regulation of membrane potential,M1,1,0
1,-2.2,GO:0006107,oxaloacetate metabolic process,M1,1,0
1,-4.6,GO:0140640,"catalytic activity, acting on a nucleic acid",M1,1,0
1,-2.6,GO:0065004,protein-DNA complex assembly,M1,1,0
1,-2.3,hsa04921,Oxytocin signaling pathway,M1,1,0
1,-4.2,GO:0051301,cell division,M1,1,0
1,-2.8,GO:1902749,regulation of cell cycle G2/M phase transition,M1,1,0
1,-6.1,GO:0016567,protein ubiquitination,M1,1,0
1,-2,hsa04614,Renin-angiotensin system,M1,1,0
1,-3.7,GO:0036462,TRAIL-activated apoptotic signaling pathway,M1,1,0
1,-4.2,GO:0031625,ubiquitin protein ligase binding,M1,1,0
1,-3.3,GO:0005883,neurofilament,M1,1,0
1,-2.1,GO:0005980,glycogen catabolic process,M1,1,0
1,-2.3,GO:0060052,neurofilament cytoskeleton organization,M1,1,0
1,-12,GO:0055086,nucleobase-containing small molecule metabolic process,M1,1,0
1,-2.3,GO:0006784,heme A biosynthetic process,M1,1,0
1,-10,GO:0005762,mitochondrial large ribosomal subunit,M1,1,0
1,-2.2,GO:0046486,glycerolipid metabolic process,M1,1,0
1,-9.6,GO:0006119,oxidative phosphorylation,M1,1,0
1,-2.9,GO:0016247,channel regulator activity,M1,1,0
1,-3.4,hsa04022,cGMP-PKG signaling pathway,M1,1,0
1,-5.4,GO:0019752,carboxylic acid metabolic process,M1,1,0
1,-2.6,GO:0043122,regulation of canonical NF-kappaB signal transduction,M1,1,0
1,-2.5,GO:0009081,branched-chain amino acid metabolic process,M1,1,0
1,-2.4,GO:0006888,endoplasmic reticulum to Golgi vesicle-mediated transport,M1,1,0
1,-2.4,GO:0061638,CENP-A containing chromatin,M1,1,0
1,-2.6,GO:0045110,intermediate filament bundle assembly,M1,1,0
1,-2.9,GO:1903322,positive regulation of protein modification by small protein conjugation or removal,M1,1,0
1,-2.2,GO:1900864,mitochondrial RNA modification,M1,1,0
1,-4,GO:1990544,mitochondrial ATP transmembrane transport,M1,1,0
1,-2.7,GO:1904813,ficolin-1-rich granule lumen,M1,1,0
1,-3.8,GO:0015276,ligand-gated monoatomic ion channel activity,M1,1,0
1,-2.8,GO:0051225,spindle assembly,M1,1,0
1,-2.3,GO:0042254,ribosome biogenesis,M1,1,0
1,-3.2,GO:0009451,RNA modification,M1,1,0
1,-2.9,GO:0007093,mitotic cell cycle checkpoint signaling,M1,1,0
1,-2.4,GO:0007052,mitotic spindle organization,M1,1,0
1,-3.1,hsa05017,Spinocerebellar ataxia,M1,1,0
1,-2.1,GO:0009179,purine ribonucleoside diphosphate metabolic process,M1,1,0
1,-3.1,GO:0004712,protein serine/threonine/tyrosine kinase activity,M1,1,0
1,-3.5,GO:0045277,respiratory chain complex IV,M1,1,0
1,-3.2,GO:0006400,tRNA modification,M1,1,0
1,-2.3,GO:0007268,chemical synaptic transmission,M1,1,0
1,-2.3,GO:0006275,regulation of DNA replication,M1,1,0
1,-4,GO:0000278,mitotic cell cycle,M1,1,0
1,-2.4,GO:0050687,negative regulation of defense response to virus,M1,1,0
1,-8.9,GO:0070069,cytochrome complex,M1,1,0
1,-3.7,GO:0022834,ligand-gated channel activity,M1,1,0
1,-2.7,GO:0032400,melanosome localization,M1,1,0
1,-2.9,GO:0009895,negative regulation of catabolic process,M1,1,0
1,-6.6,GO:0019362,pyridine nucleotide metabolic process,M1,1,0
1,-2.2,hsa04211,Longevity regulating pathway,M1,1,0
1,-2.4,GO:0032934,sterol binding,M1,1,0
1,-3.9,GO:0006123,"mitochondrial electron transport, cytochrome c to oxygen",M1,1,0
1,-5.6,GO:0016491,oxidoreductase activity,M1,1,0
1,-10,GO:0098660,inorganic ion transmembrane transport,M1,1,0
1,-6.6,GO:0046496,nicotinamide nucleotide metabolic process,M1,1,0
1,-2.1,GO:0006644,phospholipid metabolic process,M1,1,0
1,-2,GO:0098799,outer mitochondrial membrane protein complex,M1,1,0
1,-2.2,GO:0000931,gamma-tubulin ring complex,M1,1,0
1,-2.4,GO:0002098,tRNA wobble uridine modification,M1,1,0
1,-2.8,GO:0031399,regulation of protein modification process,M1,1,0
1,-2.5,GO:0016775,"phosphotransferase activity, nitrogenous group as acceptor",M1,1,0
1,-3.8,GO:1901981,phosphatidylinositol phosphate binding,M1,1,0
1,-2,GO:0006814,sodium ion transport,M1,1,0
1,-6.4,GO:0009205,purine ribonucleoside triphosphate metabolic process,M1,1,0
1,-3.1,GO:0006446,regulation of translational initiation,M1,1,0
1,-11,GO:0032543,mitochondrial translation,M1,1,0
1,-3.3,GO:0005346,purine ribonucleotide transmembrane transporter activity,M1,1,0
1,-2.1,hsa04066,HIF-1 signaling pathway,M1,1,0
1,-2.3,GO:0010972,negative regulation of G2/M transition of mitotic cell cycle,M1,1,0
1,-2.6,GO:0141109,transporter activator activity,M1,1,0
1,-6.4,GO:0009259,ribonucleotide metabolic process,M1,1,0
1,-2,GO:0046031,ADP metabolic process,M1,1,0
1,-3.3,hsa01240,Biosynthesis of cofactors,M1,1,0
1,-8.7,GO:0022900,electron transport chain,M1,1,0
1,-3.6,GO:1904862,inhibitory synapse assembly,M1,1,0
1,-2.2,GO:0046464,acylglycerol catabolic process,M1,1,0
1,-2.8,GO:0015867,ATP transport,M1,1,0
1,-2.8,GO:1904781,positive regulation of protein localization to centrosome,M1,1,0
1,-3,GO:0042396,phosphagen biosynthetic process,M1,1,0
1,-2.5,GO:0032200,telomere organization,M1,1,0
1,-6,GO:0015934,large ribosomal subunit,M1,1,0
1,-4.3,GO:0099185,postsynaptic intermediate filament cytoskeleton organization,M1,1,0
1,-2.4,GO:0046625,sphingolipid binding,M1,1,0
1,-6.3,hsa01230,Biosynthesis of amino acids,M1,1,0
1,-5.7,GO:0022836,gated channel activity,M1,1,0
1,-5.4,GO:0000151,ubiquitin ligase complex,M1,1,0
1,-9.1,GO:0042775,mitochondrial ATP synthesis coupled electron transport,M1,1,0
1,-3.2,GO:0016616,"oxidoreductase activity, acting on the CH-OH group of donors, NAD or NADP as acceptor",M1,1,0
1,-2.3,hsa04071,Sphingolipid signaling pathway,M1,1,0
1,-2.6,GO:0071824,protein-DNA complex organization,M1,1,0
1,-4.7,GO:0034599,cellular response to oxidative stress,M1,1,0
1,-3.3,GO:0099508,voltage-gated monoatomic ion channel activity involved in regulation of presynaptic membrane potential,M1,1,0
1,-2,GO:0005777,peroxisome,M1,1,0
1,-2.8,GO:0038203,TORC2 signaling,M1,1,0
1,-2.6,GO:0010918,positive regulation of mitochondrial membrane potential,M1,1,0
1,-2.3,hsa04934,Cushing syndrome,M1,1,0
1,-2.1,GO:0045335,phagocytic vesicle,M1,1,0
1,-2.8,GO:1903320,regulation of protein modification by small protein conjugation or removal,M1,1,0
1,-2.5,GO:0001671,ATPase activator activity,M1,1,0
1,-2.8,GO:0019914,cyclin-dependent protein kinase regulator activity,M1,1,0
1,-2.5,GO:0048034,heme O biosynthetic process,M1,1,0
1,-2.2,GO:0010038,response to metal ion,M1,1,0
1,-2.4,GO:0150034,distal axon,M1,1,0
1,-10,GO:0009117,nucleotide metabolic process,M1,1,0
1,-2.6,hsa00270,Cysteine and methionine metabolism,M1,1,0
1,-2.1,GO:0007059,chromosome segregation,M1,1,0
1,-3,GO:0046434,organophosphate catabolic process,M1,1,0
1,-2.6,GO:0043268,positive regulation of potassium ion transport,M1,1,0
1,-2,GO:0086011,membrane repolarization during action potential,M1,1,0
1,-6,GO:0032446,protein modification by small protein conjugation,M1,1,0
1,-3,GO:0045838,positive regulation of membrane potential,M1,1,0
1,-2.1,GO:0099177,regulation of trans-synaptic signaling,M1,1,0
1,-2.3,GO:0004722,protein serine/threonine phosphatase activity,M1,1,0
1,-3.5,hsa04911,Insulin secretion,M1,1,0
1,-2.7,GO:0070585,protein localization to mitochondrion,M1,1,0
1,-3.8,GO:0008213,protein alkylation,M1,1,0
1,-3.7,GO:0006886,intracellular protein transport,M1,1,0
1,-6.5,GO:0006099,tricarboxylic acid cycle,M1,1,0
1,-2.1,GO:0051881,regulation of mitochondrial membrane potential,M1,1,0
1,-5.7,GO:0062197,cellular response to chemical stress,M1,1,0
1,-3,GO:0031461,cullin-RING ubiquitin ligase complex,M1,1,0
1,-5.2,GO:0006399,tRNA metabolic process,M1,1,0
1,-4.7,GO:0071805,potassium ion transmembrane transport,M1,1,0
1,-3.2,GO:0019900,kinase binding,M1,1,0
1,-2.5,GO:0016308,1-phosphatidylinositol-4-phosphate 5-kinase activity,M1,1,0
1,-2.7,GO:0016310,phosphorylation,M1,1,0
1,-2.1,GO:0005911,cell-cell junction,M1,1,0
1,-4.2,GO:0008121,quinol-cytochrome-c reductase activity,M1,1,0
1,-4,GO:0006112,energy reserve metabolic process,M1,1,0
1,-3.1,GO:0015485,cholesterol binding,M1,1,0
1,-5.5,GO:0005267,potassium channel activity,M1,1,0
1,-6.5,GO:0140098,"catalytic activity, acting on RNA",M1,1,0
1,-10,hsa00190,Oxidative phosphorylation,M1,1,0
1,-2.9,GO:0060047,heart contraction,M1,1,0
1,-6.6,GO:0009150,purine ribonucleotide metabolic process,M1,1,0
1,-2.9,GO:0007080,mitotic metaphase chromosome alignment,M1,1,0
1,-4.6,GO:0044389,ubiquitin-like protein ligase binding,M1,1,0
1,-3.3,GO:0005471,ATP:ADP antiporter activity,M1,1,0
1,-2.8,GO:0016538,cyclin-dependent protein serine/threonine kinase regulator activity,M1,1,0
1,-27,GO:0031966,mitochondrial membrane,M1,1,0
1,-2.5,GO:2001069,glycogen binding,M1,1,0
1,-4,GO:0051536,iron-sulfur cluster binding,M1,1,0
1,-2.3,GO:2000234,positive regulation of rRNA processing,M1,1,0
1,-3.3,GO:2001233,regulation of apoptotic signaling pathway,M1,1,0
1,-2,GO:0009251,glucan catabolic process,M1,1,0
1,-2.4,GO:0007420,brain development,M1,1,0
1,-5.3,GO:0006122,"mitochondrial electron transport, ubiquinol to cytochrome c",M1,1,0
1,-2.2,GO:0030048,actin filament-based movement,M1,1,0
1,-2.1,GO:0006941,striated muscle contraction,M1,1,0
1,-2.9,GO:0031902,late endosome membrane,M1,1,0
1,-2.5,GO:0006575,modified amino acid metabolic process,M1,1,0
1,-2.3,GO:0005875,microtubule associated complex,M1,1,0
1,-2.6,GO:0004129,cytochrome-c oxidase activity,M1,1,0
1,-3.8,GO:0099571,postsynaptic cytoskeleton,M1,1,0
1,-4.3,GO:0008033,tRNA processing,M1,1,0
1,-2.7,GO:0043266,regulation of potassium ion transport,M1,1,0
1,-2.9,GO:0035337,fatty-acyl-CoA metabolic process,M1,1,0
1,-2.1,GO:0043178,alcohol binding,M1,1,0
1,-3.9,GO:0061919,process utilizing autophagic mechanism,M1,1,0
1,-7.8,hsa04260,Cardiac muscle contraction,M1,1,0
1,-2.3,GO:0042129,regulation of T cell proliferation,M1,1,0
1,-3.9,GO:0044770,cell cycle phase transition,M1,1,0
1,-2.6,GO:0006739,NADP+ metabolic process,M1,1,0
1,-2.3,GO:0032755,positive regulation of interleukin-6 production,M1,1,0
1,-12,GO:0072521,purine-containing compound metabolic process,M1,1,0
1,-2.4,GO:0140416,transcription regulator inhibitor activity,M1,1,0
1,-2.4,hsa04140,Autophagy - animal,M1,1,0
1,-2.2,GO:0035613,RNA stem-loop binding,M1,1,0
1,-3.2,GO:0044571,[2Fe-2S] cluster assembly,M1,1,0
1,-2.4,GO:0006006,glucose metabolic process,M1,1,0
1,-2.8,GO:0004674,protein serine/threonine kinase activity,M1,1,0
1,-2.3,GO:0015932,nucleobase-containing compound transmembrane transporter activity,M1,1,0
1,-2,GO:0034614,cellular response to reactive oxygen species,M1,1,0
1,-11,GO:0006163,purine nucleotide metabolic process,M1,1,0
1,-18,GO:0006091,generation of precursor metabolites and energy,M1,1,0
1,-2.9,GO:0006779,porphyrin-containing compound biosynthetic process,M1,1,0
1,-2.4,GO:0005774,vacuolar membrane,M1,1,0
1,-4.1,GO:0010498,proteasomal protein catabolic process,M1,1,0
1,-2.1,GO:1904779,regulation of protein localization to centrosome,M1,1,0
1,-3,GO:0003015,heart process,M1,1,0
1,-2.5,GO:0003254,regulation of membrane depolarization,M1,1,0
1,-3.2,GO:0072655,establishment of protein localization to mitochondrion,M1,1,0
1,-3.4,GO:0006259,DNA metabolic process,M1,1,0
1,-5.1,GO:0015079,potassium ion transmembrane transporter activity,M1,1,0
1,-2.7,GO:0010389,regulation of G2/M transition of mitotic cell cycle,M1,1,0
1,-3.9,GO:0032984,protein-containing complex disassembly,M1,1,0
1,-2.4,GO:0006661,phosphatidylinositol biosynthetic process,M1,1,0
1,-3.9,GO:0006914,autophagy,M1,1,0
1,-3.8,hsa04210,Apoptosis,M1,1,0
1,-2.8,GO:0033263,CORVET complex,M1,1,0
1,-3.2,GO:0004672,protein kinase activity,M1,1,0
1,-2.3,GO:0006260,DNA replication,M1,1,0
1,-3,GO:0000389,mRNA 3'-splice site recognition,M1,1,0
1,-6.8,GO:0015453,oxidoreduction-driven active transmembrane transporter activity,M1,1,0
1,-3.2,GO:0005272,sodium channel activity,M1,1,0
1,-2,GO:0032401,establishment of melanosome localization,M1,1,0
1,-14,GO:0009060,aerobic respiration,M1,1,0
1,-3.5,GO:0044843,cell cycle G1/S phase transition,M1,1,0
1,-3.2,GO:1901796,regulation of signal transduction by p53 class mediator,M1,1,0
1,-5.5,GO:0045275,respiratory chain complex III,M1,1,0
1,-2.9,GO:0006626,protein targeting to mitochondrion,M1,1,0
1,-2.1,GO:0016887,ATP hydrolysis activity,M1,1,0
1,-2.5,GO:0097435,supramolecular fiber organization,M1,1,0
1,-6.2,GO:0072524,pyridine-containing compound metabolic process,M1,1,0
1,-2.3,GO:0051283,negative regulation of sequestering of calcium ion,M1,1,0
1,-2.2,GO:0043124,negative regulation of canonical NF-kappaB signal transduction,M1,1,0
1,-8.7,GO:0015075,monoatomic ion transmembrane transporter activity,M1,1,0
1,-13,GO:1990351,transporter complex,M1,1,0
1,-5.1,GO:0005216,monoatomic ion channel activity,M1,1,0
1,-2.5,GO:0034497,protein localization to phagophore assembly site,M1,1,0
1,-2.2,GO:0086013,membrane repolarization during cardiac muscle cell action potential,M1,1,0
1,-3.5,GO:0016818,"hydrolase activity, acting on acid anhydrides, in phosphorus-containing anhydrides",M1,1,0
1,-4.3,GO:0016755,aminoacyltransferase activity,M1,1,0
1,-2.1,GO:0006862,nucleotide transport,M1,1,0
1,-2.3,GO:0042288,MHC class I protein binding,M1,1,0
1,-2.4,GO:0009896,positive regulation of catabolic process,M1,1,0
1,-2.9,GO:0051539,"4 iron, 4 sulfur cluster binding",M1,1,0
1,-4.6,GO:0007006,mitochondrial membrane organization,M1,1,0
1,-2,GO:0051260,protein homooligomerization,M1,1,0
1,-3,GO:1903008,organelle disassembly,M1,1,0
1,-2.9,GO:0098794,postsynapse,M1,1,0
1,-6.1,GO:1901293,nucleoside phosphate biosynthetic process,M1,1,0
1,-2.3,GO:0003184,pulmonary valve morphogenesis,M1,1,0
1,-4,GO:0003743,translation initiation factor activity,M1,1,0
1,-2.4,GO:0051087,protein-folding chaperone binding,M1,1,0
1,-3.6,GO:0046873,metal ion transmembrane transporter activity,M1,1,0
1,-2.4,GO:0019901,protein kinase binding,M1,1,0
1,-12,hsa05014,Amyotrophic lateral sclerosis,M1,1,0
1,-2.2,GO:0046148,pigment biosynthetic process,M1,1,0
1,-3,GO:0016667,"oxidoreductase activity, acting on a sulfur group of donors",M1,1,0
1,-2.2,GO:0031463,Cul3-RING ubiquitin ligase complex,M1,1,0
1,-2.4,GO:0061644,protein localization to CENP-A containing chromatin,M1,1,0
1,-2.4,GO:0000226,microtubule cytoskeleton organization,M1,1,0
1,-2.3,GO:0140534,endoplasmic reticulum protein-containing complex,M1,1,0
1,-2.2,GO:0031420,alkali metal ion binding,M1,1,0
1,-2,GO:0005516,calmodulin binding,M1,1,0
1,-3,GO:0160077,lipid droplet fusion,M1,1,0
1,-4.3,GO:0043414,macromolecule methylation,M1,1,0
1,-2.9,GO:0005996,monosaccharide metabolic process,M1,1,0
1,-3.2,GO:1901381,positive regulation of potassium ion transmembrane transport,M1,1,0
1,-2.2,hsa05417,Lipid and atherosclerosis,M1,1,0
1,-5.4,GO:0034705,potassium channel complex,M1,1,0
1,-3.2,GO:0000075,cell cycle checkpoint signaling,M1,1,0
1,-4.5,GO:0009260,ribonucleotide biosynthetic process,M1,1,0
1,-2.6,GO:0051650,establishment of vesicle localization,M1,1,0
1,-2.6,GO:0046488,phosphatidylinositol metabolic process,M1,1,0
1,-2.3,GO:0099106,ion channel regulator activity,M1,1,0
1,-2.2,GO:0031398,positive regulation of protein ubiquitination,M1,1,0
1,-2.1,GO:0008168,methyltransferase activity,M1,1,0
1,-2.3,GO:0003735,structural constituent of ribosome,M1,1,0
1,-7.2,GO:0009055,electron transfer activity,M1,1,0
1,-5.8,GO:0015078,proton transmembrane transporter activity,M1,1,0
1,-3.8,GO:0010506,regulation of autophagy,M1,1,0
1,-6.5,GO:0034702,monoatomic ion channel complex,M1,1,0
1,-3.3,GO:0010821,regulation of mitochondrion organization,M1,1,0
1,-9.8,GO:0015318,inorganic molecular entity transmembrane transporter activity,M1,1,0
1,-3.3,GO:0044772,mitotic cell cycle phase transition,M1,1,0
1,-4.6,GO:0008076,voltage-gated potassium channel complex,M1,1,0
1,-16,GO:0098798,mitochondrial protein-containing complex,M1,1,0
1,-2.5,hsa04070,Phosphatidylinositol signaling system,M1,1,0
1,-2.5,GO:0061695,"transferase complex, transferring phosphorus-containing groups",M1,1,0
1,-4.9,GO:0005977,glycogen metabolic process,M1,1,0
1,-2.2,GO:0008625,extrinsic apoptotic signaling pathway via death domain receptors,M1,1,0
1,-2.3,GO:0032590,dendrite membrane,M1,1,0
1,-2.6,GO:0044325,transmembrane transporter binding,M1,1,0
1,-3.5,GO:0120163,negative regulation of cold-induced thermogenesis,M1,1,0
1,-2.5,GO:0031264,death-inducing signaling complex,M1,1,0
1,-5.3,GO:0044391,ribosomal subunit,M1,1,0
1,-3.3,GO:0015217,ADP transmembrane transporter activity,M1,1,0
1,-10,GO:0098803,respiratory chain complex,M1,1,0
1,-2.1,GO:0046606,negative regulation of centrosome cycle,M1,1,0
1,-2.1,GO:0005525,GTP binding,M1,1,0
1,-4.3,GO:0000287,magnesium ion binding,M1,1,0
1,-2.1,GO:0080135,regulation of cellular response to stress,M1,1,0
1,-3.6,GO:0051648,vesicle localization,M1,1,0
1,-2.3,GO:0032364,intracellular oxygen homeostasis,M1,1,0
1,-2,GO:0035383,thioester metabolic process,M1,1,0
1,-2.3,GO:0004721,phosphoprotein phosphatase activity,M1,1,0
1,-2.2,GO:0098978,glutamatergic synapse,M1,1,0
1,-4.7,GO:1903047,mitotic cell cycle process,M1,1,0
1,-2,GO:0031267,small GTPase binding,M1,1,0
1,-10,GO:0000313,organellar ribosome,M1,1,0
1,-4.1,GO:0006417,regulation of translation,M1,1,0
1,-3.5,GO:0015986,proton motive force-driven ATP synthesis,M1,1,0
1,-2.4,GO:0043505,CENP-A containing nucleosome,M1,1,0
1,-10,GO:0098662,inorganic cation transmembrane transport,M1,1,0
1,-7.8,GO:0005543,phospholipid binding,M1,1,0
1,-2,GO:0008757,S-adenosylmethionine-dependent methyltransferase activity,M1,1,0
1,-2,hsa00220,Arginine biosynthesis,M1,1,0
1,-2,GO:1903900,regulation of viral life cycle,M1,1,0
1,-13,hsa05415,Diabetic cardiomyopathy,M1,1,0
1,-2.1,GO:0000045,autophagosome assembly,M1,1,0
1,-4.1,GO:0004842,ubiquitin-protein transferase activity,M1,1,0
1,-5,GO:0022803,passive transmembrane transporter activity,M1,1,0
1,-5.2,GO:1990204,oxidoreductase complex,M1,1,0
1,-2.5,GO:0000922,spindle pole,M1,1,0
1,-6.3,GO:0051603,proteolysis involved in protein catabolic process,M1,1,0
1,-2.1,GO:0086002,cardiac muscle cell action potential involved in contraction,M1,1,0
1,-9.4,GO:0022904,respiratory electron transport chain,M1,1,0
1,-9.3,GO:0022890,inorganic cation transmembrane transporter activity,M1,1,0
1,-2.1,GO:0000819,sister chromatid segregation,M1,1,0
1,-2.3,GO:0034728,nucleosome organization,M1,1,0
1,-3,GO:0004448,isocitrate dehydrogenase [NAD(P)+] activity,M1,1,0
1,-6.2,GO:0009144,purine nucleoside triphosphate metabolic process,M1,1,0
1,-2.6,GO:1902936,phosphatidylinositol bisphosphate binding,M1,1,0
1,-2.7,GO:0008610,lipid biosynthetic process,M1,1,0
1,-2.1,GO:0006936,muscle contraction,M1,1,0
1,-2.1,GO:0006468,protein phosphorylation,M1,1,0
1,-2.8,GO:1901990,regulation of mitotic cell cycle phase transition,M1,1,0
1,-2.5,GO:0005319,lipid transporter activity,M1,1,0
1,-2.4,GO:0043596,nuclear replication fork,M1,1,0
1,-2.8,GO:0015288,porin activity,M1,1,0
1,-11,GO:0140053,mitochondrial gene expression,M1,1,0
1,-4.2,GO:0019674,NAD+ metabolic process,M1,1,0
1,-3.6,GO:0006413,translational initiation,M1,1,0
1,-2.1,GO:0006066,alcohol metabolic process,M1,1,0
1,-2.5,GO:0010256,endomembrane system organization,M1,1,0
1,-2.2,GO:0006869,lipid transport,M1,1,0
1,-3.1,GO:0007007,inner mitochondrial membrane organization,M1,1,0
1,-3.9,hsa04723,Retrograde endocannabinoid signaling,M1,1,0
1,-3.5,GO:0043648,dicarboxylic acid metabolic process,M1,1,0
1,-2.5,GO:0007041,lysosomal transport,M1,1,0
1,-2.1,hsa04657,IL-17 signaling pathway,M1,1,0
1,-2.1,GO:0044283,small molecule biosynthetic process,M1,1,0
1,-3.1,GO:0099023,vesicle tethering complex,M1,1,0
1,-3.2,GO:0015215,nucleotide transmembrane transporter activity,M1,1,0
1,-2.3,GO:0032787,monocarboxylic acid metabolic process,M1,1,0
1,-3.3,GO:0042776,proton motive force-driven mitochondrial ATP synthesis,M1,1,0
1,-2.8,hsa04261,Adrenergic signaling in cardiomyocytes,M1,1,0
1,-5.9,GO:0009295,nucleoid,M1,1,0
1,-2.8,GO:0035725,sodium ion transmembrane transport,M1,1,0
1,-5.5,GO:0140101,"catalytic activity, acting on a tRNA",M1,1,0
1,-2.9,GO:0097060,synaptic membrane,M1,1,0
1,-2.3,hsa00562,Inositol phosphate metabolism,M1,1,0
1,-2.1,GO:0061621,canonical glycolysis,M1,1,0
1,-2.4,GO:0000425,pexophagy,M1,1,0
1,-3.4,GO:0043161,proteasome-mediated ubiquitin-dependent protein catabolic process,M1,1,0
1,-2.3,GO:1990229,iron-sulfur cluster assembly complex,M1,1,0
1,-2.2,GO:0043522,leucine zipper domain binding,M1,1,0
1,-2.4,GO:0055012,ventricular cardiac muscle cell differentiation,M1,1,0
1,-3.5,GO:0097190,apoptotic signaling pathway,M1,1,0
1,-6.4,GO:0016301,kinase activity,M1,1,0
1,-2.3,GO:0099505,regulation of presynaptic membrane potential,M1,1,0
1,-4,GO:0048471,perinuclear region of cytoplasm,M1,1,0
1,-2.3,GO:0046503,glycerolipid catabolic process,M1,1,0
1,-2.1,GO:0000070,mitotic sister chromatid segregation,M1,1,0
1,-2.7,GO:0016879,"ligase activity, forming carbon-nitrogen bonds",M1,1,0
1,-6.9,GO:1902600,proton transmembrane transport,M1,1,0
1,-3.5,GO:0141108,transporter regulator activity,M1,1,0
1,-2.1,GO:0005496,steroid binding,M1,1,0
1,-2.5,GO:0061617,MICOS complex,M1,1,0
1,-4.4,GO:0005840,ribosome,M1,1,0
1,-2.7,GO:0032813,tumor necrosis factor receptor superfamily binding,M1,1,0
1,-3.1,GO:0005164,tumor necrosis factor receptor binding,M1,1,0
1,-2,GO:0016881,acid-amino acid ligase activity,M1,1,0
1,-3.8,GO:0045239,tricarboxylic acid cycle heteromeric enzyme complex,M1,1,0
1,-2.1,GO:0071806,protein transmembrane transport,M1,1,0
1,-3.6,GO:0022832,voltage-gated channel activity,M1,1,0
1,-3.7,GO:0005315,phosphate transmembrane transporter activity,M1,1,0
1,-12,GO:0006753,nucleoside phosphate metabolic process,M1,1,0
1,-4.3,GO:0009206,purine ribonucleoside triphosphate biosynthetic process,M1,1,0
1,-3.6,GO:0030425,dendrite,M1,1,0
1,-2.3,GO:0035634,response to stilbenoid,M1,1,0
1,-4.4,GO:0015866,ADP transport,M1,1,0
1,-5.7,GO:0099160,postsynaptic intermediate filament cytoskeleton,M1,1,0
1,-2.6,GO:0001881,receptor recycling,M1,1,0
1,-2.6,GO:0006979,response to oxidative stress,M1,1,0
1,-3.9,GO:0007346,regulation of mitotic cell cycle,M1,1,0
1,-3.1,GO:2001234,negative regulation of apoptotic signaling pathway,M1,1,0
1,-2.6,GO:0046982,protein heterodimerization activity,M1,1,0
1,-3.6,GO:0086001,cardiac muscle cell action potential,M1,1,0
1,-2.8,GO:0032266,phosphatidylinositol-3-phosphate binding,M1,1,0
1,-2.9,GO:1901875,positive regulation of post-translational protein modification,M1,1,0
1,-2.1,GO:0032465,regulation of cytokinesis,M1,1,0
1,-4.9,GO:0051604,protein maturation,M1,1,0
1,-2.9,GO:0035435,phosphate ion transmembrane transport,M1,1,0
1,-2.5,GO:0043490,malate-aspartate shuttle,M1,1,0
1,-2.2,GO:0016741,"transferase activity, transferring one-carbon groups",M1,1,0
1,-2.2,GO:0016234,inclusion body,M1,1,0
1,-2.4,GO:0032259,methylation,M1,1,0
1,-2.6,GO:0051409,response to nitrosative stress,M1,1,0
1,-2.6,GO:0008079,translation termination factor activity,M1,1,0
1,-2.4,GO:0032981,mitochondrial respiratory chain complex I assembly,M1,1,0
1,-2.1,GO:0015868,purine ribonucleotide transport,M1,1,0
1,-3.5,GO:0016462,pyrophosphatase activity,M1,1,0
1,-11,GO:0005761,mitochondrial ribosome,M1,1,0
1,-2.4,GO:0060048,cardiac muscle contraction,M1,1,0
1,-2.1,GO:0016779,nucleotidyltransferase activity,M1,1,0
1,-2.5,GO:0006364,rRNA processing,M1,1,0
1,-3.7,GO:0061630,ubiquitin protein ligase activity,M1,1,0
1,-4,GO:0006520,amino acid metabolic process,M1,1,0
1,-2.4,hsa04142,Lysosome,M1,1,0
1,-2,GO:0019842,vitamin binding,M1,1,0
1,-8.3,GO:0090407,organophosphate biosynthetic process,M1,1,0
1,-9.2,GO:0007005,mitochondrion organization,M1,1,0
1,-4.2,GO:0009145,purine nucleoside triphosphate biosynthetic process,M1,1,0
1,-2.4,hsa05169,Epstein-Barr virus infection,M1,1,0
1,-18,GO:0015980,energy derivation by oxidation of organic compounds,M1,1,0
1,-2.4,GO:0006103,2-oxoglutarate metabolic process,M1,1,0
1,-3.9,GO:0018193,peptidyl-amino acid modification,M1,1,0
1,-2.3,GO:0046902,regulation of mitochondrial membrane permeability,M1,1,0
1,-2.1,GO:0030246,carbohydrate binding,M1,1,0
1,-3.7,GO:0004449,isocitrate dehydrogenase (NAD+) activity,M1,1,0
1,-2.4,GO:0030242,autophagy of peroxisome,M1,1,0
1,-2,GO:0044804,nucleophagy,M1,1,0
1,-3.7,GO:0045242,isocitrate dehydrogenase complex (NAD+),M1,1,0
1,-3.3,GO:0006783,heme biosynthetic process,M1,1,0
1,-9.1,hsa04714,Thermogenesis,M1,1,0
1,-3.1,hsa04217,Necroptosis,M1,1,0
1,-2.4,GO:0101002,ficolin-1-rich granule,M1,1,0
1,-9.9,hsa04932,Non-alcoholic fatty liver disease,M1,1,0
1,-2.4,GO:0061337,cardiac conduction,M1,1,0
1,-2.5,GO:0006397,mRNA processing,M1,1,0
1,-5.5,GO:0043632,modification-dependent macromolecule catabolic process,M1,1,0
1,-6.5,GO:0034703,cation channel complex,M1,1,0
1,-2,GO:0140657,ATP-dependent activity,M1,1,0
1,-2.2,GO:0090559,regulation of membrane permeability,M1,1,0
1,-2,GO:0140056,organelle localization by membrane tethering,M1,1,0
1,-3,GO:0004111,creatine kinase activity,M1,1,0
1,-3.3,GO:0140021,mitochondrial ADP transmembrane transport,M1,1,0
1,-4,GO:0033108,mitochondrial respiratory chain complex assembly,M1,1,0
1,-6.7,GO:0009141,nucleoside triphosphate metabolic process,M1,1,0
1,-2.1,GO:0043112,receptor metabolic process,M1,1,0
1,-2.4,GO:0010008,endosome membrane,M1,1,0
1,-2.1,GO:0005742,mitochondrial outer membrane translocase complex,M1,1,0
1,-30,GO:0005743,mitochondrial inner membrane,M1,1,0
1,-2.1,GO:0061718,glucose catabolic process to pyruvate,M1,1,0
1,-2.9,GO:0016614,"oxidoreductase activity, acting on CH-OH group of donors",M1,1,0
1,-2.8,GO:0031667,response to nutrient levels,M1,1,0
1,-4.1,hsa00330,Arginine and proline metabolism,M1,1,0
1,-4.3,GO:0046390,ribose phosphate biosynthetic process,M1,1,0
1,-2.4,GO:0010257,NADH dehydrogenase complex assembly,M1,1,0
1,-4.2,GO:0022843,voltage-gated monoatomic cation channel activity,M1,1,0
1,-3,GO:0017111,ribonucleoside triphosphate phosphatase activity,M1,1,0
1,-2.6,GO:0015605,organophosphate ester transmembrane transporter activity,M1,1,0
